[{"pk": 1, "model": "auth.permission", "fields": {"codename": "add_logentry", "name": "Can add log entry", "content_type": 1}}, {"pk": 2, "model": "auth.permission", "fields": {"codename": "change_logentry", "name": "Can change log entry", "content_type": 1}}, {"pk": 3, "model": "auth.permission", "fields": {"codename": "delete_logentry", "name": "Can delete log entry", "content_type": 1}}, {"pk": 7, "model": "auth.permission", "fields": {"codename": "add_group", "name": "Can add group", "content_type": 3}}, {"pk": 13, "model": "auth.permission", "fields": {"codename": "add_message", "name": "Can add message", "content_type": 5}}, {"pk": 4, "model": "auth.permission", "fields": {"codename": "add_permission", "name": "Can add permission", "content_type": 2}}, {"pk": 10, "model": "auth.permission", "fields": {"codename": "add_user", "name": "Can add user", "content_type": 4}}, {"pk": 8, "model": "auth.permission", "fields": {"codename": "change_group", "name": "Can change group", "content_type": 3}}, {"pk": 14, "model": "auth.permission", "fields": {"codename": "change_message", "name": "Can change message", "content_type": 5}}, {"pk": 5, "model": "auth.permission", "fields": {"codename": "change_permission", "name": "Can change permission", "content_type": 2}}, {"pk": 11, "model": "auth.permission", "fields": {"codename": "change_user", "name": "Can change user", "content_type": 4}}, {"pk": 9, "model": "auth.permission", "fields": {"codename": "delete_group", "name": "Can delete group", "content_type": 3}}, {"pk": 15, "model": "auth.permission", "fields": {"codename": "delete_message", "name": "Can delete message", "content_type": 5}}, {"pk": 6, "model": "auth.permission", "fields": {"codename": "delete_permission", "name": "Can delete permission", "content_type": 2}}, {"pk": 12, "model": "auth.permission", "fields": {"codename": "delete_user", "name": "Can delete user", "content_type": 4}}, {"pk": 28, "model": "auth.permission", "fields": {"codename": "add_comment", "name": "Can add comment", "content_type": 10}}, {"pk": 32, "model": "auth.permission", "fields": {"codename": "add_commentflag", "name": "Can add comment flag", "content_type": 11}}, {"pk": 31, "model": "auth.permission", "fields": {"codename": "can_moderate", "name": "Can moderate comments", "content_type": 10}}, {"pk": 29, "model": "auth.permission", "fields": {"codename": "change_comment", "name": "Can change comment", "content_type": 10}}, {"pk": 33, "model": "auth.permission", "fields": {"codename": "change_commentflag", "name": "Can change comment flag", "content_type": 11}}, {"pk": 30, "model": "auth.permission", "fields": {"codename": "delete_comment", "name": "Can delete comment", "content_type": 10}}, {"pk": 34, "model": "auth.permission", "fields": {"codename": "delete_commentflag", "name": "Can delete comment flag", "content_type": 11}}, {"pk": 16, "model": "auth.permission", "fields": {"codename": "add_contenttype", "name": "Can add content type", "content_type": 6}}, {"pk": 17, "model": "auth.permission", "fields": {"codename": "change_contenttype", "name": "Can change content type", "content_type": 6}}, {"pk": 18, "model": "auth.permission", "fields": {"codename": "delete_contenttype", "name": "Can delete content type", "content_type": 6}}, {"pk": 25, "model": "auth.permission", "fields": {"codename": "add_flatpage", "name": "Can add flat page", "content_type": 9}}, {"pk": 26, "model": "auth.permission", "fields": {"codename": "change_flatpage", "name": "Can change flat page", "content_type": 9}}, {"pk": 27, "model": "auth.permission", "fields": {"codename": "delete_flatpage", "name": "Can delete flat page", "content_type": 9}}, {"pk": 35, "model": "auth.permission", "fields": {"codename": "add_application", "name": "Can add application", "content_type": 12}}, {"pk": 50, "model": "auth.permission", "fields": {"codename": "add_basecontent", "name": "Can add base content", "content_type": 17}}, {"pk": 44, "model": "auth.permission", "fields": {"codename": "add_contenttyperegistration", "name": "Can add content type registration", "content_type": 15}}, {"pk": 59, "model": "auth.permission", "fields": {"codename": "add_file", "name": "Can add file", "content_type": 20}}, {"pk": 56, "model": "auth.permission", "fields": {"codename": "add_image", "name": "Can add image", "content_type": 19}}, {"pk": 62, "model": "auth.permission", "fields": {"codename": "add_navigationportlet", "name": "Can add navigation portlet", "content_type": 21}}, {"pk": 53, "model": "auth.permission", "fields": {"codename": "add_page", "name": "Can add page", "content_type": 18}}, {"pk": 65, "model": "auth.permission", "fields": {"codename": "add_pagesportlet", "name": "Can add pages portlet", "content_type": 22}}, {"pk": 47, "model": "auth.permission", "fields": {"codename": "add_portal", "name": "Can add portal", "content_type": 16}}, {"pk": 68, "model": "auth.permission", "fields": {"codename": "add_randomportlet", "name": "Can add random portlet", "content_type": 23}}, {"pk": 41, "model": "auth.permission", "fields": {"codename": "add_template", "name": "Can add template", "content_type": 14}}, {"pk": 71, "model": "auth.permission", "fields": {"codename": "add_textportlet", "name": "Can add text portlet", "content_type": 24}}, {"pk": 38, "model": "auth.permission", "fields": {"codename": "add_workflowstatesinformation", "name": "Can add workflow states information", "content_type": 13}}, {"pk": 36, "model": "auth.permission", "fields": {"codename": "change_application", "name": "Can change application", "content_type": 12}}, {"pk": 51, "model": "auth.permission", "fields": {"codename": "change_basecontent", "name": "Can change base content", "content_type": 17}}, {"pk": 45, "model": "auth.permission", "fields": {"codename": "change_contenttyperegistration", "name": "Can change content type registration", "content_type": 15}}, {"pk": 60, "model": "auth.permission", "fields": {"codename": "change_file", "name": "Can change file", "content_type": 20}}, {"pk": 57, "model": "auth.permission", "fields": {"codename": "change_image", "name": "Can change image", "content_type": 19}}, {"pk": 63, "model": "auth.permission", "fields": {"codename": "change_navigationportlet", "name": "Can change navigation portlet", "content_type": 21}}, {"pk": 54, "model": "auth.permission", "fields": {"codename": "change_page", "name": "Can change page", "content_type": 18}}, {"pk": 66, "model": "auth.permission", "fields": {"codename": "change_pagesportlet", "name": "Can change pages portlet", "content_type": 22}}, {"pk": 48, "model": "auth.permission", "fields": {"codename": "change_portal", "name": "Can change portal", "content_type": 16}}, {"pk": 69, "model": "auth.permission", "fields": {"codename": "change_randomportlet", "name": "Can change random portlet", "content_type": 23}}, {"pk": 42, "model": "auth.permission", "fields": {"codename": "change_template", "name": "Can change template", "content_type": 14}}, {"pk": 72, "model": "auth.permission", "fields": {"codename": "change_textportlet", "name": "Can change text portlet", "content_type": 24}}, {"pk": 39, "model": "auth.permission", "fields": {"codename": "change_workflowstatesinformation", "name": "Can change workflow states information", "content_type": 13}}, {"pk": 37, "model": "auth.permission", "fields": {"codename": "delete_application", "name": "Can delete application", "content_type": 12}}, {"pk": 52, "model": "auth.permission", "fields": {"codename": "delete_basecontent", "name": "Can delete base content", "content_type": 17}}, {"pk": 46, "model": "auth.permission", "fields": {"codename": "delete_contenttyperegistration", "name": "Can delete content type registration", "content_type": 15}}, {"pk": 61, "model": "auth.permission", "fields": {"codename": "delete_file", "name": "Can delete file", "content_type": 20}}, {"pk": 58, "model": "auth.permission", "fields": {"codename": "delete_image", "name": "Can delete image", "content_type": 19}}, {"pk": 64, "model": "auth.permission", "fields": {"codename": "delete_navigationportlet", "name": "Can delete navigation portlet", "content_type": 21}}, {"pk": 55, "model": "auth.permission", "fields": {"codename": "delete_page", "name": "Can delete page", "content_type": 18}}, {"pk": 67, "model": "auth.permission", "fields": {"codename": "delete_pagesportlet", "name": "Can delete pages portlet", "content_type": 22}}, {"pk": 49, "model": "auth.permission", "fields": {"codename": "delete_portal", "name": "Can delete portal", "content_type": 16}}, {"pk": 70, "model": "auth.permission", "fields": {"codename": "delete_randomportlet", "name": "Can delete random portlet", "content_type": 23}}, {"pk": 43, "model": "auth.permission", "fields": {"codename": "delete_template", "name": "Can delete template", "content_type": 14}}, {"pk": 73, "model": "auth.permission", "fields": {"codename": "delete_textportlet", "name": "Can delete text portlet", "content_type": 24}}, {"pk": 40, "model": "auth.permission", "fields": {"codename": "delete_workflowstatesinformation", "name": "Can delete workflow states information", "content_type": 13}}, {"pk": 134, "model": "auth.permission", "fields": {"codename": "add_news", "name": "Can add News feed", "content_type": 45}}, {"pk": 137, "model": "auth.permission", "fields": {"codename": "add_newsentry", "name": "Can add News entry", "content_type": 46}}, {"pk": 140, "model": "auth.permission", "fields": {"codename": "add_newsportlet", "name": "Can add news portlet", "content_type": 47}}, {"pk": 135, "model": "auth.permission", "fields": {"codename": "change_news", "name": "Can change News feed", "content_type": 45}}, {"pk": 138, "model": "auth.permission", "fields": {"codename": "change_newsentry", "name": "Can change News entry", "content_type": 46}}, {"pk": 141, "model": "auth.permission", "fields": {"codename": "change_newsportlet", "name": "Can change news portlet", "content_type": 47}}, {"pk": 136, "model": "auth.permission", "fields": {"codename": "delete_news", "name": "Can delete News feed", "content_type": 45}}, {"pk": 139, "model": "auth.permission", "fields": {"codename": "delete_newsentry", "name": "Can delete News entry", "content_type": 46}}, {"pk": 142, "model": "auth.permission", "fields": {"codename": "delete_newsportlet", "name": "Can delete news portlet", "content_type": 47}}, {"pk": 122, "model": "auth.permission", "fields": {"codename": "add_objectpermission", "name": "Can add object permission", "content_type": 41}}, {"pk": 125, "model": "auth.permission", "fields": {"codename": "add_objectpermissioninheritanceblock", "name": "Can add object permission inheritance block", "content_type": 42}}, {"pk": 119, "model": "auth.permission", "fields": {"codename": "add_permission", "name": "Can add permission", "content_type": 40}}, {"pk": 131, "model": "auth.permission", "fields": {"codename": "add_principalrolerelation", "name": "Can add principal role relation", "content_type": 44}}, {"pk": 128, "model": "auth.permission", "fields": {"codename": "add_role", "name": "Can add role", "content_type": 43}}, {"pk": 123, "model": "auth.permission", "fields": {"codename": "change_objectpermission", "name": "Can change object permission", "content_type": 41}}, {"pk": 126, "model": "auth.permission", "fields": {"codename": "change_objectpermissioninheritanceblock", "name": "Can change object permission inheritance block", "content_type": 42}}, {"pk": 120, "model": "auth.permission", "fields": {"codename": "change_permission", "name": "Can change permission", "content_type": 40}}, {"pk": 132, "model": "auth.permission", "fields": {"codename": "change_principalrolerelation", "name": "Can change principal role relation", "content_type": 44}}, {"pk": 129, "model": "auth.permission", "fields": {"codename": "change_role", "name": "Can change role", "content_type": 43}}, {"pk": 124, "model": "auth.permission", "fields": {"codename": "delete_objectpermission", "name": "Can delete object permission", "content_type": 41}}, {"pk": 127, "model": "auth.permission", "fields": {"codename": "delete_objectpermissioninheritanceblock", "name": "Can delete object permission inheritance block", "content_type": 42}}, {"pk": 121, "model": "auth.permission", "fields": {"codename": "delete_permission", "name": "Can delete permission", "content_type": 40}}, {"pk": 133, "model": "auth.permission", "fields": {"codename": "delete_principalrolerelation", "name": "Can delete principal role relation", "content_type": 44}}, {"pk": 130, "model": "auth.permission", "fields": {"codename": "delete_role", "name": "Can delete role", "content_type": 43}}, {"pk": 74, "model": "auth.permission", "fields": {"codename": "add_portletassignment", "name": "Can add portlet assignment", "content_type": 25}}, {"pk": 77, "model": "auth.permission", "fields": {"codename": "add_portletblocking", "name": "Can add portlet blocking", "content_type": 26}}, {"pk": 80, "model": "auth.permission", "fields": {"codename": "add_portletregistration", "name": "Can add portlet registration", "content_type": 27}}, {"pk": 83, "model": "auth.permission", "fields": {"codename": "add_slot", "name": "Can add slot", "content_type": 28}}, {"pk": 75, "model": "auth.permission", "fields": {"codename": "change_portletassignment", "name": "Can change portlet assignment", "content_type": 25}}, {"pk": 78, "model": "auth.permission", "fields": {"codename": "change_portletblocking", "name": "Can change portlet blocking", "content_type": 26}}, {"pk": 81, "model": "auth.permission", "fields": {"codename": "change_portletregistration", "name": "Can change portlet registration", "content_type": 27}}, {"pk": 84, "model": "auth.permission", "fields": {"codename": "change_slot", "name": "Can change slot", "content_type": 28}}, {"pk": 76, "model": "auth.permission", "fields": {"codename": "delete_portletassignment", "name": "Can delete portlet assignment", "content_type": 25}}, {"pk": 79, "model": "auth.permission", "fields": {"codename": "delete_portletblocking", "name": "Can delete portlet blocking", "content_type": 26}}, {"pk": 82, "model": "auth.permission", "fields": {"codename": "delete_portletregistration", "name": "Can delete portlet registration", "content_type": 27}}, {"pk": 85, "model": "auth.permission", "fields": {"codename": "delete_slot", "name": "Can delete slot", "content_type": 28}}, {"pk": 143, "model": "auth.permission", "fields": {"codename": "add_scrollablecontainer", "name": "Can add Scrollable Container", "content_type": 48}}, {"pk": 149, "model": "auth.permission", "fields": {"codename": "add_scrollablenavigatorportlet", "name": "Can add scrollable navigator portlet", "content_type": 50}}, {"pk": 146, "model": "auth.permission", "fields": {"codename": "add_scrollablepart", "name": "Can add Scrollable Part", "content_type": 49}}, {"pk": 144, "model": "auth.permission", "fields": {"codename": "change_scrollablecontainer", "name": "Can change Scrollable Container", "content_type": 48}}, {"pk": 150, "model": "auth.permission", "fields": {"codename": "change_scrollablenavigatorportlet", "name": "Can change scrollable navigator portlet", "content_type": 50}}, {"pk": 147, "model": "auth.permission", "fields": {"codename": "change_scrollablepart", "name": "Can change Scrollable Part", "content_type": 49}}, {"pk": 145, "model": "auth.permission", "fields": {"codename": "delete_scrollablecontainer", "name": "Can delete Scrollable Container", "content_type": 48}}, {"pk": 151, "model": "auth.permission", "fields": {"codename": "delete_scrollablenavigatorportlet", "name": "Can delete scrollable navigator portlet", "content_type": 50}}, {"pk": 148, "model": "auth.permission", "fields": {"codename": "delete_scrollablepart", "name": "Can delete Scrollable Part", "content_type": 49}}, {"pk": 19, "model": "auth.permission", "fields": {"codename": "add_session", "name": "Can add session", "content_type": 7}}, {"pk": 20, "model": "auth.permission", "fields": {"codename": "change_session", "name": "Can change session", "content_type": 7}}, {"pk": 21, "model": "auth.permission", "fields": {"codename": "delete_session", "name": "Can delete session", "content_type": 7}}, {"pk": 22, "model": "auth.permission", "fields": {"codename": "add_site", "name": "Can add site", "content_type": 8}}, {"pk": 23, "model": "auth.permission", "fields": {"codename": "change_site", "name": "Can change site", "content_type": 8}}, {"pk": 24, "model": "auth.permission", "fields": {"codename": "delete_site", "name": "Can delete site", "content_type": 8}}, {"pk": 86, "model": "auth.permission", "fields": {"codename": "add_tag", "name": "Can add tag", "content_type": 29}}, {"pk": 89, "model": "auth.permission", "fields": {"codename": "add_taggeditem", "name": "Can add tagged item", "content_type": 30}}, {"pk": 87, "model": "auth.permission", "fields": {"codename": "change_tag", "name": "Can change tag", "content_type": 29}}, {"pk": 90, "model": "auth.permission", "fields": {"codename": "change_taggeditem", "name": "Can change tagged item", "content_type": 30}}, {"pk": 88, "model": "auth.permission", "fields": {"codename": "delete_tag", "name": "Can delete tag", "content_type": 29}}, {"pk": 91, "model": "auth.permission", "fields": {"codename": "delete_taggeditem", "name": "Can delete tagged item", "content_type": 30}}, {"pk": 95, "model": "auth.permission", "fields": {"codename": "add_state", "name": "Can add state", "content_type": 32}}, {"pk": 113, "model": "auth.permission", "fields": {"codename": "add_stateinheritanceblock", "name": "Can add state inheritance block", "content_type": 38}}, {"pk": 101, "model": "auth.permission", "fields": {"codename": "add_stateobjectrelation", "name": "Can add state object relation", "content_type": 34}}, {"pk": 116, "model": "auth.permission", "fields": {"codename": "add_statepermissionrelation", "name": "Can add state permission relation", "content_type": 39}}, {"pk": 98, "model": "auth.permission", "fields": {"codename": "add_transition", "name": "Can add transition", "content_type": 33}}, {"pk": 92, "model": "auth.permission", "fields": {"codename": "add_workflow", "name": "Can add workflow", "content_type": 31}}, {"pk": 107, "model": "auth.permission", "fields": {"codename": "add_workflowmodelrelation", "name": "Can add workflow model relation", "content_type": 36}}, {"pk": 104, "model": "auth.permission", "fields": {"codename": "add_workflowobjectrelation", "name": "Can add workflow object relation", "content_type": 35}}, {"pk": 110, "model": "auth.permission", "fields": {"codename": "add_workflowpermissionrelation", "name": "Can add workflow permission relation", "content_type": 37}}, {"pk": 96, "model": "auth.permission", "fields": {"codename": "change_state", "name": "Can change state", "content_type": 32}}, {"pk": 114, "model": "auth.permission", "fields": {"codename": "change_stateinheritanceblock", "name": "Can change state inheritance block", "content_type": 38}}, {"pk": 102, "model": "auth.permission", "fields": {"codename": "change_stateobjectrelation", "name": "Can change state object relation", "content_type": 34}}, {"pk": 117, "model": "auth.permission", "fields": {"codename": "change_statepermissionrelation", "name": "Can change state permission relation", "content_type": 39}}, {"pk": 99, "model": "auth.permission", "fields": {"codename": "change_transition", "name": "Can change transition", "content_type": 33}}, {"pk": 93, "model": "auth.permission", "fields": {"codename": "change_workflow", "name": "Can change workflow", "content_type": 31}}, {"pk": 108, "model": "auth.permission", "fields": {"codename": "change_workflowmodelrelation", "name": "Can change workflow model relation", "content_type": 36}}, {"pk": 105, "model": "auth.permission", "fields": {"codename": "change_workflowobjectrelation", "name": "Can change workflow object relation", "content_type": 35}}, {"pk": 111, "model": "auth.permission", "fields": {"codename": "change_workflowpermissionrelation", "name": "Can change workflow permission relation", "content_type": 37}}, {"pk": 97, "model": "auth.permission", "fields": {"codename": "delete_state", "name": "Can delete state", "content_type": 32}}, {"pk": 115, "model": "auth.permission", "fields": {"codename": "delete_stateinheritanceblock", "name": "Can delete state inheritance block", "content_type": 38}}, {"pk": 103, "model": "auth.permission", "fields": {"codename": "delete_stateobjectrelation", "name": "Can delete state object relation", "content_type": 34}}, {"pk": 118, "model": "auth.permission", "fields": {"codename": "delete_statepermissionrelation", "name": "Can delete state permission relation", "content_type": 39}}, {"pk": 100, "model": "auth.permission", "fields": {"codename": "delete_transition", "name": "Can delete transition", "content_type": 33}}, {"pk": 94, "model": "auth.permission", "fields": {"codename": "delete_workflow", "name": "Can delete workflow", "content_type": 31}}, {"pk": 109, "model": "auth.permission", "fields": {"codename": "delete_workflowmodelrelation", "name": "Can delete workflow model relation", "content_type": 36}}, {"pk": 106, "model": "auth.permission", "fields": {"codename": "delete_workflowobjectrelation", "name": "Can delete workflow object relation", "content_type": 35}}, {"pk": 112, "model": "auth.permission", "fields": {"codename": "delete_workflowpermissionrelation", "name": "Can delete workflow permission relation", "content_type": 37}}, {"pk": 1, "model": "auth.user", "fields": {"username": "admin", "first_name": "", "last_name": "", "is_active": 1, "is_superuser": 1, "is_staff": 1, "last_login": "2011-02-25 16:09:07", "groups": [], "user_permissions": [], "password": "sha1$62670$92d73cae5bc28e9a377acfa6daeb37cc796a4a46", "email": "admin@kidness.ru", "date_joined": "2011-02-25 16:08:24"}}, {"pk": 12, "model": "contenttypes.contenttype", "fields": {"model": "application", "name": "application", "app_label": "lfc"}}, {"pk": 17, "model": "contenttypes.contenttype", "fields": {"model": "basecontent", "name": "base content", "app_label": "lfc"}}, {"pk": 10, "model": "contenttypes.contenttype", "fields": {"model": "comment", "name": "comment", "app_label": "comments"}}, {"pk": 11, "model": "contenttypes.contenttype", "fields": {"model": "commentflag", "name": "comment flag", "app_label": "comments"}}, {"pk": 6, "model": "contenttypes.contenttype", "fields": {"model": "contenttype", "name": "content type", "app_label": "contenttypes"}}, {"pk": 15, "model": "contenttypes.contenttype", "fields": {"model": "contenttyperegistration", "name": "content type registration", "app_label": "lfc"}}, {"pk": 20, "model": "contenttypes.contenttype", "fields": {"model": "file", "name": "file", "app_label": "lfc"}}, {"pk": 9, "model": "contenttypes.contenttype", "fields": {"model": "flatpage", "name": "flat page", "app_label": "flatpages"}}, {"pk": 3, "model": "contenttypes.contenttype", "fields": {"model": "group", "name": "group", "app_label": "auth"}}, {"pk": 19, "model": "contenttypes.contenttype", "fields": {"model": "image", "name": "image", "app_label": "lfc"}}, {"pk": 1, "model": "contenttypes.contenttype", "fields": {"model": "logentry", "name": "log entry", "app_label": "admin"}}, {"pk": 5, "model": "contenttypes.contenttype", "fields": {"model": "message", "name": "message", "app_label": "auth"}}, {"pk": 21, "model": "contenttypes.contenttype", "fields": {"model": "navigationportlet", "name": "navigation portlet", "app_label": "lfc"}}, {"pk": 46, "model": "contenttypes.contenttype", "fields": {"model": "newsentry", "name": "News entry", "app_label": "lfc_news"}}, {"pk": 45, "model": "contenttypes.contenttype", "fields": {"model": "news", "name": "News feed", "app_label": "lfc_news"}}, {"pk": 47, "model": "contenttypes.contenttype", "fields": {"model": "newsportlet", "name": "news portlet", "app_label": "lfc_news"}}, {"pk": 41, "model": "contenttypes.contenttype", "fields": {"model": "objectpermission", "name": "object permission", "app_label": "permissions"}}, {"pk": 42, "model": "contenttypes.contenttype", "fields": {"model": "objectpermissioninheritanceblock", "name": "object permission inheritance block", "app_label": "permissions"}}, {"pk": 18, "model": "contenttypes.contenttype", "fields": {"model": "page", "name": "page", "app_label": "lfc"}}, {"pk": 22, "model": "contenttypes.contenttype", "fields": {"model": "pagesportlet", "name": "pages portlet", "app_label": "lfc"}}, {"pk": 2, "model": "contenttypes.contenttype", "fields": {"model": "permission", "name": "permission", "app_label": "auth"}}, {"pk": 40, "model": "contenttypes.contenttype", "fields": {"model": "permission", "name": "permission", "app_label": "permissions"}}, {"pk": 16, "model": "contenttypes.contenttype", "fields": {"model": "portal", "name": "portal", "app_label": "lfc"}}, {"pk": 25, "model": "contenttypes.contenttype", "fields": {"model": "portletassignment", "name": "portlet assignment", "app_label": "portlets"}}, {"pk": 26, "model": "contenttypes.contenttype", "fields": {"model": "portletblocking", "name": "portlet blocking", "app_label": "portlets"}}, {"pk": 27, "model": "contenttypes.contenttype", "fields": {"model": "portletregistration", "name": "portlet registration", "app_label": "portlets"}}, {"pk": 44, "model": "contenttypes.contenttype", "fields": {"model": "principalrolerelation", "name": "principal role relation", "app_label": "permissions"}}, {"pk": 23, "model": "contenttypes.contenttype", "fields": {"model": "randomportlet", "name": "random portlet", "app_label": "lfc"}}, {"pk": 43, "model": "contenttypes.contenttype", "fields": {"model": "role", "name": "role", "app_label": "permissions"}}, {"pk": 48, "model": "contenttypes.contenttype", "fields": {"model": "scrollablecontainer", "name": "Scrollable Container", "app_label": "scrollable_parts"}}, {"pk": 50, "model": "contenttypes.contenttype", "fields": {"model": "scrollablenavigatorportlet", "name": "scrollable navigator portlet", "app_label": "scrollable_parts"}}, {"pk": 49, "model": "contenttypes.contenttype", "fields": {"model": "scrollablepart", "name": "Scrollable Part", "app_label": "scrollable_parts"}}, {"pk": 7, "model": "contenttypes.contenttype", "fields": {"model": "session", "name": "session", "app_label": "sessions"}}, {"pk": 8, "model": "contenttypes.contenttype", "fields": {"model": "site", "name": "site", "app_label": "sites"}}, {"pk": 28, "model": "contenttypes.contenttype", "fields": {"model": "slot", "name": "slot", "app_label": "portlets"}}, {"pk": 32, "model": "contenttypes.contenttype", "fields": {"model": "state", "name": "state", "app_label": "workflows"}}, {"pk": 38, "model": "contenttypes.contenttype", "fields": {"model": "stateinheritanceblock", "name": "state inheritance block", "app_label": "workflows"}}, {"pk": 34, "model": "contenttypes.contenttype", "fields": {"model": "stateobjectrelation", "name": "state object relation", "app_label": "workflows"}}, {"pk": 39, "model": "contenttypes.contenttype", "fields": {"model": "statepermissionrelation", "name": "state permission relation", "app_label": "workflows"}}, {"pk": 29, "model": "contenttypes.contenttype", "fields": {"model": "tag", "name": "tag", "app_label": "tagging"}}, {"pk": 30, "model": "contenttypes.contenttype", "fields": {"model": "taggeditem", "name": "tagged item", "app_label": "tagging"}}, {"pk": 14, "model": "contenttypes.contenttype", "fields": {"model": "template", "name": "template", "app_label": "lfc"}}, {"pk": 24, "model": "contenttypes.contenttype", "fields": {"model": "textportlet", "name": "text portlet", "app_label": "lfc"}}, {"pk": 33, "model": "contenttypes.contenttype", "fields": {"model": "transition", "name": "transition", "app_label": "workflows"}}, {"pk": 4, "model": "contenttypes.contenttype", "fields": {"model": "user", "name": "user", "app_label": "auth"}}, {"pk": 31, "model": "contenttypes.contenttype", "fields": {"model": "workflow", "name": "workflow", "app_label": "workflows"}}, {"pk": 36, "model": "contenttypes.contenttype", "fields": {"model": "workflowmodelrelation", "name": "workflow model relation", "app_label": "workflows"}}, {"pk": 35, "model": "contenttypes.contenttype", "fields": {"model": "workflowobjectrelation", "name": "workflow object relation", "app_label": "workflows"}}, {"pk": 37, "model": "contenttypes.contenttype", "fields": {"model": "workflowpermissionrelation", "name": "workflow permission relation", "app_label": "workflows"}}, {"pk": 13, "model": "contenttypes.contenttype", "fields": {"model": "workflowstatesinformation", "name": "workflow states information", "app_label": "lfc"}}, {"pk": "27d5f018a86b1d1b32a791e9138b4a49", "model": "sessions.session", "fields": {"expire_date": "2011-03-11 16:14:58", "session_data": "gAJ9cQEuODYyYjAwMDU5NzdkOTM5ZjBjODVjZmQ4YzEwNWM2ZGI=\n"}}, {"pk": 1, "model": "sites.site", "fields": {"domain": "www.example.com", "name": "www.example.com"}}, {"pk": 1, "model": "lfc.application", "fields": {"name": "scrollable_parts"}}, {"pk": 1, "model": "lfc.workflowstatesinformation", "fields": {"state": 2, "public": 1, "review": 0}}, {"pk": 2, "model": "lfc.workflowstatesinformation", "fields": {"state": 5, "public": 1, "review": 0}}, {"pk": 3, "model": "lfc.workflowstatesinformation", "fields": {"state": 4, "public": 0, "review": 1}}, {"pk": 2, "model": "lfc.template", "fields": {"images_columns": 0, "path": "lfc/templates/article.html", "name": "Article", "children_columns": 0}}, {"pk": 3, "model": "lfc.template", "fields": {"images_columns": 3, "path": "lfc/templates/gallery.html", "name": "Gallery", "children_columns": 0}}, {"pk": 4, "model": "lfc.template", "fields": {"images_columns": 0, "path": "lfc/templates/overview.html", "name": "Overview", "children_columns": 0}}, {"pk": 1, "model": "lfc.template", "fields": {"images_columns": 0, "path": "lfc/templates/plain.html", "name": "Plain", "children_columns": 0}}, {"pk": 5, "model": "lfc.template", "fields": {"images_columns": 0, "path": "lfc/templates/scrollable_overview.html", "name": "Scrollable Overview", "children_columns": 0}}, {"pk": 1, "model": "lfc.contenttyperegistration", "fields": {"display_position": 1, "templates": [2, 3, 4, 1, 5], "global_addable": 1, "name": "Page", "workflow": 2, "display_select_standard": 1, "default_template": 2, "subtypes": [1, 2], "type": "page"}}, {"pk": 2, "model": "lfc.contenttyperegistration", "fields": {"display_position": 1, "templates": [5], "global_addable": 0, "name": "Scrollable Container", "workflow": null, "display_select_standard": 1, "default_template": 5, "subtypes": [3], "type": "scrollablecontainer"}}, {"pk": 3, "model": "lfc.contenttyperegistration", "fields": {"display_position": 1, "templates": [], "global_addable": 0, "name": "Scrollable Part", "workflow": null, "display_select_standard": 1, "default_template": null, "subtypes": [], "type": "scrollablepart"}}, {"pk": 1, "model": "lfc.portal", "fields": {"notification_emails": "", "from_email": "", "allow_comments": 0, "standard": 1, "title": "LFC"}}, {"pk": 1, "model": "lfc.basecontent", "fields": {"meta_keywords": "<tags>", "creator": null, "display_title": 1, "creation_date": "2011-02-25 16:08:37", "canonical": null, "meta_description": "<description>", "end_date": null, "modification_date": "2011-02-25 16:10:07", "title": "Welcome to LFC", "searchable_text": "Welcome to LFC", "template": null, "start_date": null, "description": "", "parent": null, "tags": "", "standard": null, "content_type": "page", "publication_date": null, "slug": "welcome-to-lfc", "exclude_from_navigation": 0, "allow_comments": 1, "language": "0", "exclude_from_search": 0, "position": 10}}, {"pk": 3, "model": "lfc.basecontent", "fields": {"meta_keywords": "<tags>", "creator": 1, "display_title": 1, "creation_date": "2011-02-25 16:10:28", "canonical": null, "meta_description": "<description>", "end_date": null, "modification_date": "2011-02-25 16:10:28", "title": "\u041f\u0440\u043e\u0433\u0440\u0430\u043c\u043c\u044b", "searchable_text": "\u041f\u0440\u043e\u0433\u0440\u0430\u043c\u043c\u044b \u043d\u0430\u0448\u0438 \u043f\u0440\u043e\u0433\u0440\u0430\u043c\u043c\u044b", "template": null, "start_date": null, "description": "\u043d\u0430\u0448\u0438 \u043f\u0440\u043e\u0433\u0440\u0430\u043c\u043c\u044b", "parent": 2, "tags": "", "standard": null, "content_type": "scrollablecontainer", "publication_date": null, "slug": "", "exclude_from_navigation": 0, "allow_comments": 1, "language": "ru", "exclude_from_search": 0, "position": 10}}, {"pk": 4, "model": "lfc.basecontent", "fields": {"meta_keywords": "<tags>", "creator": 1, "display_title": 1, "creation_date": "2011-02-25 16:10:53", "canonical": null, "meta_description": "<description>", "end_date": null, "modification_date": "2011-02-25 16:11:53", "title": "\u041f\u0440\u043e\u0433\u0440\u0430\u043c\u043c\u0430 1", "searchable_text": "\u041f\u0440\u043e\u0433\u0440\u0430\u043c\u043c\u0430 1 \u041e\u0442\u0434\u044b\u0445 \u043d\u0430 \u0411\u0430\u043b\u0438 <p>\u0431\u0430\u043b\u0438\u0431\u0430\u043b\u0438 \u0431\u0430\u043b\u0438</p>", "template": null, "start_date": null, "description": "\u041e\u0442\u0434\u044b\u0445 \u043d\u0430 \u0411\u0430\u043b\u0438", "parent": 3, "tags": "\u0431\u0430\u043b\u0438", "standard": null, "content_type": "scrollablepart", "publication_date": null, "slug": "programma-1", "exclude_from_navigation": 0, "allow_comments": 1, "language": "ru", "exclude_from_search": 0, "position": 10}}, {"pk": 5, "model": "lfc.basecontent", "fields": {"meta_keywords": "<tags>", "creator": 1, "display_title": 1, "creation_date": "2011-02-25 16:12:18", "canonical": null, "meta_description": "<description>", "end_date": null, "modification_date": "2011-02-25 16:12:48", "title": "\u041f\u0440\u043e\u0433\u0440\u0430\u043c\u043c\u0430 2", "searchable_text": "\u041f\u0440\u043e\u0433\u0440\u0430\u043c\u043c\u0430 2 \u044b\u0432\u0432\u0430\u044b\u0432 ", "template": null, "start_date": null, "description": "\u044b\u0432\u0432\u0430\u044b\u0432", "parent": 3, "tags": "\u0434\u0430\u0439\u0432\u0438\u043d\u0433, \u0431\u0430\u043b\u0438, ", "standard": null, "content_type": "scrollablepart", "publication_date": null, "slug": "programma-2", "exclude_from_navigation": 0, "allow_comments": 1, "language": "ru", "exclude_from_search": 0, "position": 20}}, {"pk": 2, "model": "lfc.basecontent", "fields": {"meta_keywords": "<tags>", "creator": 1, "display_title": 1, "creation_date": "2011-02-25 16:09:38", "canonical": null, "meta_description": "<description>", "end_date": null, "modification_date": "2011-02-25 16:14:55", "title": "\u041a\u043b\u0443\u0431", "searchable_text": "\u041a\u043b\u0443\u0431 \u043a\u043b\u0443\u0431 \u043a\u043b\u0443\u0431 \u043a\u043b\u0443\u0431", "template": 5, "start_date": null, "description": "\u043a\u043b\u0443\u0431 \u043a\u043b\u0443\u0431 \u043a\u043b\u0443\u0431", "parent": null, "tags": "", "standard": null, "content_type": "page", "publication_date": "2011-02-25 16:14:55", "slug": "klub", "exclude_from_navigation": 0, "allow_comments": 1, "language": "ru", "exclude_from_search": 0, "position": 20}}, {"pk": 6, "model": "lfc.basecontent", "fields": {"meta_keywords": "<tags>", "creator": 1, "display_title": 1, "creation_date": "2011-02-25 16:14:03", "canonical": null, "meta_description": "<description>", "end_date": null, "modification_date": "2011-02-25 16:14:03", "title": "\u041f\u0440\u043e\u0433\u0440\u0430\u043c\u043c\u0430 3", "searchable_text": "\u041f\u0440\u043e\u0433\u0440\u0430\u043c\u043c\u0430 3 \u0444\u044b\u0432\u0444\u044b\u0432\u0444\u044b <p>\u043d\u043e \u0438\u043c\u0435\u0434\u0436</p>", "template": null, "start_date": null, "description": "\u0444\u044b\u0432\u0444\u044b\u0432\u0444\u044b", "parent": 3, "tags": "", "standard": null, "content_type": "scrollablepart", "publication_date": null, "slug": "programma-3", "exclude_from_navigation": 0, "allow_comments": 1, "language": "ru", "exclude_from_search": 0, "position": 30}}, {"pk": 7, "model": "lfc.basecontent", "fields": {"meta_keywords": "<tags>", "creator": 1, "display_title": 1, "creation_date": "2011-02-25 16:14:24", "canonical": null, "meta_description": "<description>", "end_date": null, "modification_date": "2011-02-25 16:14:24", "title": "\u041f\u0440\u043e\u0433\u0440\u0430\u043c\u043c\u0430 4", "searchable_text": "\u041f\u0440\u043e\u0433\u0440\u0430\u043c\u043c\u0430 4 \u044b\u0444\u0432\u0444\u044b\u0432 \u044b\u0444\u0432\u044b\u0444\u0432 <p>\u0444\u044b\u0432\u0444\u044b\u0432 \u0444\u044b\u0432\u0444\u044b\u0432\u0444 \u044b\u0444\u0432\u0444\u044b\u0432\u0444\u044b</p>", "template": null, "start_date": null, "description": "\u044b\u0444\u0432\u0444\u044b\u0432 \u044b\u0444\u0432\u044b\u0444\u0432", "parent": 3, "tags": "", "standard": null, "content_type": "scrollablepart", "publication_date": null, "slug": "programma-4", "exclude_from_navigation": 0, "allow_comments": 1, "language": "ru", "exclude_from_search": 0, "position": 40}}, {"pk": 1, "model": "lfc.page", "fields": {"text": "\n<p>LFC is a CMS based on <a href=\"http://www.python.org/\" target=\"_blank\">Python</a>,\n<a href=\"http://www.djangoproject.com/\" target=\"_blank\">Django</a> and\n<a href=\"http://jquery.com/\" target=\"_blank\">jQuery</a>.</p>\n\n<h2 class=\"middle-heading\">Manage content</h2>\n<p>Go to the <a href=\"/manage/\">management interface</a> in order to manage content.</p>\n\n<h2 class=\"middle-heading\">Information &amp; Help</h2>\n<p>You can find more information and help on following places:</p>\n<ul>\n<li><a href=\"http://www.lfcproject.com\" target=\"_blank\">Official page</a></li>\n<li><a href=\"http://packages.python.org/django-lfc/index.html\" target=\"_blank\">Documentation</a></li>\n<li><a href=\"http://pypi.python.org/pypi/django-lfc\" target=\"_blank\">Releases</a></li>\n<li><a href=\"http://bitbucket.org/diefenbach/django-lfc\" target=\"_blank\">Source code</a></li>\n<li><a href=\"http://groups.google.com/group/django-lfc\" target=\"_blank\">Google Group</a></li>\n<li><a href=\"http://twitter.com/lfcproject\" target=\"_blank\">Twitter</a></li>\n<li><a href=\"irc://irc.freenode.net/django-lfc\" target=\"_blank\">IRC</a></li>\n</ul>\n"}}, {"pk": 2, "model": "lfc.page", "fields": {"text": ""}}, {"pk": 1, "model": "lfc.image", "fields": {"description": "", "title": "\u043f\u0440\u043e\u0434\u0432\u0438\u043d\u0443\u0442\u044b\u0439 \u0434\u0430\u0439\u0432\u0438\u043d\u0433 \u043d\u0430 \u0431\u0430\u043b\u0438", "image": "uploads/\u043f\u0440\u043e\u0434\u0432\u0438\u043d\u0443\u0442\u044b\u0439_\u0434\u0430\u0439\u0432\u0438\u043d\u0433_\u043d\u0430_\u0431\u0430\u043b\u0438______.gif", "creation_date": "2011-02-25 16:11:08", "caption": "", "content_type": 49, "short_description": "", "position": 10, "content_id": 4, "slug": ""}}, {"pk": 2, "model": "lfc.image", "fields": {"description": "", "title": "\u0434\u0430\u0439\u0432\u0438\u043d\u0433_\u0431\u0430\u043b\u0438", "image": "uploads/\u0434\u0430\u0439\u0432\u0438\u043d\u0433_\u0431\u0430\u043b\u0438_.gif", "creation_date": "2011-02-25 16:12:29", "caption": "", "content_type": 49, "short_description": "", "position": 10, "content_id": 5, "slug": ""}}, {"pk": 1, "model": "portlets.portletregistration", "fields": {"active": 1, "type": "navigationportlet", "name": "Navigation"}}, {"pk": 2, "model": "portlets.portletregistration", "fields": {"active": 1, "type": "pagesportlet", "name": "Pages"}}, {"pk": 3, "model": "portlets.portletregistration", "fields": {"active": 1, "type": "randomportlet", "name": "Random"}}, {"pk": 5, "model": "portlets.portletregistration", "fields": {"active": 1, "type": "scrollablenavigatorportlet", "name": "ScrollableNavigator"}}, {"pk": 4, "model": "portlets.portletregistration", "fields": {"active": 1, "type": "textportlet", "name": "Text"}}, {"pk": 1, "model": "portlets.slot", "fields": {"name": "Left"}}, {"pk": 2, "model": "portlets.slot", "fields": {"name": "Right"}}, {"pk": 1, "model": "tagging.tag", "fields": {"name": "\u0431\u0430\u043b\u0438"}}, {"pk": 2, "model": "tagging.tag", "fields": {"name": "\u0434\u0430\u0439\u0432\u0438\u043d\u0433"}}, {"pk": 1, "model": "tagging.taggeditem", "fields": {"tag": 1, "object_id": 4, "content_type": 49}}, {"pk": 2, "model": "tagging.taggeditem", "fields": {"tag": 1, "object_id": 4, "content_type": 17}}, {"pk": 3, "model": "tagging.taggeditem", "fields": {"tag": 1, "object_id": 5, "content_type": 49}}, {"pk": 4, "model": "tagging.taggeditem", "fields": {"tag": 2, "object_id": 5, "content_type": 49}}, {"pk": 5, "model": "tagging.taggeditem", "fields": {"tag": 1, "object_id": 5, "content_type": 17}}, {"pk": 6, "model": "tagging.taggeditem", "fields": {"tag": 2, "object_id": 5, "content_type": 17}}, {"pk": 1, "model": "workflows.workflow", "fields": {"initial_state": 1, "name": "Simple"}}, {"pk": 2, "model": "workflows.workflow", "fields": {"initial_state": 3, "name": "Portal"}}, {"pk": 1, "model": "workflows.state", "fields": {"transitions": [1], "name": "Private", "workflow": 1}}, {"pk": 3, "model": "workflows.state", "fields": {"transitions": [3, 4], "name": "Private", "workflow": 2}}, {"pk": 2, "model": "workflows.state", "fields": {"transitions": [2], "name": "Public", "workflow": 1}}, {"pk": 5, "model": "workflows.state", "fields": {"transitions": [5], "name": "Public", "workflow": 2}}, {"pk": 4, "model": "workflows.state", "fields": {"transitions": [4, 6], "name": "Submitted", "workflow": 2}}, {"pk": 1, "model": "workflows.transition", "fields": {"permission": null, "destination": 2, "name": "Make public", "condition": "", "workflow": 1}}, {"pk": 2, "model": "workflows.transition", "fields": {"permission": null, "destination": 1, "name": "Make private", "condition": "", "workflow": 1}}, {"pk": 3, "model": "workflows.transition", "fields": {"permission": 7, "destination": 4, "name": "Submit", "condition": "", "workflow": 2}}, {"pk": 4, "model": "workflows.transition", "fields": {"permission": 6, "destination": 5, "name": "Make public", "condition": "", "workflow": 2}}, {"pk": 5, "model": "workflows.transition", "fields": {"permission": 3, "destination": 3, "name": "Make private", "condition": "", "workflow": 2}}, {"pk": 6, "model": "workflows.transition", "fields": {"permission": 8, "destination": 3, "name": "Reject", "condition": "", "workflow": 2}}, {"pk": 1, "model": "workflows.stateobjectrelation", "fields": {"state": 5, "content_id": 1, "content_type": 18}}, {"pk": 2, "model": "workflows.stateobjectrelation", "fields": {"state": 5, "content_id": 2, "content_type": 18}}, {"pk": 1, "model": "workflows.workflowmodelrelation", "fields": {"content_type": 18, "workflow": 2}}, {"pk": 1, "model": "workflows.workflowpermissionrelation", "fields": {"permission": 1, "workflow": 1}}, {"pk": 2, "model": "workflows.workflowpermissionrelation", "fields": {"permission": 2, "workflow": 1}}, {"pk": 3, "model": "workflows.workflowpermissionrelation", "fields": {"permission": 3, "workflow": 1}}, {"pk": 4, "model": "workflows.workflowpermissionrelation", "fields": {"permission": 4, "workflow": 1}}, {"pk": 5, "model": "workflows.workflowpermissionrelation", "fields": {"permission": 1, "workflow": 2}}, {"pk": 6, "model": "workflows.workflowpermissionrelation", "fields": {"permission": 2, "workflow": 2}}, {"pk": 7, "model": "workflows.workflowpermissionrelation", "fields": {"permission": 3, "workflow": 2}}, {"pk": 8, "model": "workflows.workflowpermissionrelation", "fields": {"permission": 4, "workflow": 2}}, {"pk": 1, "model": "workflows.stateinheritanceblock", "fields": {"state": 1, "permission": 1}}, {"pk": 2, "model": "workflows.stateinheritanceblock", "fields": {"state": 1, "permission": 2}}, {"pk": 3, "model": "workflows.stateinheritanceblock", "fields": {"state": 1, "permission": 3}}, {"pk": 4, "model": "workflows.stateinheritanceblock", "fields": {"state": 1, "permission": 4}}, {"pk": 5, "model": "workflows.stateinheritanceblock", "fields": {"state": 2, "permission": 1}}, {"pk": 6, "model": "workflows.stateinheritanceblock", "fields": {"state": 2, "permission": 2}}, {"pk": 7, "model": "workflows.stateinheritanceblock", "fields": {"state": 2, "permission": 3}}, {"pk": 8, "model": "workflows.stateinheritanceblock", "fields": {"state": 2, "permission": 4}}, {"pk": 9, "model": "workflows.stateinheritanceblock", "fields": {"state": 3, "permission": 1}}, {"pk": 10, "model": "workflows.stateinheritanceblock", "fields": {"state": 3, "permission": 2}}, {"pk": 11, "model": "workflows.stateinheritanceblock", "fields": {"state": 3, "permission": 3}}, {"pk": 12, "model": "workflows.stateinheritanceblock", "fields": {"state": 3, "permission": 4}}, {"pk": 13, "model": "workflows.stateinheritanceblock", "fields": {"state": 4, "permission": 1}}, {"pk": 14, "model": "workflows.stateinheritanceblock", "fields": {"state": 4, "permission": 2}}, {"pk": 15, "model": "workflows.stateinheritanceblock", "fields": {"state": 4, "permission": 3}}, {"pk": 16, "model": "workflows.stateinheritanceblock", "fields": {"state": 4, "permission": 4}}, {"pk": 17, "model": "workflows.stateinheritanceblock", "fields": {"state": 5, "permission": 1}}, {"pk": 18, "model": "workflows.stateinheritanceblock", "fields": {"state": 5, "permission": 2}}, {"pk": 19, "model": "workflows.stateinheritanceblock", "fields": {"state": 5, "permission": 3}}, {"pk": 1, "model": "workflows.statepermissionrelation", "fields": {"state": 1, "role": 2, "permission": 1}}, {"pk": 2, "model": "workflows.statepermissionrelation", "fields": {"state": 1, "role": 2, "permission": 2}}, {"pk": 3, "model": "workflows.statepermissionrelation", "fields": {"state": 1, "role": 2, "permission": 3}}, {"pk": 4, "model": "workflows.statepermissionrelation", "fields": {"state": 1, "role": 2, "permission": 4}}, {"pk": 5, "model": "workflows.statepermissionrelation", "fields": {"state": 1, "role": 6, "permission": 1}}, {"pk": 6, "model": "workflows.statepermissionrelation", "fields": {"state": 1, "role": 6, "permission": 2}}, {"pk": 7, "model": "workflows.statepermissionrelation", "fields": {"state": 1, "role": 6, "permission": 3}}, {"pk": 8, "model": "workflows.statepermissionrelation", "fields": {"state": 1, "role": 6, "permission": 4}}, {"pk": 9, "model": "workflows.statepermissionrelation", "fields": {"state": 2, "role": 1, "permission": 4}}, {"pk": 10, "model": "workflows.statepermissionrelation", "fields": {"state": 2, "role": 3, "permission": 4}}, {"pk": 11, "model": "workflows.statepermissionrelation", "fields": {"state": 2, "role": 4, "permission": 4}}, {"pk": 12, "model": "workflows.statepermissionrelation", "fields": {"state": 2, "role": 5, "permission": 4}}, {"pk": 13, "model": "workflows.statepermissionrelation", "fields": {"state": 2, "role": 2, "permission": 1}}, {"pk": 14, "model": "workflows.statepermissionrelation", "fields": {"state": 2, "role": 2, "permission": 2}}, {"pk": 15, "model": "workflows.statepermissionrelation", "fields": {"state": 2, "role": 2, "permission": 3}}, {"pk": 16, "model": "workflows.statepermissionrelation", "fields": {"state": 2, "role": 2, "permission": 4}}, {"pk": 17, "model": "workflows.statepermissionrelation", "fields": {"state": 2, "role": 6, "permission": 1}}, {"pk": 18, "model": "workflows.statepermissionrelation", "fields": {"state": 2, "role": 6, "permission": 2}}, {"pk": 19, "model": "workflows.statepermissionrelation", "fields": {"state": 2, "role": 6, "permission": 3}}, {"pk": 20, "model": "workflows.statepermissionrelation", "fields": {"state": 2, "role": 6, "permission": 4}}, {"pk": 21, "model": "workflows.statepermissionrelation", "fields": {"state": 3, "role": 2, "permission": 1}}, {"pk": 22, "model": "workflows.statepermissionrelation", "fields": {"state": 3, "role": 2, "permission": 2}}, {"pk": 23, "model": "workflows.statepermissionrelation", "fields": {"state": 3, "role": 2, "permission": 3}}, {"pk": 24, "model": "workflows.statepermissionrelation", "fields": {"state": 3, "role": 2, "permission": 4}}, {"pk": 25, "model": "workflows.statepermissionrelation", "fields": {"state": 3, "role": 6, "permission": 1}}, {"pk": 26, "model": "workflows.statepermissionrelation", "fields": {"state": 3, "role": 6, "permission": 2}}, {"pk": 27, "model": "workflows.statepermissionrelation", "fields": {"state": 3, "role": 6, "permission": 3}}, {"pk": 28, "model": "workflows.statepermissionrelation", "fields": {"state": 3, "role": 6, "permission": 4}}, {"pk": 29, "model": "workflows.statepermissionrelation", "fields": {"state": 3, "role": 3, "permission": 1}}, {"pk": 30, "model": "workflows.statepermissionrelation", "fields": {"state": 3, "role": 3, "permission": 2}}, {"pk": 31, "model": "workflows.statepermissionrelation", "fields": {"state": 3, "role": 3, "permission": 3}}, {"pk": 32, "model": "workflows.statepermissionrelation", "fields": {"state": 3, "role": 3, "permission": 4}}, {"pk": 33, "model": "workflows.statepermissionrelation", "fields": {"state": 4, "role": 2, "permission": 4}}, {"pk": 34, "model": "workflows.statepermissionrelation", "fields": {"state": 4, "role": 6, "permission": 1}}, {"pk": 35, "model": "workflows.statepermissionrelation", "fields": {"state": 4, "role": 6, "permission": 2}}, {"pk": 36, "model": "workflows.statepermissionrelation", "fields": {"state": 4, "role": 6, "permission": 3}}, {"pk": 37, "model": "workflows.statepermissionrelation", "fields": {"state": 4, "role": 6, "permission": 4}}, {"pk": 38, "model": "workflows.statepermissionrelation", "fields": {"state": 4, "role": 3, "permission": 1}}, {"pk": 39, "model": "workflows.statepermissionrelation", "fields": {"state": 4, "role": 3, "permission": 2}}, {"pk": 40, "model": "workflows.statepermissionrelation", "fields": {"state": 4, "role": 3, "permission": 3}}, {"pk": 41, "model": "workflows.statepermissionrelation", "fields": {"state": 4, "role": 3, "permission": 4}}, {"pk": 42, "model": "workflows.statepermissionrelation", "fields": {"state": 4, "role": 5, "permission": 4}}, {"pk": 43, "model": "workflows.statepermissionrelation", "fields": {"state": 5, "role": 6, "permission": 1}}, {"pk": 44, "model": "workflows.statepermissionrelation", "fields": {"state": 5, "role": 6, "permission": 2}}, {"pk": 45, "model": "workflows.statepermissionrelation", "fields": {"state": 5, "role": 6, "permission": 3}}, {"pk": 46, "model": "workflows.statepermissionrelation", "fields": {"state": 5, "role": 6, "permission": 4}}, {"pk": 47, "model": "workflows.statepermissionrelation", "fields": {"state": 5, "role": 3, "permission": 1}}, {"pk": 48, "model": "workflows.statepermissionrelation", "fields": {"state": 5, "role": 3, "permission": 2}}, {"pk": 49, "model": "workflows.statepermissionrelation", "fields": {"state": 5, "role": 3, "permission": 3}}, {"pk": 50, "model": "workflows.statepermissionrelation", "fields": {"state": 5, "role": 3, "permission": 4}}, {"pk": 51, "model": "workflows.statepermissionrelation", "fields": {"state": 5, "role": 2, "permission": 4}}, {"pk": 52, "model": "workflows.statepermissionrelation", "fields": {"state": 5, "role": 4, "permission": 4}}, {"pk": 53, "model": "workflows.statepermissionrelation", "fields": {"state": 5, "role": 5, "permission": 4}}, {"pk": 1, "model": "permissions.permission", "fields": {"content_types": [], "codename": "add", "name": "Add"}}, {"pk": 2, "model": "permissions.permission", "fields": {"content_types": [], "codename": "delete", "name": "Delete"}}, {"pk": 3, "model": "permissions.permission", "fields": {"content_types": [], "codename": "edit", "name": "Edit"}}, {"pk": 4, "model": "permissions.permission", "fields": {"content_types": [], "codename": "view", "name": "View"}}, {"pk": 5, "model": "permissions.permission", "fields": {"content_types": [], "codename": "manage_content", "name": "Manage content"}}, {"pk": 6, "model": "permissions.permission", "fields": {"content_types": [], "codename": "publish", "name": "Publish"}}, {"pk": 7, "model": "permissions.permission", "fields": {"content_types": [], "codename": "submit", "name": "Submit"}}, {"pk": 8, "model": "permissions.permission", "fields": {"content_types": [], "codename": "reject", "name": "Reject"}}, {"pk": 9, "model": "permissions.permission", "fields": {"content_types": [6], "codename": "manage_portal", "name": "Manage portal"}}, {"pk": 10, "model": "permissions.permission", "fields": {"content_types": [6], "codename": "review", "name": "Review"}}, {"pk": 1, "model": "permissions.objectpermission", "fields": {"content_id": 1, "role": 1, "content_type": 16, "permission": 4}}, {"pk": 2, "model": "permissions.objectpermission", "fields": {"content_id": 1, "role": 3, "content_type": 16, "permission": 1}}, {"pk": 3, "model": "permissions.objectpermission", "fields": {"content_id": 1, "role": 3, "content_type": 16, "permission": 2}}, {"pk": 4, "model": "permissions.objectpermission", "fields": {"content_id": 1, "role": 3, "content_type": 16, "permission": 4}}, {"pk": 5, "model": "permissions.objectpermission", "fields": {"content_id": 1, "role": 3, "content_type": 16, "permission": 3}}, {"pk": 6, "model": "permissions.objectpermission", "fields": {"content_id": 1, "role": 6, "content_type": 16, "permission": 1}}, {"pk": 7, "model": "permissions.objectpermission", "fields": {"content_id": 1, "role": 6, "content_type": 16, "permission": 2}}, {"pk": 8, "model": "permissions.objectpermission", "fields": {"content_id": 1, "role": 6, "content_type": 16, "permission": 3}}, {"pk": 9, "model": "permissions.objectpermission", "fields": {"content_id": 1, "role": 6, "content_type": 16, "permission": 9}}, {"pk": 10, "model": "permissions.objectpermission", "fields": {"content_id": 1, "role": 6, "content_type": 16, "permission": 5}}, {"pk": 11, "model": "permissions.objectpermission", "fields": {"content_id": 1, "role": 6, "content_type": 16, "permission": 4}}, {"pk": 12, "model": "permissions.objectpermission", "fields": {"content_id": 1, "role": 6, "content_type": 16, "permission": 7}}, {"pk": 13, "model": "permissions.objectpermission", "fields": {"content_id": 1, "role": 6, "content_type": 16, "permission": 8}}, {"pk": 14, "model": "permissions.objectpermission", "fields": {"content_id": 1, "role": 6, "content_type": 16, "permission": 10}}, {"pk": 15, "model": "permissions.objectpermission", "fields": {"content_id": 1, "role": 6, "content_type": 16, "permission": 6}}, {"pk": 16, "model": "permissions.objectpermission", "fields": {"content_id": 1, "role": 2, "content_type": 16, "permission": 1}}, {"pk": 17, "model": "permissions.objectpermission", "fields": {"content_id": 1, "role": 2, "content_type": 16, "permission": 2}}, {"pk": 18, "model": "permissions.objectpermission", "fields": {"content_id": 1, "role": 2, "content_type": 16, "permission": 3}}, {"pk": 19, "model": "permissions.objectpermission", "fields": {"content_id": 1, "role": 2, "content_type": 16, "permission": 8}}, {"pk": 20, "model": "permissions.objectpermission", "fields": {"content_id": 1, "role": 2, "content_type": 16, "permission": 7}}, {"pk": 21, "model": "permissions.objectpermission", "fields": {"content_id": 1, "role": 2, "content_type": 16, "permission": 4}}, {"pk": 22, "model": "permissions.objectpermission", "fields": {"content_id": 1, "role": 4, "content_type": 16, "permission": 4}}, {"pk": 23, "model": "permissions.objectpermission", "fields": {"content_id": 1, "role": 5, "content_type": 16, "permission": 4}}, {"pk": 24, "model": "permissions.objectpermission", "fields": {"content_id": 1, "role": 5, "content_type": 16, "permission": 6}}, {"pk": 25, "model": "permissions.objectpermission", "fields": {"content_id": 1, "role": 5, "content_type": 16, "permission": 8}}, {"pk": 26, "model": "permissions.objectpermission", "fields": {"content_id": 1, "role": 5, "content_type": 16, "permission": 10}}, {"pk": 42, "model": "permissions.objectpermission", "fields": {"content_id": 1, "role": 6, "content_type": 18, "permission": 4}}, {"pk": 41, "model": "permissions.objectpermission", "fields": {"content_id": 1, "role": 6, "content_type": 18, "permission": 3}}, {"pk": 40, "model": "permissions.objectpermission", "fields": {"content_id": 1, "role": 6, "content_type": 18, "permission": 2}}, {"pk": 39, "model": "permissions.objectpermission", "fields": {"content_id": 1, "role": 6, "content_type": 18, "permission": 1}}, {"pk": 46, "model": "permissions.objectpermission", "fields": {"content_id": 1, "role": 3, "content_type": 18, "permission": 4}}, {"pk": 45, "model": "permissions.objectpermission", "fields": {"content_id": 1, "role": 3, "content_type": 18, "permission": 3}}, {"pk": 44, "model": "permissions.objectpermission", "fields": {"content_id": 1, "role": 3, "content_type": 18, "permission": 2}}, {"pk": 43, "model": "permissions.objectpermission", "fields": {"content_id": 1, "role": 3, "content_type": 18, "permission": 1}}, {"pk": 65, "model": "permissions.objectpermission", "fields": {"content_id": 2, "role": 6, "content_type": 18, "permission": 4}}, {"pk": 49, "model": "permissions.objectpermission", "fields": {"content_id": 1, "role": 5, "content_type": 18, "permission": 4}}, {"pk": 48, "model": "permissions.objectpermission", "fields": {"content_id": 1, "role": 4, "content_type": 18, "permission": 4}}, {"pk": 47, "model": "permissions.objectpermission", "fields": {"content_id": 1, "role": 2, "content_type": 18, "permission": 4}}, {"pk": 64, "model": "permissions.objectpermission", "fields": {"content_id": 2, "role": 6, "content_type": 18, "permission": 3}}, {"pk": 63, "model": "permissions.objectpermission", "fields": {"content_id": 2, "role": 6, "content_type": 18, "permission": 2}}, {"pk": 62, "model": "permissions.objectpermission", "fields": {"content_id": 2, "role": 6, "content_type": 18, "permission": 1}}, {"pk": 69, "model": "permissions.objectpermission", "fields": {"content_id": 2, "role": 3, "content_type": 18, "permission": 4}}, {"pk": 68, "model": "permissions.objectpermission", "fields": {"content_id": 2, "role": 3, "content_type": 18, "permission": 3}}, {"pk": 67, "model": "permissions.objectpermission", "fields": {"content_id": 2, "role": 3, "content_type": 18, "permission": 2}}, {"pk": 66, "model": "permissions.objectpermission", "fields": {"content_id": 2, "role": 3, "content_type": 18, "permission": 1}}, {"pk": 72, "model": "permissions.objectpermission", "fields": {"content_id": 2, "role": 5, "content_type": 18, "permission": 4}}, {"pk": 71, "model": "permissions.objectpermission", "fields": {"content_id": 2, "role": 4, "content_type": 18, "permission": 4}}, {"pk": 70, "model": "permissions.objectpermission", "fields": {"content_id": 2, "role": 2, "content_type": 18, "permission": 4}}, {"pk": 7, "model": "permissions.objectpermissioninheritanceblock", "fields": {"content_id": 1, "content_type": 18, "permission": 3}}, {"pk": 6, "model": "permissions.objectpermissioninheritanceblock", "fields": {"content_id": 1, "content_type": 18, "permission": 2}}, {"pk": 5, "model": "permissions.objectpermissioninheritanceblock", "fields": {"content_id": 1, "content_type": 18, "permission": 1}}, {"pk": 14, "model": "permissions.objectpermissioninheritanceblock", "fields": {"content_id": 2, "content_type": 18, "permission": 3}}, {"pk": 13, "model": "permissions.objectpermissioninheritanceblock", "fields": {"content_id": 2, "content_type": 18, "permission": 2}}, {"pk": 12, "model": "permissions.objectpermissioninheritanceblock", "fields": {"content_id": 2, "content_type": 18, "permission": 1}}, {"pk": 1, "model": "permissions.role", "fields": {"name": "Anonymous"}}, {"pk": 3, "model": "permissions.role", "fields": {"name": "Editor"}}, {"pk": 6, "model": "permissions.role", "fields": {"name": "Manager"}}, {"pk": 2, "model": "permissions.role", "fields": {"name": "Owner"}}, {"pk": 4, "model": "permissions.role", "fields": {"name": "Reader"}}, {"pk": 5, "model": "permissions.role", "fields": {"name": "Reviewer"}}, {"pk": 3, "model": "scrollable_parts.scrollablecontainer", "fields": {"items_per_page": 3}}, {"pk": 4, "model": "scrollable_parts.scrollablepart", "fields": {"text": "<p>\u0431\u0430\u043b\u0438\u0431\u0430\u043b\u0438 \u0431\u0430\u043b\u0438</p>"}}, {"pk": 5, "model": "scrollable_parts.scrollablepart", "fields": {"text": ""}}, {"pk": 6, "model": "scrollable_parts.scrollablepart", "fields": {"text": "<p>\u043d\u043e \u0438\u043c\u0435\u0434\u0436</p>"}}, {"pk": 7, "model": "scrollable_parts.scrollablepart", "fields": {"text": "<p>\u0444\u044b\u0432\u0444\u044b\u0432 \u0444\u044b\u0432\u0444\u044b\u0432\u0444 \u044b\u0444\u0432\u0444\u044b\u0432\u0444\u044b</p>"}}]
