[{"pk": 1, "model": "auth.permission", "fields": {"codename": "add_logentry", "name": "Can add log entry", "content_type": 1}}, {"pk": 2, "model": "auth.permission", "fields": {"codename": "change_logentry", "name": "Can change log entry", "content_type": 1}}, {"pk": 3, "model": "auth.permission", "fields": {"codename": "delete_logentry", "name": "Can delete log entry", "content_type": 1}}, {"pk": 7, "model": "auth.permission", "fields": {"codename": "add_group", "name": "Can add group", "content_type": 3}}, {"pk": 13, "model": "auth.permission", "fields": {"codename": "add_message", "name": "Can add message", "content_type": 5}}, {"pk": 4, "model": "auth.permission", "fields": {"codename": "add_permission", "name": "Can add permission", "content_type": 2}}, {"pk": 10, "model": "auth.permission", "fields": {"codename": "add_user", "name": "Can add user", "content_type": 4}}, {"pk": 8, "model": "auth.permission", "fields": {"codename": "change_group", "name": "Can change group", "content_type": 3}}, {"pk": 14, "model": "auth.permission", "fields": {"codename": "change_message", "name": "Can change message", "content_type": 5}}, {"pk": 5, "model": "auth.permission", "fields": {"codename": "change_permission", "name": "Can change permission", "content_type": 2}}, {"pk": 11, "model": "auth.permission", "fields": {"codename": "change_user", "name": "Can change user", "content_type": 4}}, {"pk": 9, "model": "auth.permission", "fields": {"codename": "delete_group", "name": "Can delete group", "content_type": 3}}, {"pk": 15, "model": "auth.permission", "fields": {"codename": "delete_message", "name": "Can delete message", "content_type": 5}}, {"pk": 6, "model": "auth.permission", "fields": {"codename": "delete_permission", "name": "Can delete permission", "content_type": 2}}, {"pk": 12, "model": "auth.permission", "fields": {"codename": "delete_user", "name": "Can delete user", "content_type": 4}}, {"pk": 28, "model": "auth.permission", "fields": {"codename": "add_comment", "name": "Can add comment", "content_type": 10}}, {"pk": 32, "model": "auth.permission", "fields": {"codename": "add_commentflag", "name": "Can add comment flag", "content_type": 11}}, {"pk": 31, "model": "auth.permission", "fields": {"codename": "can_moderate", "name": "Can moderate comments", "content_type": 10}}, {"pk": 29, "model": "auth.permission", "fields": {"codename": "change_comment", "name": "Can change comment", "content_type": 10}}, {"pk": 33, "model": "auth.permission", "fields": {"codename": "change_commentflag", "name": "Can change comment flag", "content_type": 11}}, {"pk": 30, "model": "auth.permission", "fields": {"codename": "delete_comment", "name": "Can delete comment", "content_type": 10}}, {"pk": 34, "model": "auth.permission", "fields": {"codename": "delete_commentflag", "name": "Can delete comment flag", "content_type": 11}}, {"pk": 16, "model": "auth.permission", "fields": {"codename": "add_contenttype", "name": "Can add content type", "content_type": 6}}, {"pk": 17, "model": "auth.permission", "fields": {"codename": "change_contenttype", "name": "Can change content type", "content_type": 6}}, {"pk": 18, "model": "auth.permission", "fields": {"codename": "delete_contenttype", "name": "Can delete content type", "content_type": 6}}, {"pk": 25, "model": "auth.permission", "fields": {"codename": "add_flatpage", "name": "Can add flat page", "content_type": 9}}, {"pk": 26, "model": "auth.permission", "fields": {"codename": "change_flatpage", "name": "Can change flat page", "content_type": 9}}, {"pk": 27, "model": "auth.permission", "fields": {"codename": "delete_flatpage", "name": "Can delete flat page", "content_type": 9}}, {"pk": 35, "model": "auth.permission", "fields": {"codename": "add_application", "name": "Can add application", "content_type": 12}}, {"pk": 50, "model": "auth.permission", "fields": {"codename": "add_basecontent", "name": "Can add base content", "content_type": 17}}, {"pk": 44, "model": "auth.permission", "fields": {"codename": "add_contenttyperegistration", "name": "Can add content type registration", "content_type": 15}}, {"pk": 59, "model": "auth.permission", "fields": {"codename": "add_file", "name": "Can add file", "content_type": 20}}, {"pk": 56, "model": "auth.permission", "fields": {"codename": "add_image", "name": "Can add image", "content_type": 19}}, {"pk": 62, "model": "auth.permission", "fields": {"codename": "add_navigationportlet", "name": "Can add navigation portlet", "content_type": 21}}, {"pk": 53, "model": "auth.permission", "fields": {"codename": "add_page", "name": "Can add page", "content_type": 18}}, {"pk": 65, "model": "auth.permission", "fields": {"codename": "add_pagesportlet", "name": "Can add pages portlet", "content_type": 22}}, {"pk": 47, "model": "auth.permission", "fields": {"codename": "add_portal", "name": "Can add portal", "content_type": 16}}, {"pk": 68, "model": "auth.permission", "fields": {"codename": "add_randomportlet", "name": "Can add random portlet", "content_type": 23}}, {"pk": 41, "model": "auth.permission", "fields": {"codename": "add_template", "name": "Can add template", "content_type": 14}}, {"pk": 71, "model": "auth.permission", "fields": {"codename": "add_textportlet", "name": "Can add text portlet", "content_type": 24}}, {"pk": 38, "model": "auth.permission", "fields": {"codename": "add_workflowstatesinformation", "name": "Can add workflow states information", "content_type": 13}}, {"pk": 36, "model": "auth.permission", "fields": {"codename": "change_application", "name": "Can change application", "content_type": 12}}, {"pk": 51, "model": "auth.permission", "fields": {"codename": "change_basecontent", "name": "Can change base content", "content_type": 17}}, {"pk": 45, "model": "auth.permission", "fields": {"codename": "change_contenttyperegistration", "name": "Can change content type registration", "content_type": 15}}, {"pk": 60, "model": "auth.permission", "fields": {"codename": "change_file", "name": "Can change file", "content_type": 20}}, {"pk": 57, "model": "auth.permission", "fields": {"codename": "change_image", "name": "Can change image", "content_type": 19}}, {"pk": 63, "model": "auth.permission", "fields": {"codename": "change_navigationportlet", "name": "Can change navigation portlet", "content_type": 21}}, {"pk": 54, "model": "auth.permission", "fields": {"codename": "change_page", "name": "Can change page", "content_type": 18}}, {"pk": 66, "model": "auth.permission", "fields": {"codename": "change_pagesportlet", "name": "Can change pages portlet", "content_type": 22}}, {"pk": 48, "model": "auth.permission", "fields": {"codename": "change_portal", "name": "Can change portal", "content_type": 16}}, {"pk": 69, "model": "auth.permission", "fields": {"codename": "change_randomportlet", "name": "Can change random portlet", "content_type": 23}}, {"pk": 42, "model": "auth.permission", "fields": {"codename": "change_template", "name": "Can change template", "content_type": 14}}, {"pk": 72, "model": "auth.permission", "fields": {"codename": "change_textportlet", "name": "Can change text portlet", "content_type": 24}}, {"pk": 39, "model": "auth.permission", "fields": {"codename": "change_workflowstatesinformation", "name": "Can change workflow states information", "content_type": 13}}, {"pk": 37, "model": "auth.permission", "fields": {"codename": "delete_application", "name": "Can delete application", "content_type": 12}}, {"pk": 52, "model": "auth.permission", "fields": {"codename": "delete_basecontent", "name": "Can delete base content", "content_type": 17}}, {"pk": 46, "model": "auth.permission", "fields": {"codename": "delete_contenttyperegistration", "name": "Can delete content type registration", "content_type": 15}}, {"pk": 61, "model": "auth.permission", "fields": {"codename": "delete_file", "name": "Can delete file", "content_type": 20}}, {"pk": 58, "model": "auth.permission", "fields": {"codename": "delete_image", "name": "Can delete image", "content_type": 19}}, {"pk": 64, "model": "auth.permission", "fields": {"codename": "delete_navigationportlet", "name": "Can delete navigation portlet", "content_type": 21}}, {"pk": 55, "model": "auth.permission", "fields": {"codename": "delete_page", "name": "Can delete page", "content_type": 18}}, {"pk": 67, "model": "auth.permission", "fields": {"codename": "delete_pagesportlet", "name": "Can delete pages portlet", "content_type": 22}}, {"pk": 49, "model": "auth.permission", "fields": {"codename": "delete_portal", "name": "Can delete portal", "content_type": 16}}, {"pk": 70, "model": "auth.permission", "fields": {"codename": "delete_randomportlet", "name": "Can delete random portlet", "content_type": 23}}, {"pk": 43, "model": "auth.permission", "fields": {"codename": "delete_template", "name": "Can delete template", "content_type": 14}}, {"pk": 73, "model": "auth.permission", "fields": {"codename": "delete_textportlet", "name": "Can delete text portlet", "content_type": 24}}, {"pk": 40, "model": "auth.permission", "fields": {"codename": "delete_workflowstatesinformation", "name": "Can delete workflow states information", "content_type": 13}}, {"pk": 143, "model": "auth.permission", "fields": {"codename": "add_event", "name": "Can add event", "content_type": 48}}, {"pk": 146, "model": "auth.permission", "fields": {"codename": "add_eventsportlet", "name": "Can add events portlet", "content_type": 49}}, {"pk": 144, "model": "auth.permission", "fields": {"codename": "change_event", "name": "Can change event", "content_type": 48}}, {"pk": 147, "model": "auth.permission", "fields": {"codename": "change_eventsportlet", "name": "Can change events portlet", "content_type": 49}}, {"pk": 145, "model": "auth.permission", "fields": {"codename": "delete_event", "name": "Can delete event", "content_type": 48}}, {"pk": 148, "model": "auth.permission", "fields": {"codename": "delete_eventsportlet", "name": "Can delete events portlet", "content_type": 49}}, {"pk": 134, "model": "auth.permission", "fields": {"codename": "add_news", "name": "Can add News feed", "content_type": 45}}, {"pk": 137, "model": "auth.permission", "fields": {"codename": "add_newsentry", "name": "Can add News entry", "content_type": 46}}, {"pk": 140, "model": "auth.permission", "fields": {"codename": "add_newsportlet", "name": "Can add news portlet", "content_type": 47}}, {"pk": 135, "model": "auth.permission", "fields": {"codename": "change_news", "name": "Can change News feed", "content_type": 45}}, {"pk": 138, "model": "auth.permission", "fields": {"codename": "change_newsentry", "name": "Can change News entry", "content_type": 46}}, {"pk": 141, "model": "auth.permission", "fields": {"codename": "change_newsportlet", "name": "Can change news portlet", "content_type": 47}}, {"pk": 136, "model": "auth.permission", "fields": {"codename": "delete_news", "name": "Can delete News feed", "content_type": 45}}, {"pk": 139, "model": "auth.permission", "fields": {"codename": "delete_newsentry", "name": "Can delete News entry", "content_type": 46}}, {"pk": 142, "model": "auth.permission", "fields": {"codename": "delete_newsportlet", "name": "Can delete news portlet", "content_type": 47}}, {"pk": 122, "model": "auth.permission", "fields": {"codename": "add_objectpermission", "name": "Can add object permission", "content_type": 41}}, {"pk": 125, "model": "auth.permission", "fields": {"codename": "add_objectpermissioninheritanceblock", "name": "Can add object permission inheritance block", "content_type": 42}}, {"pk": 119, "model": "auth.permission", "fields": {"codename": "add_permission", "name": "Can add permission", "content_type": 40}}, {"pk": 131, "model": "auth.permission", "fields": {"codename": "add_principalrolerelation", "name": "Can add principal role relation", "content_type": 44}}, {"pk": 128, "model": "auth.permission", "fields": {"codename": "add_role", "name": "Can add role", "content_type": 43}}, {"pk": 123, "model": "auth.permission", "fields": {"codename": "change_objectpermission", "name": "Can change object permission", "content_type": 41}}, {"pk": 126, "model": "auth.permission", "fields": {"codename": "change_objectpermissioninheritanceblock", "name": "Can change object permission inheritance block", "content_type": 42}}, {"pk": 120, "model": "auth.permission", "fields": {"codename": "change_permission", "name": "Can change permission", "content_type": 40}}, {"pk": 132, "model": "auth.permission", "fields": {"codename": "change_principalrolerelation", "name": "Can change principal role relation", "content_type": 44}}, {"pk": 129, "model": "auth.permission", "fields": {"codename": "change_role", "name": "Can change role", "content_type": 43}}, {"pk": 124, "model": "auth.permission", "fields": {"codename": "delete_objectpermission", "name": "Can delete object permission", "content_type": 41}}, {"pk": 127, "model": "auth.permission", "fields": {"codename": "delete_objectpermissioninheritanceblock", "name": "Can delete object permission inheritance block", "content_type": 42}}, {"pk": 121, "model": "auth.permission", "fields": {"codename": "delete_permission", "name": "Can delete permission", "content_type": 40}}, {"pk": 133, "model": "auth.permission", "fields": {"codename": "delete_principalrolerelation", "name": "Can delete principal role relation", "content_type": 44}}, {"pk": 130, "model": "auth.permission", "fields": {"codename": "delete_role", "name": "Can delete role", "content_type": 43}}, {"pk": 74, "model": "auth.permission", "fields": {"codename": "add_portletassignment", "name": "Can add portlet assignment", "content_type": 25}}, {"pk": 77, "model": "auth.permission", "fields": {"codename": "add_portletblocking", "name": "Can add portlet blocking", "content_type": 26}}, {"pk": 80, "model": "auth.permission", "fields": {"codename": "add_portletregistration", "name": "Can add portlet registration", "content_type": 27}}, {"pk": 83, "model": "auth.permission", "fields": {"codename": "add_slot", "name": "Can add slot", "content_type": 28}}, {"pk": 75, "model": "auth.permission", "fields": {"codename": "change_portletassignment", "name": "Can change portlet assignment", "content_type": 25}}, {"pk": 78, "model": "auth.permission", "fields": {"codename": "change_portletblocking", "name": "Can change portlet blocking", "content_type": 26}}, {"pk": 81, "model": "auth.permission", "fields": {"codename": "change_portletregistration", "name": "Can change portlet registration", "content_type": 27}}, {"pk": 84, "model": "auth.permission", "fields": {"codename": "change_slot", "name": "Can change slot", "content_type": 28}}, {"pk": 76, "model": "auth.permission", "fields": {"codename": "delete_portletassignment", "name": "Can delete portlet assignment", "content_type": 25}}, {"pk": 79, "model": "auth.permission", "fields": {"codename": "delete_portletblocking", "name": "Can delete portlet blocking", "content_type": 26}}, {"pk": 82, "model": "auth.permission", "fields": {"codename": "delete_portletregistration", "name": "Can delete portlet registration", "content_type": 27}}, {"pk": 85, "model": "auth.permission", "fields": {"codename": "delete_slot", "name": "Can delete slot", "content_type": 28}}, {"pk": 19, "model": "auth.permission", "fields": {"codename": "add_session", "name": "Can add session", "content_type": 7}}, {"pk": 20, "model": "auth.permission", "fields": {"codename": "change_session", "name": "Can change session", "content_type": 7}}, {"pk": 21, "model": "auth.permission", "fields": {"codename": "delete_session", "name": "Can delete session", "content_type": 7}}, {"pk": 22, "model": "auth.permission", "fields": {"codename": "add_site", "name": "Can add site", "content_type": 8}}, {"pk": 23, "model": "auth.permission", "fields": {"codename": "change_site", "name": "Can change site", "content_type": 8}}, {"pk": 24, "model": "auth.permission", "fields": {"codename": "delete_site", "name": "Can delete site", "content_type": 8}}, {"pk": 86, "model": "auth.permission", "fields": {"codename": "add_tag", "name": "Can add tag", "content_type": 29}}, {"pk": 89, "model": "auth.permission", "fields": {"codename": "add_taggeditem", "name": "Can add tagged item", "content_type": 30}}, {"pk": 87, "model": "auth.permission", "fields": {"codename": "change_tag", "name": "Can change tag", "content_type": 29}}, {"pk": 90, "model": "auth.permission", "fields": {"codename": "change_taggeditem", "name": "Can change tagged item", "content_type": 30}}, {"pk": 88, "model": "auth.permission", "fields": {"codename": "delete_tag", "name": "Can delete tag", "content_type": 29}}, {"pk": 91, "model": "auth.permission", "fields": {"codename": "delete_taggeditem", "name": "Can delete tagged item", "content_type": 30}}, {"pk": 95, "model": "auth.permission", "fields": {"codename": "add_state", "name": "Can add state", "content_type": 32}}, {"pk": 113, "model": "auth.permission", "fields": {"codename": "add_stateinheritanceblock", "name": "Can add state inheritance block", "content_type": 38}}, {"pk": 101, "model": "auth.permission", "fields": {"codename": "add_stateobjectrelation", "name": "Can add state object relation", "content_type": 34}}, {"pk": 116, "model": "auth.permission", "fields": {"codename": "add_statepermissionrelation", "name": "Can add state permission relation", "content_type": 39}}, {"pk": 98, "model": "auth.permission", "fields": {"codename": "add_transition", "name": "Can add transition", "content_type": 33}}, {"pk": 92, "model": "auth.permission", "fields": {"codename": "add_workflow", "name": "Can add workflow", "content_type": 31}}, {"pk": 107, "model": "auth.permission", "fields": {"codename": "add_workflowmodelrelation", "name": "Can add workflow model relation", "content_type": 36}}, {"pk": 104, "model": "auth.permission", "fields": {"codename": "add_workflowobjectrelation", "name": "Can add workflow object relation", "content_type": 35}}, {"pk": 110, "model": "auth.permission", "fields": {"codename": "add_workflowpermissionrelation", "name": "Can add workflow permission relation", "content_type": 37}}, {"pk": 96, "model": "auth.permission", "fields": {"codename": "change_state", "name": "Can change state", "content_type": 32}}, {"pk": 114, "model": "auth.permission", "fields": {"codename": "change_stateinheritanceblock", "name": "Can change state inheritance block", "content_type": 38}}, {"pk": 102, "model": "auth.permission", "fields": {"codename": "change_stateobjectrelation", "name": "Can change state object relation", "content_type": 34}}, {"pk": 117, "model": "auth.permission", "fields": {"codename": "change_statepermissionrelation", "name": "Can change state permission relation", "content_type": 39}}, {"pk": 99, "model": "auth.permission", "fields": {"codename": "change_transition", "name": "Can change transition", "content_type": 33}}, {"pk": 93, "model": "auth.permission", "fields": {"codename": "change_workflow", "name": "Can change workflow", "content_type": 31}}, {"pk": 108, "model": "auth.permission", "fields": {"codename": "change_workflowmodelrelation", "name": "Can change workflow model relation", "content_type": 36}}, {"pk": 105, "model": "auth.permission", "fields": {"codename": "change_workflowobjectrelation", "name": "Can change workflow object relation", "content_type": 35}}, {"pk": 111, "model": "auth.permission", "fields": {"codename": "change_workflowpermissionrelation", "name": "Can change workflow permission relation", "content_type": 37}}, {"pk": 97, "model": "auth.permission", "fields": {"codename": "delete_state", "name": "Can delete state", "content_type": 32}}, {"pk": 115, "model": "auth.permission", "fields": {"codename": "delete_stateinheritanceblock", "name": "Can delete state inheritance block", "content_type": 38}}, {"pk": 103, "model": "auth.permission", "fields": {"codename": "delete_stateobjectrelation", "name": "Can delete state object relation", "content_type": 34}}, {"pk": 118, "model": "auth.permission", "fields": {"codename": "delete_statepermissionrelation", "name": "Can delete state permission relation", "content_type": 39}}, {"pk": 100, "model": "auth.permission", "fields": {"codename": "delete_transition", "name": "Can delete transition", "content_type": 33}}, {"pk": 94, "model": "auth.permission", "fields": {"codename": "delete_workflow", "name": "Can delete workflow", "content_type": 31}}, {"pk": 109, "model": "auth.permission", "fields": {"codename": "delete_workflowmodelrelation", "name": "Can delete workflow model relation", "content_type": 36}}, {"pk": 106, "model": "auth.permission", "fields": {"codename": "delete_workflowobjectrelation", "name": "Can delete workflow object relation", "content_type": 35}}, {"pk": 112, "model": "auth.permission", "fields": {"codename": "delete_workflowpermissionrelation", "name": "Can delete workflow permission relation", "content_type": 37}}, {"pk": 1, "model": "auth.user", "fields": {"username": "admin", "first_name": "", "last_name": "", "is_active": true, "is_superuser": true, "is_staff": true, "last_login": "2011-02-23 00:32:26", "groups": [], "user_permissions": [], "password": "sha1$de2df$52b3fc9691f8b92c254e0ddad5dd326b1c41b573", "email": "admin@kidness.ru", "date_joined": "2011-02-22 02:55:33"}}, {"pk": 46, "model": "contenttypes.contenttype", "fields": {"model": "newsentry", "name": "News entry", "app_label": "lfc_news"}}, {"pk": 45, "model": "contenttypes.contenttype", "fields": {"model": "news", "name": "News feed", "app_label": "lfc_news"}}, {"pk": 12, "model": "contenttypes.contenttype", "fields": {"model": "application", "name": "application", "app_label": "lfc"}}, {"pk": 17, "model": "contenttypes.contenttype", "fields": {"model": "basecontent", "name": "base content", "app_label": "lfc"}}, {"pk": 50, "model": "contenttypes.contenttype", "fields": {"model": "blogentry", "name": "blog entry", "app_label": "lfc_blog"}}, {"pk": 10, "model": "contenttypes.contenttype", "fields": {"model": "comment", "name": "comment", "app_label": "comments"}}, {"pk": 11, "model": "contenttypes.contenttype", "fields": {"model": "commentflag", "name": "comment flag", "app_label": "comments"}}, {"pk": 6, "model": "contenttypes.contenttype", "fields": {"model": "contenttype", "name": "content type", "app_label": "contenttypes"}}, {"pk": 15, "model": "contenttypes.contenttype", "fields": {"model": "contenttyperegistration", "name": "content type registration", "app_label": "lfc"}}, {"pk": 48, "model": "contenttypes.contenttype", "fields": {"model": "event", "name": "event", "app_label": "lfc_events"}}, {"pk": 49, "model": "contenttypes.contenttype", "fields": {"model": "eventsportlet", "name": "events portlet", "app_label": "lfc_events"}}, {"pk": 20, "model": "contenttypes.contenttype", "fields": {"model": "file", "name": "file", "app_label": "lfc"}}, {"pk": 9, "model": "contenttypes.contenttype", "fields": {"model": "flatpage", "name": "flat page", "app_label": "flatpages"}}, {"pk": 3, "model": "contenttypes.contenttype", "fields": {"model": "group", "name": "group", "app_label": "auth"}}, {"pk": 19, "model": "contenttypes.contenttype", "fields": {"model": "image", "name": "image", "app_label": "lfc"}}, {"pk": 1, "model": "contenttypes.contenttype", "fields": {"model": "logentry", "name": "log entry", "app_label": "admin"}}, {"pk": 5, "model": "contenttypes.contenttype", "fields": {"model": "message", "name": "message", "app_label": "auth"}}, {"pk": 21, "model": "contenttypes.contenttype", "fields": {"model": "navigationportlet", "name": "navigation portlet", "app_label": "lfc"}}, {"pk": 47, "model": "contenttypes.contenttype", "fields": {"model": "newsportlet", "name": "news portlet", "app_label": "lfc_news"}}, {"pk": 41, "model": "contenttypes.contenttype", "fields": {"model": "objectpermission", "name": "object permission", "app_label": "permissions"}}, {"pk": 42, "model": "contenttypes.contenttype", "fields": {"model": "objectpermissioninheritanceblock", "name": "object permission inheritance block", "app_label": "permissions"}}, {"pk": 18, "model": "contenttypes.contenttype", "fields": {"model": "page", "name": "page", "app_label": "lfc"}}, {"pk": 22, "model": "contenttypes.contenttype", "fields": {"model": "pagesportlet", "name": "pages portlet", "app_label": "lfc"}}, {"pk": 2, "model": "contenttypes.contenttype", "fields": {"model": "permission", "name": "permission", "app_label": "auth"}}, {"pk": 40, "model": "contenttypes.contenttype", "fields": {"model": "permission", "name": "permission", "app_label": "permissions"}}, {"pk": 16, "model": "contenttypes.contenttype", "fields": {"model": "portal", "name": "portal", "app_label": "lfc"}}, {"pk": 25, "model": "contenttypes.contenttype", "fields": {"model": "portletassignment", "name": "portlet assignment", "app_label": "portlets"}}, {"pk": 26, "model": "contenttypes.contenttype", "fields": {"model": "portletblocking", "name": "portlet blocking", "app_label": "portlets"}}, {"pk": 27, "model": "contenttypes.contenttype", "fields": {"model": "portletregistration", "name": "portlet registration", "app_label": "portlets"}}, {"pk": 44, "model": "contenttypes.contenttype", "fields": {"model": "principalrolerelation", "name": "principal role relation", "app_label": "permissions"}}, {"pk": 23, "model": "contenttypes.contenttype", "fields": {"model": "randomportlet", "name": "random portlet", "app_label": "lfc"}}, {"pk": 43, "model": "contenttypes.contenttype", "fields": {"model": "role", "name": "role", "app_label": "permissions"}}, {"pk": 7, "model": "contenttypes.contenttype", "fields": {"model": "session", "name": "session", "app_label": "sessions"}}, {"pk": 8, "model": "contenttypes.contenttype", "fields": {"model": "site", "name": "site", "app_label": "sites"}}, {"pk": 28, "model": "contenttypes.contenttype", "fields": {"model": "slot", "name": "slot", "app_label": "portlets"}}, {"pk": 32, "model": "contenttypes.contenttype", "fields": {"model": "state", "name": "state", "app_label": "workflows"}}, {"pk": 38, "model": "contenttypes.contenttype", "fields": {"model": "stateinheritanceblock", "name": "state inheritance block", "app_label": "workflows"}}, {"pk": 34, "model": "contenttypes.contenttype", "fields": {"model": "stateobjectrelation", "name": "state object relation", "app_label": "workflows"}}, {"pk": 39, "model": "contenttypes.contenttype", "fields": {"model": "statepermissionrelation", "name": "state permission relation", "app_label": "workflows"}}, {"pk": 29, "model": "contenttypes.contenttype", "fields": {"model": "tag", "name": "tag", "app_label": "tagging"}}, {"pk": 30, "model": "contenttypes.contenttype", "fields": {"model": "taggeditem", "name": "tagged item", "app_label": "tagging"}}, {"pk": 14, "model": "contenttypes.contenttype", "fields": {"model": "template", "name": "template", "app_label": "lfc"}}, {"pk": 24, "model": "contenttypes.contenttype", "fields": {"model": "textportlet", "name": "text portlet", "app_label": "lfc"}}, {"pk": 33, "model": "contenttypes.contenttype", "fields": {"model": "transition", "name": "transition", "app_label": "workflows"}}, {"pk": 4, "model": "contenttypes.contenttype", "fields": {"model": "user", "name": "user", "app_label": "auth"}}, {"pk": 31, "model": "contenttypes.contenttype", "fields": {"model": "workflow", "name": "workflow", "app_label": "workflows"}}, {"pk": 36, "model": "contenttypes.contenttype", "fields": {"model": "workflowmodelrelation", "name": "workflow model relation", "app_label": "workflows"}}, {"pk": 35, "model": "contenttypes.contenttype", "fields": {"model": "workflowobjectrelation", "name": "workflow object relation", "app_label": "workflows"}}, {"pk": 37, "model": "contenttypes.contenttype", "fields": {"model": "workflowpermissionrelation", "name": "workflow permission relation", "app_label": "workflows"}}, {"pk": 13, "model": "contenttypes.contenttype", "fields": {"model": "workflowstatesinformation", "name": "workflow states information", "app_label": "lfc"}}, {"pk": "9db0797c39fb085aa46875da595121b6", "model": "sessions.session", "fields": {"expire_date": "2011-03-09 00:39:26", "session_data": "gAJ9cQEuODYyYjAwMDU5NzdkOTM5ZjBjODVjZmQ4YzEwNWM2ZGI=\n"}}, {"pk": 1, "model": "sites.site", "fields": {"domain": "www.example.com", "name": "www.example.com"}}, {"pk": 1, "model": "lfc.application", "fields": {"name": "lfc_news"}}, {"pk": 1, "model": "lfc.workflowstatesinformation", "fields": {"state": 2, "public": true, "review": false}}, {"pk": 2, "model": "lfc.workflowstatesinformation", "fields": {"state": 5, "public": true, "review": false}}, {"pk": 3, "model": "lfc.workflowstatesinformation", "fields": {"state": 4, "public": false, "review": true}}, {"pk": 2, "model": "lfc.template", "fields": {"images_columns": 0, "path": "lfc/templates/article.html", "name": "Article", "children_columns": 0}}, {"pk": 3, "model": "lfc.template", "fields": {"images_columns": 3, "path": "lfc/templates/gallery.html", "name": "Gallery", "children_columns": 0}}, {"pk": 5, "model": "lfc.template", "fields": {"images_columns": 0, "path": "lfc/templates/news.html", "name": "News", "children_columns": 0}}, {"pk": 6, "model": "lfc.template", "fields": {"images_columns": 0, "path": "lfc/templates/news_entry.html", "name": "News Entry", "children_columns": 0}}, {"pk": 4, "model": "lfc.template", "fields": {"images_columns": 0, "path": "lfc/templates/overview.html", "name": "Overview", "children_columns": 0}}, {"pk": 1, "model": "lfc.template", "fields": {"images_columns": 0, "path": "lfc/templates/plain.html", "name": "Plain", "children_columns": 0}}, {"pk": 2, "model": "lfc.contenttyperegistration", "fields": {"display_position": true, "templates": [6], "global_addable": false, "name": "Blog Entry", "workflow": null, "display_select_standard": true, "default_template": 6, "subtypes": [], "type": "newsentry"}}, {"pk": 3, "model": "lfc.contenttyperegistration", "fields": {"display_position": true, "templates": [5], "global_addable": true, "name": "News", "workflow": null, "display_select_standard": true, "default_template": 5, "subtypes": [2], "type": "news"}}, {"pk": 1, "model": "lfc.contenttyperegistration", "fields": {"display_position": true, "templates": [2, 3, 4, 1], "global_addable": true, "name": "Page", "workflow": null, "display_select_standard": true, "default_template": 2, "subtypes": [3, 1], "type": "page"}}, {"pk": 1, "model": "lfc.portal", "fields": {"notification_emails": "", "from_email": "", "allow_comments": false, "standard": 1, "title": "LFC"}}, {"pk": 1, "model": "lfc.basecontent", "fields": {"meta_keywords": "<tags>", "creator": 1, "display_title": true, "creation_date": "2011-02-22 02:56:24", "canonical": null, "meta_description": "<description>", "end_date": null, "modification_date": "2011-02-23 00:37:12", "title": "\u041a\u043b\u0443\u0431", "searchable_text": "\u041a\u043b\u0443\u0431", "template": 4, "start_date": null, "description": "", "parent": null, "tags": "", "standard": null, "content_type": "page", "publication_date": null, "slug": "club", "exclude_from_navigation": false, "allow_comments": 1, "language": "0", "exclude_from_search": false, "position": 10}}, {"pk": 5, "model": "lfc.basecontent", "fields": {"meta_keywords": "<tags>", "creator": 1, "display_title": true, "creation_date": "2011-02-22 03:00:01", "canonical": null, "meta_description": "<description>", "end_date": null, "modification_date": "2011-02-22 14:02:08", "title": "\u041d\u043e\u0432\u043e\u0441\u0442\u044c 3", "searchable_text": "\u041d\u043e\u0432\u043e\u0441\u0442\u044c 3 \u0444\u044b\u0432\u0444\u0432 \u0444\u044b\u0432\u0444\u044b\u0432 \u0444\u044b\u0432\u0444\u044b\u0432\u0444\u044b", "template": null, "start_date": null, "description": "\u0444\u044b\u0432\u0444\u0432 \u0444\u044b\u0432\u0444\u044b\u0432 \u0444\u044b\u0432\u0444\u044b\u0432\u0444\u044b", "parent": 2, "tags": "\u0440\u0430\u0437\u0432\u0438\u0442\u0438\u0435", "standard": null, "content_type": "newsentry", "publication_date": null, "slug": "novost-3", "exclude_from_navigation": false, "allow_comments": 1, "language": "ru", "exclude_from_search": false, "position": 10}}, {"pk": 9, "model": "lfc.basecontent", "fields": {"meta_keywords": "<tags>", "creator": 1, "display_title": true, "creation_date": "2011-02-22 18:29:30", "canonical": null, "meta_description": "<description>", "end_date": null, "modification_date": "2011-02-22 18:30:16", "title": "\u041e \u0440\u0430\u0431\u043e\u0442\u0435 \u043a\u043b\u0443\u0431\u0430", "searchable_text": "\u041e \u0440\u0430\u0431\u043e\u0442\u0435 \u043a\u043b\u0443\u0431\u0430 \u0418\u043d\u0444\u043e\u0440\u043c\u0430\u0446\u0438\u044f \u043e \u0440\u0430\u0431\u043e\u0442\u0435 \u043a\u043b\u0443\u0431\u0430 <p>\u041d\u0430\u0448 <strong>\u043a\u043b\u0443\u0431</strong> \u043e\u0442\u043a\u0440\u044b\u0442 \u0441 \u043f\u043e</p>", "template": null, "start_date": null, "description": "\u0418\u043d\u0444\u043e\u0440\u043c\u0430\u0446\u0438\u044f \u043e \u0440\u0430\u0431\u043e\u0442\u0435 \u043a\u043b\u0443\u0431\u0430", "parent": 1, "tags": "\u043a\u043b\u0443\u0431", "standard": null, "content_type": "page", "publication_date": null, "slug": "o-rabote-kluba", "exclude_from_navigation": false, "allow_comments": 1, "language": "0", "exclude_from_search": false, "position": 10}}, {"pk": 11, "model": "lfc.basecontent", "fields": {"meta_keywords": "<tags>", "creator": 1, "display_title": true, "creation_date": "2011-02-23 00:34:37", "canonical": null, "meta_description": "<description>", "end_date": null, "modification_date": "2011-02-23 00:38:56", "title": "\u041f\u0441\u0438\u0445\u043e\u043b\u043e\u0433\u0438\u044f \u0434\u0435\u0442\u0441\u043a\u043e\u0433\u043e \u0444\u0438\u0442\u043d\u0435\u0441\u0430", "searchable_text": "\u041f\u0441\u0438\u0445\u043e\u043b\u043e\u0433\u0438\u044f \u0434\u0435\u0442\u0441\u043a\u043e\u0433\u043e \u0444\u0438\u0442\u043d\u0435\u0441\u0430 \u0412 \u044d\u0442\u043e\u0439 \u0441\u0442\u0430\u0442\u044c\u0435 \u043c\u044b \u0432\u0430\u043c \u0440\u0430\u0441\u0441\u043a\u0430\u0436\u0435\u043c \u043e \u0434\u0435\u0442\u0441\u043a\u043e\u043c \u0444\u0438\u0442\u043d\u0435\u0441\u0435 <p><strong>\u0414\u0435\u0442\u0441\u043a\u0438\u0439 \u0444\u0438\u0442\u043d\u0435\u0441 </strong>\u043f\u043e\u0434\u0440\u0430\u0437\u0443\u043c\u0435\u0432\u0430\u0435\u0442 \u0444\u0438\u0437\u0438\u0447\u0435\u0441\u043a\u0443\u044e \u043f\u043e\u0434\u0433\u043e\u0442\u043e\u0432\u043a\u0443 \u0440\u0435\u0431\u044f\u0442 \u043e\u0442 1,5  \u0434\u043e 15 \u043b\u0435\u0442. \u0422\u0430\u043a\u0430\u044f \u0443\u0441\u043b\u0443\u0433\u0430 \u043f\u043e\u044f\u0432\u0438\u043b\u0430\u0441\u044c \u043d\u0430 \u043d\u0430\u0448\u0435\u043c \u0440\u044b\u043d\u043a\u0435 \u0441\u0440\u0430\u0432\u043d\u0438\u0442\u0435\u043b\u044c\u043d\u043e \u043d\u0435\u0434\u0430\u0432\u043d\u043e \u0438  \u0443\u0436\u0435 \u043f\u043e\u043b\u044c\u0437\u0443\u0435\u0442\u0441\u044f \u0434\u043e\u0441\u0442\u0430\u0442\u043e\u0447\u043d\u043e\u0439 \u043f\u043e\u043f\u0443\u043b\u044f\u0440\u043d\u043e\u0441\u0442\u044c\u044e.<br /> <br /> <strong>\u0414\u0435\u0442\u0441\u043a\u0438\u0439 \u0444\u0438\u0442\u043d\u0435\u0441</strong> - \u044d\u0442\u043e \u0443\u043d\u0438\u043a\u0430\u043b\u044c\u043d\u044b\u0435 \u0437\u0430\u043d\u044f\u0442\u0438\u044f, \u0441\u043e\u0435\u0434\u0438\u043d\u044f\u044e\u0449\u0438\u0435 \u0432 \u0441\u0435\u0431\u0435  \u044d\u043b\u0435\u043c\u0435\u043d\u0442\u044b \u0445\u043e\u0440\u0435\u043e\u0433\u0440\u0430\u0444\u0438\u0438, \u0433\u0438\u043c\u043d\u0430\u0441\u0442\u0438\u043a\u0438, \u0430\u044d\u0440\u043e\u0431\u0438\u043a\u0438, \u0442\u0430\u043d\u0446\u0435\u0432\u0430\u043b\u044c\u043d\u044b\u0445 \u0443\u0440\u043e\u043a\u043e\u0432,  \u0432\u043a\u043b\u044e\u0447\u0430\u044e\u0449\u0438\u0445 \u0440\u0430\u0437\u043b\u0438\u0447\u043d\u044b\u0435 \u0441\u0442\u0438\u043b\u0438 \u0438 \u043d\u0430\u043f\u0440\u0430\u0432\u043b\u0435\u043d\u0438\u044f, \u0439\u043e\u0433\u0438 \u0438 \u0432\u043e\u0441\u0442\u043e\u0447\u043d\u044b\u0445 \u0435\u0434\u0438\u043d\u043e\u0431\u043e\u0440\u0441\u0442\u0432.  \u0424\u0438\u0442\u043d\u0435\u0441 \u0434\u043b\u044f \u0434\u0435\u0442\u0435\u0439 \u0440\u0430\u0437\u0432\u0438\u0432\u0430\u0435\u0442 \u043d\u0435 \u0442\u043e\u043b\u044c\u043a\u043e \u043a\u043e\u043e\u0440\u0434\u0438\u043d\u0430\u0446\u0438\u044e, \u0433\u0438\u0431\u043a\u043e\u0441\u0442\u044c, \u0441\u0438\u043b\u043e\u0432\u044b\u0435  \u043a\u0430\u0447\u0435\u0441\u0442\u0432\u0430, \u043d\u043e \u0438 \u0447\u0443\u0432\u0441\u0442\u0432\u043e \u0440\u0438\u0442\u043c\u0430, \u0430\u0440\u0442\u0438\u0441\u0442\u0438\u0447\u043d\u043e\u0441\u0442\u044c. \u041a\u043e\u0440\u0440\u0435\u043a\u0442\u0438\u0440\u0443\u0435\u0442 \u043e\u0441\u0430\u043d\u043a\u0443, \u0441\u0442\u043e\u043f\u0443  \u043d\u043e\u0433\u0438, \u0432\u0435\u0440\u0445\u043d\u0438\u0439 \u043f\u043b\u0435\u0447\u0435\u0432\u043e\u0439 \u043f\u043e\u044f\u0441.<br /> <br /> \u0414\u0435\u0442\u0441\u043a\u0438\u0439 \u0444\u0438\u0442\u043d\u0435\u0441 - \u044d\u0442\u043e \u0437\u0434\u043e\u0440\u043e\u0432\u044c\u0435 \u0438 \u043e\u0442\u043b\u0438\u0447\u043d\u0430\u044f \u0444\u043e\u0440\u043c\u0430 \u0432\u0430\u0448\u0438\u0445 \u0434\u0435\u0442\u0435\u0439. \u0420\u0435\u0433\u0443\u043b\u044f\u0440\u043d\u044b\u0435  \u0437\u0430\u043d\u044f\u0442\u0438\u044f \u0441\u043f\u043e\u0440\u0442\u043e\u043c \u044f\u0432\u043b\u044f\u044e\u0442\u0441\u044f \u0433\u0430\u0440\u0430\u043d\u0442\u0438\u0435\u0439 \u0442\u043e\u0433\u043e, \u0447\u0442\u043e \u0441 \u0440\u0430\u043d\u043d\u0435\u0433\u043e \u0432\u043e\u0437\u0440\u0430\u0441\u0442\u0430 \u0434\u0435\u0442\u0438  \u0432\u043e\u0441\u043f\u0440\u0438\u043d\u0438\u043c\u0430\u044e\u0442 \u0444\u0438\u0437\u043a\u0443\u043b\u044c\u0442\u0443\u0440\u0443, \u043a\u0430\u043a \u043d\u0435\u043e\u0442\u044a\u0435\u043c\u043b\u0435\u043c\u0443\u044e \u0447\u0430\u0441\u0442\u044c \u0441\u0432\u043e\u0435\u0439 \u0436\u0438\u0437\u043d\u0438. \u0417\u0430\u043d\u044f\u0442\u0438\u044f \u043f\u043e  \u0444\u0438\u0442\u043d\u0435\u0441\u0443 \u043c\u0435\u043d\u0435\u0435 \u0442\u0440\u0430\u0432\u043c\u043e\u043e\u043f\u0430\u0441\u043d\u044b \u0438 \u043d\u0430\u0438\u0431\u043e\u043b\u0435\u0435 \u0438\u043d\u0442\u0435\u0440\u0435\u0441\u043d\u044b \u0434\u043b\u044f \u0434\u0435\u0442\u0435\u0439. \u041f\u043e\u0441\u0435\u0449\u0430\u044f  \u0434\u0435\u0442\u0441\u043a\u0438\u0439 \u0444\u0438\u0442\u043d\u0435\u0441-\u0446\u0435\u043d\u0442\u0440, \u0440\u0435\u0431\u044f\u0442\u0430 \u043f\u043e\u043b\u0443\u0447\u0430\u044e\u0442 \u043e\u043f\u044b\u0442 \u043e\u0431\u0449\u0435\u043d\u0438\u044f \u0441\u043e \u0441\u0432\u0435\u0440\u0441\u0442\u043d\u0438\u043a\u0430\u043c\u0438 \u0438  \u0432\u0437\u0440\u043e\u0441\u043b\u044b\u043c\u0438 \u043d\u0435 \u0438\u0437 \u0441\u0435\u043c\u0435\u0439\u043d\u043e\u0433\u043e \u043a\u0440\u0443\u0433\u0430, \u0438\u0433\u0440\u0430\u044e\u0442, \u0437\u0430\u043d\u0438\u043c\u0430\u044e\u0442\u0441\u044f. \u0417\u0434\u0435\u0441\u044c \u0434\u0435\u0442\u0438  \u0441\u0442\u0430\u043d\u043e\u0432\u044f\u0442\u0441\u044f \u0441\u0430\u043c\u043e\u0441\u0442\u043e\u044f\u0442\u0435\u043b\u044c\u043d\u0435\u0435.<br /> <br /> \u0417\u0430\u043d\u044f\u0442\u0438\u044f \u0437\u0430\u043a\u043b\u0430\u0434\u044b\u0432\u0430\u044e\u0442 \u0444\u0443\u043d\u0434\u0430\u043c\u0435\u043d\u0442 \u0434\u043b\u044f \u0431\u0443\u0434\u0443\u0449\u0435\u0433\u043e \u0444\u0438\u0437\u0438\u0447\u0435\u0441\u043a\u043e\u0433\u043e \u0438  \u043f\u0441\u0438\u0445\u043e\u043b\u043e\u0433\u0438\u0447\u0435\u0441\u043a\u043e\u0433\u043e \u0437\u0434\u043e\u0440\u043e\u0432\u044c\u044f. \u042d\u0442\u043e \u043e\u0442\u043b\u0438\u0447\u043d\u043e\u0435 \u0432\u0440\u0435\u043c\u044f\u043f\u0440\u0435\u043f\u0440\u043e\u0432\u043e\u0436\u0434\u0435\u043d\u0438\u0435, \u0432\u043e\u0437\u043c\u043e\u0436\u043d\u043e\u0441\u0442\u044c  \u0432\u044b\u043f\u043b\u0435\u0441\u043d\u0443\u0442\u044c \u043d\u0430\u043a\u043e\u043f\u0438\u0432\u0448\u0443\u044e\u0441\u044f \u044d\u043d\u0435\u0440\u0433\u0438\u044e, \u043e\u0441\u0432\u043e\u0435\u043d\u0438\u0435 \u0436\u0438\u0437\u043d\u0435\u043d\u043d\u043e \u043d\u0435\u043e\u0431\u0445\u043e\u0434\u0438\u043c\u044b\u0445 \u043d\u0430\u0432\u044b\u043a\u043e\u0432 \u0438  \u0443\u043c\u0435\u043d\u0438\u0439.<br /> <br /> \u041e\u043f\u044b\u0442\u043d\u044b\u0435 \u0438\u043d\u0441\u0442\u0440\u0443\u043a\u0442\u043e\u0440\u044b \u043d\u0430\u0443\u0447\u0430\u0442 \u0434\u0435\u0442\u0435\u0439 \u043a\u0440\u0430\u0441\u0438\u0432\u043e, \u0430 \u0433\u043b\u0430\u0432\u043d\u043e\u0435 \u043c\u043e\u0434\u043d\u043e \u0434\u0432\u0438\u0433\u0430\u0442\u044c\u0441\u044f \u0438  \u0438\u043c\u043f\u0440\u043e\u0432\u0438\u0437\u0438\u0440\u043e\u0432\u0430\u0442\u044c \u043f\u043e\u0434 \u043c\u0443\u0437\u044b\u043a\u0443, \u043f\u043e\u043c\u043e\u0433\u0443\u0442 \u043f\u0440\u0438\u043e\u0431\u0440\u0435\u0441\u0442\u0438 \u0443\u0432\u0435\u0440\u0435\u043d\u043d\u043e\u0441\u0442\u044c \u0432 \u0441\u0435\u0431\u0435! \u0414\u043b\u044f  \u0441\u0430\u043c\u044b\u0445 \u043c\u0430\u043b\u0435\u043d\u044c\u043a\u0438\u0445 \u0434\u0435\u0442\u0435\u0439 \u0444\u0438\u0442\u043d\u0435\u0441-\u0446\u0435\u043d\u0442\u0440 - \u044d\u0442\u043e \u0441\u0432\u043e\u0435\u043e\u0431\u0440\u0430\u0437\u043d\u0430\u044f \u043f\u043e\u0434\u0433\u043e\u0442\u043e\u0432\u043a\u0430 \u043a  \u0434\u0435\u0442\u0441\u043a\u043e\u043c\u0443 \u0441\u0430\u0434\u0438\u043a\u0443: \u0432 \u0434\u0435\u0442\u0441\u043a\u043e\u0439 \u0438\u0433\u0440\u043e\u0432\u043e\u0439 \u043a\u043e\u043c\u043d\u0430\u0442\u0435 \u043c\u0430\u043b\u044b\u0448\u0438 \u043d\u0430\u0445\u043e\u0434\u044f\u0442\u0441\u044f \u0431\u0435\u0437  \u0440\u043e\u0434\u0438\u0442\u0435\u043b\u0435\u0439. \u0414\u043e\u0431\u0440\u043e\u0436\u0435\u043b\u0430\u0442\u0435\u043b\u044c\u043d\u0430\u044f \u0430\u0442\u043c\u043e\u0441\u0444\u0435\u0440\u0430, \u0438\u0433\u0440\u043e\u0432\u0430\u044f \u0441\u0440\u0435\u0434\u0430, \u0443\u0432\u043b\u0435\u043a\u0430\u0442\u0435\u043b\u044c\u043d\u044b\u0435  \u0437\u0430\u043d\u044f\u0442\u0438\u044f \u043f\u043e\u043c\u043e\u0433\u0430\u044e\u0442 \u0434\u0435\u0442\u0438\u0448\u043a\u0430\u043c \u0430\u0434\u0430\u043f\u0442\u0438\u0440\u043e\u0432\u0430\u0442\u044c\u0441\u044f \u043a \u043e\u043a\u0440\u0443\u0436\u0430\u044e\u0449\u0435\u0439 \u043e\u0431\u0441\u0442\u0430\u043d\u043e\u0432\u043a\u0435  \u0441\u0430\u043c\u043e\u0441\u0442\u043e\u044f\u0442\u0435\u043b\u044c\u043d\u043e. \u0412\u043e\u0441\u043f\u0438\u0442\u0430\u043d\u0438\u0435 \u0432 \u0433\u0440\u0443\u043f\u043f\u0435 \u043f\u0440\u0435\u0434\u043f\u043e\u043b\u0430\u0433\u0430\u0435\u0442 \u043e\u0431\u0449\u0435\u043d\u0438\u0435, \u0430 \u043e\u0431\u0449\u0435\u043d\u0438\u0435 -  \u044d\u0442\u043e \u0442\u043e\u0436\u0435 \u0440\u0430\u0437\u0432\u0438\u0442\u0438\u0435!<br /> <br /> <strong>\u041e\u0441\u043d\u043e\u0432\u043d\u044b\u0435 \u043f\u0440\u043e\u0433\u0440\u0430\u043c\u043c\u044b \u0432 \u0434\u0435\u0442\u0441\u043a\u0438\u0445 \u0444\u0438\u0442\u043d\u0435\u0441-\u043a\u043b\u0443\u0431\u0430\u0445</strong><br /> <br /> <strong>\u0425\u043e\u0440\u0435\u043e\u0433\u0440\u0430\u0444\u0438\u044f</strong> - \u044d\u0442\u043e \u0438\u0433\u0440\u043e\u0432\u043e\u0439 \u0443\u0440\u043e\u043a \u0441 \u044d\u043b\u0435\u043c\u0435\u043d\u0442\u0430\u043c\u0438 \u0430\u043a\u0440\u043e\u0431\u0430\u0442\u0438\u043a\u0438,  \u043d\u0430\u043f\u0440\u0430\u0432\u043b\u0435\u043d\u043d\u044b\u0439 \u043d\u0430 \u0440\u0430\u0437\u0432\u0438\u0442\u0438\u0435 \u043b\u043e\u0432\u043a\u043e\u0441\u0442\u0438, \u043a\u043e\u043e\u0440\u0434\u0438\u043d\u0430\u0446\u0438\u0438, \u0431\u044b\u0441\u0442\u0440\u043e\u0442\u044b, \u044d\u0442\u043e \u0442\u0440\u0435\u043d\u0438\u0440\u043e\u0432\u043a\u0430  \u0432\u0441\u0435\u0445 \u0433\u0440\u0443\u043f\u043f \u043c\u044b\u0448\u0446 \u0438 \u0432\u0435\u0441\u0442\u0438\u0431\u0443\u043b\u044f\u0440\u043d\u043e\u0433\u043e \u0430\u043f\u043f\u0430\u0440\u0430\u0442\u0430.<br /> <br /> \u0422\u0430\u043d\u0446\u0435\u0432\u0430\u043b\u044c\u043d\u044b\u0435 \u0443\u0440\u043e\u043a\u0438 \u043f\u0440\u0438\u0432\u0438\u0432\u0430\u044e\u0442 \u043b\u044e\u0431\u043e\u0432\u044c \u043a \u0442\u0430\u043d\u0446\u0430\u043c, \u0432\u044b\u0440\u0430\u0431\u0430\u0442\u044b\u0432\u0430\u0435\u0442\u0441\u044f \u0440\u0430\u0441\u043a\u0440\u0435\u043f\u043e\u0449\u0435\u043d\u043d\u043e\u0441\u0442\u044c, \u043a\u0440\u0430\u0441\u0438\u0432\u0430\u044f \u043f\u043e\u0445\u043e\u0434\u043a\u0430 \u0438 \u043e\u0441\u0430\u043d\u043a\u0430.<br /> <br /> \u0421\u0443\u0449\u0435\u0441\u0442\u0432\u0443\u044e\u0442 \u0441\u043f\u0435\u0446\u0438\u0430\u043b\u044c\u043d\u044b\u0435 \u0432\u0438\u0434\u044b \u0434\u0435\u0442\u0441\u043a\u043e\u0439 \u0430\u044d\u0440\u043e\u0431\u0438\u043a\u0438: \u0437\u0432\u0435\u0440\u043e-\u0430\u044d\u0440\u043e\u0431\u0438\u043a\u0430 - \u0438\u043c\u0438\u0442\u0430\u0446\u0438\u044f  \u0434\u0432\u0438\u0436\u0435\u043d\u0438\u0439 \u0436\u0438\u0432\u043e\u0442\u043d\u044b\u0445; \u043b\u043e\u0433\u043e-\u0430\u044d\u0440\u043e\u0431\u0438\u043a\u0430 - \u0432\u044b\u043f\u043e\u043b\u043d\u0435\u043d\u0438\u0435 \u0444\u0438\u0437\u0438\u0447\u0435\u0441\u043a\u0438\u0445 \u0443\u043f\u0440\u0430\u0436\u043d\u0435\u043d\u0438\u0439 \u0441  \u043e\u0434\u043d\u043e\u0432\u0440\u0435\u043c\u0435\u043d\u043d\u044b\u043c \u043f\u0440\u043e\u0438\u0437\u043d\u043e\u0448\u0435\u043d\u0438\u0435\u043c \u0437\u0432\u0443\u043a\u043e\u0432 \u0438 \u0447\u0435\u0442\u0432\u0435\u0440\u043e\u0441\u0442\u0438\u0448\u0438\u0439.<br /> <br /> <strong>\u041a\u0430\u043f\u043e\u044d\u0439\u0440\u0430</strong> - \u044d\u0442\u043e \u0430\u0444\u0440\u043e-\u0431\u0440\u0430\u0437\u0438\u043b\u044c\u0441\u043a\u0438\u0439 \u0432\u0438\u0434 \u0431\u043e\u0435\u0432\u043e\u0433\u043e \u0438\u0441\u043a\u0443\u0441\u0441\u0442\u0432\u0430, \u0432 \u043a\u043e\u0442\u043e\u0440\u043e\u043c  \u0438\u0441\u043f\u043e\u043b\u044c\u0437\u0443\u0435\u0442\u0441\u044f \u043d\u0435\u043e\u0431\u044b\u0447\u043d\u0430\u044f \u0442\u0435\u0445\u043d\u0438\u043a\u0430 \u0434\u0432\u0438\u0436\u0435\u043d\u0438\u044f \u043d\u043e\u0433, \u0442\u0449\u0430\u0442\u0435\u043b\u044c\u043d\u043e \u043f\u0440\u043e\u0440\u0430\u0431\u043e\u0442\u0430\u043d\u043d\u044b\u0435  \u043f\u0435\u0440\u0435\u043c\u0435\u0449\u0435\u043d\u0438\u044f \u0432 \u043f\u0440\u043e\u0441\u0442\u0440\u0430\u043d\u0441\u0442\u0432\u0435. \u042d\u0442\u043e \u0440\u0430\u0437\u0432\u0438\u0432\u0430\u0435\u0442 \u043a\u043e\u043e\u0440\u0434\u0438\u043d\u0430\u0446\u0438\u044e \u0438 \u043e\u0441\u043d\u043e\u0432\u043d\u044b\u0435  \u0444\u0438\u0437\u0438\u0447\u0435\u0441\u043a\u0438\u0435 \u043a\u0430\u0447\u0435\u0441\u0442\u0432\u0430.<br /> <br /> \u0415\u0449\u0435 \u0432 \u043a\u043b\u0430\u0441\u0441\u0430\u0445 \u0434\u0435\u0442\u0441\u043a\u043e\u0433\u043e \u0444\u0438\u0442\u043d\u0435\u0441\u0430 \u0434\u0435\u0442\u0435\u0439 \u0443\u0447\u0430\u0442 \u043f\u043b\u0430\u0432\u0430\u0442\u044c, \u043b\u0430\u0437\u0438\u0442\u044c \u043f\u043e  \u0432\u0435\u0440\u0442\u0438\u043a\u0430\u043b\u044c\u043d\u044b\u043c \u043f\u043e\u0432\u0435\u0440\u0445\u043d\u043e\u0441\u0442\u044f\u043c (\u0443\u0440\u043e\u043a \u0441\u043a\u0430\u043b\u043e\u043b\u0430\u0437\u0430\u043d\u0438\u044f), \u0435\u0437\u0434\u0438\u0442\u044c \u043d\u0430 \u0432\u0435\u043b\u043e\u0441\u0438\u043f\u0435\u0434\u0435 \u0438  \u0440\u043e\u043b\u0438\u043a\u043e\u0432\u044b\u0445 \u043a\u043e\u043d\u044c\u043a\u0430\u0445.<br /> <br /> \u0414\u0435\u0442\u0441\u043a\u0438\u0439 \u0444\u0438\u0442\u043d\u0435\u0441-\u0443\u0440\u043e\u043a \u043f\u043e\u0434\u0447\u0438\u043d\u0435\u043d \u043f\u0440\u0438\u043d\u0446\u0438\u043f\u0443 \u0431\u0435\u0437\u043e\u043f\u0430\u0441\u043d\u043e\u0441\u0442\u0438. \u0417\u0434\u0435\u0441\u044c \u0442\u0449\u0430\u0442\u0435\u043b\u044c\u043d\u043e  \u043f\u0440\u043e\u0434\u0443\u043c\u0430\u043d\u043d\u0430\u044f \u043f\u0440\u043e\u0433\u0440\u0430\u043c\u043c\u0430 \u0437\u0430\u043d\u044f\u0442\u0438\u0439, \u043f\u043e\u0434\u0431\u043e\u0440 \u0443\u043f\u0440\u0430\u0436\u043d\u0435\u043d\u0438\u0439, \u0443\u0434\u043e\u0431\u043d\u043e\u0435 \u0438 \u0431\u0435\u0437\u043e\u043f\u0430\u0441\u043d\u043e\u0435  \u0441\u043f\u043e\u0440\u0442\u0438\u0432\u043d\u043e\u0435 \u043e\u0431\u043e\u0440\u0443\u0434\u043e\u0432\u0430\u043d\u0438\u0435, \u0432\u044b\u0441\u043e\u043a\u043e\u043a\u0432\u0430\u043b\u0438\u0444\u0438\u0446\u0438\u0440\u043e\u0432\u0430\u043d\u043d\u044b\u0435 \u0438\u043d\u0441\u0442\u0440\u0443\u043a\u0442\u043e\u0440\u044b,  \u043c\u0435\u0434\u0438\u0446\u0438\u043d\u0441\u043a\u0438\u0439 \u043a\u043e\u043d\u0442\u0440\u043e\u043b\u044c. \u041a \u0437\u0430\u043b\u0430\u043c, \u0433\u0434\u0435 \u043f\u0440\u043e\u0432\u043e\u0434\u044f\u0442\u0441\u044f \u0437\u0430\u043d\u044f\u0442\u0438\u044f, \u043f\u0440\u0435\u0434\u044a\u044f\u0432\u043b\u044f\u044e\u0442\u0441\u044f  \u0436\u0435\u0441\u0442\u043a\u0438\u0435 \u0441\u0430\u043d\u0438\u0442\u0430\u0440\u043d\u043e-\u0433\u0438\u0433\u0438\u0435\u043d\u0438\u0447\u0435\u0441\u043a\u0438\u0435 \u0442\u0440\u0435\u0431\u043e\u0432\u0430\u043d\u0438\u044f.<br /> <br /> \u0414\u0435\u0442\u0441\u043a\u0438\u0439 \u0444\u0438\u0442\u043d\u0435\u0441 - \u0443\u0441\u043b\u0443\u0433\u0430 \u043f\u043e\u043b\u0435\u0437\u043d\u0430\u044f \u0438 \u043f\u0435\u0440\u0441\u043f\u0435\u043a\u0442\u0438\u0432\u043d\u0430\u044f, \u043f\u043e\u0441\u043a\u043e\u043b\u044c\u043a\u0443 \u043f\u043e\u043c\u043e\u0433\u0430\u0435\u0442 \u0434\u043e\u043f\u043e\u043b\u0443\u0447\u0438\u0442\u044c \u0442\u043e, \u0447\u0442\u043e \u043d\u0435 \u0445\u0432\u0430\u0442\u0430\u0435\u0442 \u0432 \u0434\u0435\u0442\u0441\u043a\u043e\u043c \u0441\u0430\u0434\u0443 \u0438 \u0432 \u0448\u043a\u043e\u043b\u0435.</p>\n<p>\u0414\u0435\u0442\u0438 \u0432\u0441\u0435\u0433\u0434\u0430 \u0445\u043e\u0442\u044f\u0442 \u0431\u044b\u0442\u044c \u0432\u043e \u0432\u0441\u0435\u043c \u043f\u043e\u0445\u043e\u0436\u0438\u043c\u0438 \u043d\u0430 \u0441\u0432\u043e\u0438\u0445 \u0440\u043e\u0434\u0438\u0442\u0435\u043b\u0435\u0439, \u0445\u043e\u0442\u044f\u0442  \u043f\u0440\u0438\u043d\u0438\u043c\u0430\u0442\u044c \u0430\u043a\u0442\u0438\u0432\u043d\u043e\u0435 \u0443\u0447\u0430\u0441\u0442\u0438\u0435 \u0432 \u0438\u0445 \u0436\u0438\u0437\u043d\u0438, \u0431\u044b\u0442\u044c \u0442\u0430\u043a\u0438\u043c\u0438 \u0436\u0435 \u043a\u0440\u0430\u0441\u0438\u0432\u044b\u043c\u0438 \u043a\u0430\u043a \u043c\u0430\u043c\u0430  \u0438 \u043f\u0430\u043f\u0430, \u0438 \u043f\u0440\u0438\u0445\u043e\u0434\u044f \u043d\u0430 \u0437\u0430\u043d\u044f\u0442\u0438\u044f \u0432 \u0444\u0438\u0442\u043d\u0435\u0441 \u043a\u043b\u0443\u0431, \u043d\u0430\u0447\u0438\u043d\u0430\u044e\u0442 \u0432\u043e \u0432\u0441\u0435\u043c \u043f\u043e\u0434\u0440\u0430\u0436\u0430\u0442\u044c  \u0441\u0432\u043e\u0438\u043c, \u0443\u0436\u0435 \u0437\u0430\u043d\u0438\u043c\u0430\u044e\u0449\u0438\u043c\u0441\u044f \u0444\u0438\u0442\u043d\u0435\u0441\u043e\u043c \u0440\u043e\u0434\u0438\u0442\u0435\u043b\u044f\u043c. \u041d\u043e \u0447\u0430\u0441\u0442\u043e \u0431\u044b\u0432\u0430\u0435\u0442 \u0438 \u043d\u0430\u043e\u0431\u043e\u0440\u043e\u0442.  \u0420\u043e\u0434\u0438\u0442\u0435\u043b\u0438 \u043e\u0442\u0434\u0430\u044e\u0442 \u0440\u0435\u0431\u0435\u043d\u043a\u0430 \u0437\u0430\u043d\u0438\u043c\u0430\u0442\u044c\u0441\u044f \u0432 \u0434\u0435\u0442\u0441\u043a\u0438\u0435 \u0433\u0440\u0443\u043f\u043f\u044b \u0438 \u0432\u043c\u0435\u0441\u0442\u0435 \u0441\u043e \u0441\u0432\u043e\u0438\u043c  \u0447\u0430\u0434\u043e\u043c \u043e\u0441\u043e\u0437\u043d\u0430\u044e\u0442 \u043d\u0435\u043e\u0431\u0445\u043e\u0434\u0438\u043c\u043e\u0441\u0442\u044c \u0444\u0438\u0437\u0438\u0447\u0435\u0441\u043a\u043e\u0439 \u0430\u043a\u0442\u0438\u0432\u043d\u043e\u0441\u0442\u0438 \u0432 \u0436\u0438\u0437\u043d\u0438, \u0438 \u0441\u0430\u043c\u0438  \u043f\u0440\u0438\u0445\u043e\u0434\u044f\u0442 \u0432 \u0444\u0438\u0442\u043d\u0435\u0441. \u0412 \u0440\u0435\u0437\u0443\u043b\u044c\u0442\u0430\u0442\u0435 &ndash; \u0432\u0441\u0435 \u0437\u0430\u043d\u0438\u043c\u0430\u044e\u0442\u0441\u044f \u0444\u0438\u0442\u043d\u0435\u0441\u043e\u043c, \u0444\u043e\u0440\u043c\u0438\u0440\u0443\u0435\u0442\u0441\u044f  \u0437\u0434\u043e\u0440\u043e\u0432\u043e\u0435 \u043f\u043e\u043a\u043e\u043b\u0435\u043d\u0438\u0435, \u0440\u0435\u0448\u0430\u0435\u0442\u0441\u044f \u043e\u0441\u043d\u043e\u0432\u043d\u0430\u044f \u0446\u0435\u043b\u044c &ndash; \u0437\u0434\u043e\u0440\u043e\u0432\u044c\u0435 \u0447\u0435\u043b\u043e\u0432\u0435\u043a\u0430. \u0422\u0430\u043a  \u043f\u0440\u0438\u044f\u0442\u043d\u043e \u0441\u043c\u043e\u0442\u0440\u0435\u0442\u044c \u043d\u0430 \u0441\u0435\u043c\u044c\u044e, \u043a\u043e\u0442\u043e\u0440\u0430\u044f \u0441\u043f\u0435\u0448\u0438\u0442 \u0432 \u043d\u0430\u0448 \u043a\u043b\u0443\u0431: \u043f\u0430\u043f\u0430 \u043f\u043e\u0441\u043b\u0435 \u0440\u0430\u0431\u043e\u0442\u044b,  \u0440\u0435\u0431\u0435\u043d\u043e\u043a \u043f\u043e\u0441\u043b\u0435 \u0448\u043a\u043e\u043b\u044b, \u0430 \u043c\u0430\u043c\u0430, \u0435\u0434\u0432\u0430 \u0443\u0441\u043f\u0435\u0432 \u0440\u043e\u0434\u0438\u0442\u044c \u0432\u0442\u043e\u0440\u043e\u0433\u043e \u0438\u043b\u0438 \u0442\u0440\u0435\u0442\u044c\u0435\u0433\u043e  \u0440\u0435\u0431\u0435\u043d\u043a\u0430, \u043d\u0435 \u0442\u043e\u043b\u044c\u043a\u043e \u0443\u0436\u0435 \u0441\u0430\u043c\u0430 \u0442\u0440\u0435\u043d\u0438\u0440\u0443\u0435\u0442\u0441\u044f, \u043d\u043e \u0438 \u043f\u0440\u0438\u0432\u043e\u0434\u0438\u0442 \u0441\u0432\u043e\u0435\u0433\u043e \u043c\u0430\u043b\u044b\u0448\u0430 \u0432  \u043c\u0438\u0440 \u0444\u0438\u0442\u043d\u0435\u0441\u0430.<br /> <br /> \u042d\u0442\u043e \u043e\u0441\u043e\u0431\u0435\u043d\u043d\u043e \u0432\u0430\u0436\u043d\u043e, \u043f\u043e\u0442\u043e\u043c\u0443 \u0447\u0442\u043e \u0441 \u043a\u0430\u0436\u0434\u044b\u043c \u0433\u043e\u0434\u043e\u043c \u0440\u0430\u0441\u0442\u0435\u0442 \u043a\u043e\u043b\u0438\u0447\u0435\u0441\u0442\u0432\u043e \u0434\u0435\u0442\u0435\u0439 \u043d\u0435  \u043f\u043e\u0441\u0435\u0449\u0430\u044e\u0449\u0438\u0445 \u0434\u0435\u0442\u0441\u043a\u0438\u0435 \u0434\u043e\u0448\u043a\u043e\u043b\u044c\u043d\u044b\u0435 \u0443\u0447\u0440\u0435\u0436\u0434\u0435\u043d\u0438\u044f \u0438 \u043d\u0435 \u043f\u043e\u043b\u0443\u0447\u0430\u044e\u0449\u0438\u0445 \u0434\u043e\u0441\u0442\u0430\u0442\u043e\u0447\u043d\u043e\u0435  \u043a\u043e\u043b\u0438\u0447\u0435\u0441\u0442\u0432\u043e \u0434\u0432\u0438\u0433\u0430\u0442\u0435\u043b\u044c\u043d\u043e\u0439 \u0430\u043a\u0442\u0438\u0432\u043d\u043e\u0441\u0442\u0438. \u041d\u043e \u0435\u0441\u043b\u0438 \u0440\u0435\u0431\u0435\u043d\u043e\u043a \u0438 \u0445\u043e\u0434\u0438\u0442 \u0432 \u0434\u0435\u0442\u0441\u043a\u0438\u0439  \u0441\u0430\u0434 \u0438\u043b\u0438 \u0448\u043a\u043e\u043b\u0443, \u0442\u043e \u0437\u0430\u0447\u0430\u0441\u0442\u0443\u044e \u044d\u0442\u0438 \u0443\u0447\u0440\u0435\u0436\u0434\u0435\u043d\u0438\u044f, \u0432 \u0432\u0438\u0434\u0443 \u043f\u043b\u043e\u0445\u043e\u0433\u043e  \u0444\u0438\u043d\u0430\u043d\u0441\u0438\u0440\u043e\u0432\u0430\u043d\u0438\u044f, \u043d\u0435\u0434\u043e\u0441\u0442\u0430\u0442\u043a\u0430 \u0432\u044b\u0441\u043e\u043a\u043e\u043a\u0432\u0430\u043b\u0438\u0444\u0438\u0446\u0438\u0440\u043e\u0432\u0430\u043d\u043d\u044b\u0445 \u0441\u043f\u0435\u0446\u0438\u0430\u043b\u0438\u0441\u0442\u043e\u0432 \u0438  \u043e\u0431\u043e\u0440\u0443\u0434\u043e\u0432\u0430\u043d\u0438\u044f \u043d\u0435 \u043c\u043e\u0433\u0443\u0442 \u0440\u0435\u0448\u0438\u0442\u044c \u0446\u0435\u043b\u0438\u043a\u043e\u043c \u043e\u0437\u0434\u043e\u0440\u043e\u0432\u0438\u0442\u0435\u043b\u044c\u043d\u044b\u0435 \u0437\u0430\u0434\u0430\u0447\u0438 \u0444\u0438\u0437\u0438\u0447\u0435\u0441\u043a\u043e\u0433\u043e  \u0432\u043e\u0441\u043f\u0438\u0442\u0430\u043d\u0438\u044f, \u043d\u0435 \u0433\u043e\u0432\u043e\u0440\u044f \u0443\u0436\u0435 \u043e \u0442\u043e\u043c, \u0447\u0442\u043e \u043d\u0430 \u0437\u0430\u043d\u044f\u0442\u0438\u044f\u0445 \u0444\u0438\u0437\u043a\u0443\u043b\u044c\u0442\u0443\u0440\u043e\u0439 \u0432 \u0448\u043a\u043e\u043b\u0430\u0445 \u0438  \u0434\u0435\u0442\u0441\u043a\u0438\u0445 \u0441\u0430\u0434\u0430\u0445 \u0437\u0430\u0447\u0430\u0441\u0442\u0443\u044e \u0441\u043e\u0432\u0435\u0440\u0448\u0435\u043d\u043d\u043e \u043e\u0442\u0441\u0443\u0442\u0441\u0442\u0432\u0443\u0435\u0442 \u0438\u043d\u0434\u0438\u0432\u0438\u0434\u0443\u0430\u043b\u044c\u043d\u044b\u0439 \u043f\u043e\u0434\u0445\u043e\u0434 \u043a  \u0440\u0435\u0431\u0435\u043d\u043a\u0443, \u043d\u0435 \u0443\u0447\u0438\u0442\u044b\u0432\u0430\u044e\u0442\u0441\u044f \u0435\u0433\u043e \u043f\u0441\u0438\u0445\u043e\u043b\u043e\u0433\u0438\u0447\u0435\u0441\u043a\u0438\u0435 \u043e\u0441\u043e\u0431\u0435\u043d\u043d\u043e\u0441\u0442\u0438.<br /> <br /> \u041c\u043e\u0436\u043d\u043e, \u043a\u043e\u043d\u0435\u0447\u043d\u043e \u043e\u0442\u0434\u0430\u0442\u044c \u0440\u0435\u0431\u0435\u043d\u043a\u0430 \u0432 \u043a\u0430\u043a\u0443\u044e&ndash;\u043d\u0438\u0431\u0443\u0434\u044c \u0441\u043f\u043e\u0440\u0442\u0438\u0432\u043d\u0443\u044e \u0441\u0435\u043a\u0446\u0438\u044e. \u041d\u043e,  \u0437\u0430\u043d\u044f\u0442\u0438\u044f \u0432 \u044d\u0442\u0438\u0445 \u0441\u0435\u043a\u0446\u0438\u044f\u0445 \u043e\u0442\u043d\u0438\u043c\u0430\u044e\u0442 \u0443 \u0440\u0435\u0431\u0435\u043d\u043a\u0430 \u043c\u043d\u043e\u0433\u043e \u0441\u0438\u043b \u0438 \u0432\u0440\u0435\u043c\u0435\u043d\u0438, \u0447\u0442\u043e  \u043f\u043e\u0441\u0442\u0435\u043f\u0435\u043d\u043d\u043e \u043d\u0430\u0447\u0438\u043d\u0430\u0435\u0442 \u0441\u043a\u0430\u0437\u044b\u0432\u0430\u0442\u044c\u0441\u044f \u043d\u0430 \u0435\u0433\u043e \u0443\u0447\u0435\u0431\u0435 \u0438 \u043e\u0431\u0449\u0435\u043c \u0440\u0430\u0437\u0432\u0438\u0442\u0438\u0438, \u0434\u0430 \u0438  \u0447\u0438\u0441\u0442\u043e \u043f\u0441\u0438\u0445\u043e\u043b\u043e\u0433\u0438\u0447\u0435\u0441\u043a\u0438, \u0440\u0435\u0431\u0435\u043d\u043a\u0443 \u0431\u044b\u0432\u0430\u0435\u0442 \u043e\u0447\u0435\u043d\u044c \u0442\u044f\u0436\u0435\u043b\u043e \u0432 &laquo;\u0436\u0435\u0441\u0442\u043a\u0438\u0445&raquo; \u0443\u0441\u043b\u043e\u0432\u0438\u044f  &laquo;\u0431\u043e\u043b\u044c\u0448\u043e\u0433\u043e&raquo; \u0441\u043f\u043e\u0440\u0442\u0430, \u043a \u0442\u043e\u043c\u0443 \u0436\u0435 \u0432 \u0441\u043f\u043e\u0440\u0442\u0438\u0432\u043d\u044b\u0445 \u0441\u0435\u043a\u0446\u0438\u044f\u0445, \u0441 \u0438\u0445 \u043d\u0430\u0446\u0435\u043b\u0435\u043d\u043d\u043e\u0441\u0442\u044c\u044e \u043d\u0430  \u0440\u0435\u0437\u0443\u043b\u044c\u0442\u0430\u0442 \u043d\u0435\u0440\u0435\u0434\u043a\u0438 \u0441\u043b\u0443\u0447\u0430\u0438 \u0442\u0440\u0430\u0432\u043c \u0438 \u043f\u0435\u0440\u0435\u0433\u0440\u0443\u0437\u043e\u043a. \u0422\u0430\u043a \u0447\u0442\u043e \u0435\u0441\u043b\u0438 \u0432\u044b \u043d\u0435  \u043c\u0435\u0447\u0442\u0430\u0435\u0442\u0435 \u043e \u0441\u043f\u043e\u0440\u0442\u0438\u0432\u043d\u043e\u0439 \u043a\u0430\u0440\u044c\u0435\u0440\u0435 \u0434\u043b\u044f \u0441\u0432\u043e\u0435\u0433\u043e \u0440\u0435\u0431\u0435\u043d\u043a\u0430, \u0442\u043e \u0437\u0430\u043d\u044f\u0442\u0438\u0439 \u0444\u0438\u0442\u043d\u0435\u0441\u043e\u043c \u0432  \u043d\u0430\u0448\u0435\u043c \u043a\u043b\u0443\u0431\u0435, \u0433\u0434\u0435 \u043a\u0430\u0436\u0434\u044b\u0439 \u0440\u0435\u0431\u0435\u043d\u043e\u043a \u043f\u043e\u043b\u0443\u0447\u0430\u0435\u0442 \u043f\u043e\u043b\u043d\u043e\u0446\u0435\u043d\u043d\u0443\u044e \u043d\u0430\u0433\u0440\u0443\u0437\u043a\u0443,  \u0430\u0434\u0435\u043a\u0432\u0430\u0442\u043d\u0443\u044e \u0435\u0433\u043e \u0432\u043e\u0437\u0440\u0430\u0441\u0442\u0443, \u0432\u043f\u043e\u043b\u043d\u0435 \u0434\u043e\u0441\u0442\u0430\u0442\u043e\u0447\u043d\u043e \u0434\u043b\u044f \u0435\u0433\u043e \u0433\u0430\u0440\u043c\u043e\u043d\u0438\u0447\u043d\u043e\u0433\u043e, \u043a\u0430\u043a  \u0444\u0438\u0437\u0438\u0447\u0435\u0441\u043a\u043e\u0433\u043e, \u0442\u0430\u043a \u0438 \u0438\u043d\u0442\u0435\u043b\u043b\u0435\u043a\u0442\u0443\u0430\u043b\u044c\u043d\u043e\u0433\u043e \u0440\u0430\u0437\u0432\u0438\u0442\u0438\u044f.<br /> <br /> \u0427\u0435\u043c \u0445\u043e\u0440\u043e\u0448 \u0444\u0438\u0442\u043d\u0435\u0441 \u0434\u043b\u044f \u0440\u0435\u0431\u0435\u043d\u043a\u0430? \u0412\u043e-\u043f\u0435\u0440\u0432\u044b\u0445 \u0432 \u0444\u0438\u0442\u043d\u0435\u0441\u0435 \u043d\u0435\u0442 \u043f\u0440\u043e\u0444\u0435\u0441\u0441\u0438\u043e\u043d\u0430\u043b\u044c\u043d\u044b\u0445  \u0442\u0440\u0430\u0432\u043c, \u0430 \u0432\u043e-\u0432\u0442\u043e\u0440\u044b\u0445, \u043f\u0441\u0438\u0445\u0438\u043a\u0430 \u0440\u0435\u0431\u0435\u043d\u043a\u0430 \u043d\u0435 \u0442\u0440\u0430\u0432\u043c\u0438\u0440\u0443\u0435\u0442\u0441\u044f, \u043e\u043d \u043d\u0435 \u0447\u0443\u0432\u0441\u0442\u0432\u0443\u0435\u0442  \u0441\u0435\u0431\u044f &laquo;\u043d\u0435\u0443\u0434\u0430\u0447\u043d\u0438\u043a\u043e\u043c&raquo;, \u0435\u0441\u043b\u0438 \u043e\u043d \u043d\u0435 &laquo;\u043b\u0443\u0447\u0448\u0438\u0439&raquo;, \u043f\u043e\u0442\u043e\u043c\u0443 \u0447\u0442\u043e \u0434\u0435\u0442\u0441\u043a\u0438\u0439 \u0444\u0438\u0442\u043d\u0435\u0441 \u0432  \u043d\u0430\u0448\u0435\u043c \u043a\u043b\u0443\u0431\u0435 \u044f\u0432\u043b\u044f\u0435\u0442\u0441\u044f \u043f\u0440\u0435\u0436\u0434\u0435 \u0432\u0441\u0435\u0433\u043e \u0430\u0434\u0430\u043f\u0442\u0430\u0446\u0438\u043e\u043d\u043d\u044b\u043c \u0438 \u0430\u0434\u0430\u043f\u0442\u0438\u0440\u0443\u044e\u0449\u0438\u043c:  \u0430\u0434\u0430\u043f\u0442\u0430\u0446\u0438\u043e\u043d\u043d\u044b\u043c, \u0442\u0430\u043a \u043a\u0430\u043a \u0443\u0447\u0438\u0442 \u0436\u0438\u0442\u044c \u0432 \u0441\u043e\u0446\u0438\u0443\u043c\u0435; \u0430\u0434\u0430\u043f\u0442\u0438\u0440\u0443\u044e\u0449\u0438\u043c, \u0442\u0430\u043a \u043a\u0430\u043a \u043a  \u043a\u0430\u0436\u0434\u043e\u043c\u0443 \u0440\u0435\u0431\u0435\u043d\u043a\u0443 \u0438\u0441\u043f\u043e\u043b\u044c\u0437\u0443\u0435\u0442\u0441\u044f \u0438\u043d\u0434\u0438\u0432\u0438\u0434\u0443\u0430\u043b\u044c\u043d\u044b\u0439 \u043f\u043e\u0434\u0445\u043e\u0434.<br /> <br /> \u0413\u043b\u0430\u0432\u043d\u044b\u043c \u0438\u043d\u0441\u0442\u0440\u0443\u043c\u0435\u043d\u0442\u043e\u043c, \u043a\u043e\u0442\u043e\u0440\u044b\u0439 \u0432 \u0440\u0430\u0431\u043e\u0442\u0435 \u0441 \u0434\u0435\u0442\u044c\u043c\u0438 \u0438\u0441\u043f\u043e\u043b\u044c\u0437\u0443\u044e\u0442 \u043f\u0435\u0434\u0430\u0433\u043e\u0433\u0438  \u043d\u0430\u0448\u0435\u0433\u043e \u043a\u043b\u0443\u0431\u0430, \u044f\u0432\u043b\u044f\u0435\u0442\u0441\u044f \u0438\u0433\u0440\u0430. \u0420\u0435\u0431\u044f\u0442\u0430 \u043f\u043e\u043f\u0430\u0434\u0430\u044e\u0442 \u0432 \u043f\u0440\u043e\u0441\u0442\u043e\u0440\u043d\u044b\u0439 \u0437\u0430\u043b \u0438 \u0442\u0430\u043c \u0438\u0445  \u0436\u0434\u0435\u0442 \u0441\u043a\u0430\u0437\u043a\u0430. \u041d\u0430\u0441\u043a\u043e\u043b\u044c\u043a\u043e \u0436\u0435 \u0438\u043d\u0442\u0435\u0440\u0435\u0441\u043d\u043e \u043e\u0442\u043f\u0440\u0430\u0432\u0438\u0442\u044c\u0441\u044f \u0432 \u043f\u0443\u0442\u0435\u0448\u0435\u0441\u0442\u0432\u0438\u0435 \u043f\u043e  \u0442\u0440\u043e\u043f\u0438\u043d\u043a\u0430\u043c, \u0433\u043e\u0440\u043a\u0430\u043c, \u043f\u0435\u0449\u0435\u0440\u0430\u043c \u0438 \u043a\u043e\u0447\u043a\u0430\u043c! \u041f\u0435\u0434\u0430\u0433\u043e\u0433 \u043a\u0430\u0436\u0434\u044b\u0439 \u0440\u0430\u0437 \u0441\u043e\u0437\u0434\u0430\u0435\u0442 \u043d\u043e\u0432\u044b\u0435  \u0441\u044e\u0436\u0435\u0442\u044b \u0438 \u043f\u0443\u0442\u0438. \u0418 \u043a\u0430\u0436\u0434\u044b\u0439 \u0440\u0430\u0437 \u0440\u0430\u0437\u043d\u044b\u0435 \u0441\u043a\u0430\u0437\u043e\u0447\u043d\u044b\u0435 \u043f\u0435\u0440\u0441\u043e\u043d\u0430\u0436\u0438 \u043f\u0440\u0438\u0445\u043e\u0434\u044f\u0442 \u0432 \u0433\u043e\u0441\u0442\u0438.  \u0418 \u043d\u0438 \u043a\u0442\u043e \u043d\u0435 \u0441\u0442\u0430\u043d\u0435\u0442 \u043b\u0435\u043d\u0438\u0442\u044c\u0441\u044f &ndash; \u044d\u0442\u043e \u0436\u0435 \u0442\u0430\u043a \u0437\u0434\u043e\u0440\u043e\u0432\u043e, \u0440\u0430\u0437\u0431\u0443\u0434\u0438\u0442\u044c \u0441\u043f\u044f\u0449\u0443\u044e \u0432  \u0431\u0443\u0434\u043a\u0435 \u0441\u043e\u0431\u0430\u0447\u043a\u0443, \u0430 \u043f\u043e\u0442\u043e\u043c \u0443\u0431\u0435\u0436\u0430\u0442\u044c \u043e\u0442 \u043d\u0435\u0435 \u0438 \u043f\u0440\u044f\u0442\u0430\u0442\u044c\u0441\u044f \u0432 \u0441\u0432\u043e\u0439 \u0434\u043e\u043c\u0438\u043a. \u0418\u043b\u0438  \u043d\u0430\u043b\u043e\u0432\u0438\u0442\u044c \u0431\u043e\u043b\u044c\u0448\u0435 \u0432\u0441\u0435\u0445 \u0440\u044b\u0431\u044b. \u0414\u0435\u0442\u0438 \u0434\u0435\u043b\u0430\u044e\u0442 \u0434\u043e\u0432\u043e\u043b\u044c\u043d\u043e \u0441\u043b\u043e\u0436\u043d\u044b\u0435 \u0443\u043f\u0440\u0430\u0436\u043d\u0435\u043d\u0438\u044f \u043d\u0435  \u0437\u0430\u0434\u0443\u043c\u044b\u0432\u0430\u044f\u0441\u044c, \u0441 \u0443\u0434\u043e\u0432\u043e\u043b\u044c\u0441\u0442\u0432\u0438\u0435\u043c.<br /> <br /> \u041c\u043d\u043e\u0433\u0438\u0435 \u0432\u0430\u0436\u043d\u044b\u0435 \u043f\u0435\u0434\u0430\u0433\u043e\u0433\u0438\u0447\u0435\u0441\u043a\u0438\u0435 \u043c\u043e\u043c\u0435\u043d\u0442\u044b \u043b\u0435\u0433\u043a\u043e \u0440\u0435\u0430\u043b\u0438\u0437\u0443\u044e\u0442\u0441\u044f \u0447\u0435\u0440\u0435\u0437 \u0438\u0433\u0440\u0443. \u0422\u0430\u043a  \u043f\u0435\u0440\u0435\u0434\u0432\u0438\u0436\u0435\u043d\u0438\u044f \u043f\u043e \u0437\u0430\u043b\u0443 \u0432 \u0441\u043e\u043f\u0440\u043e\u0432\u043e\u0436\u0434\u0435\u043d\u0438\u0438 \u0440\u0435\u0447\u0435\u0432\u043e\u043a, \u0441\u043f\u043e\u0441\u043e\u0431\u0441\u0442\u0432\u0443\u0435\u0442 \u0440\u0430\u0437\u0432\u0438\u0442\u0438\u044e  \u0440\u0435\u0447\u0435\u0432\u043e\u0433\u043e \u0430\u043f\u043f\u0430\u0440\u0430\u0442\u0430. \u042d\u0442\u043e\u0442 \u043c\u0435\u0442\u043e\u0434 \u043d\u0430\u0437\u044b\u0432\u0430\u0435\u0442\u0441\u044f \u043b\u043e\u0433\u043e\u0440\u0438\u0442\u043c\u0438\u043a\u0430 &ndash; \u043f\u043e\u0434\u0433\u043e\u0442\u043e\u0432\u043a\u0430 \u0440\u0435\u0447\u0438 \u0432  \u0430\u0441\u0441\u043e\u0446\u0438\u0430\u0446\u0438\u0438 \u0441 \u0434\u0432\u0438\u0436\u0435\u043d\u0438\u0435\u043c. \u0412\u0435\u0434\u044c \u043e\u0447\u0435\u043d\u044c \u0432\u0430\u0436\u043d\u043e \u043f\u0440\u0438\u0439\u0442\u0438 \u0432 \u0448\u043a\u043e\u043b\u0443 \u0441 \u043f\u043e\u0441\u0442\u0430\u0432\u043b\u0435\u043d\u043d\u043e\u0439  \u0440\u0435\u0447\u044c\u044e \u0438 \u0445\u043e\u0440\u043e\u0448\u043e \u0440\u0430\u0437\u0432\u0438\u0442\u043e\u0439 \u043f\u0430\u043c\u044f\u0442\u044c\u044e. \u0412\u0441\u0435 \u043c\u044b \u0441 \u0434\u0435\u0442\u0441\u0442\u0432\u0430 \u043f\u043e\u043c\u043d\u0438\u043c \u0438\u0433\u0440\u0443 &laquo;\u0421\u043e\u0440\u043e\u043a\u0430&raquo;. \u0412  \u0430\u0440\u0441\u0435\u043d\u0430\u043b\u0435 \u0434\u0435\u0442\u0441\u043a\u043e\u0433\u043e \u0438\u043d\u0441\u0442\u0440\u0443\u043a\u0442\u043e\u0440\u0430 \u043d\u0430\u0448\u0435\u0433\u043e \u043a\u043b\u0443\u0431\u0430 \u0442\u0430\u043a\u0438\u0445 \u0438\u0433\u0440 \u0432\u0435\u043b\u0438\u043a\u043e\u0435 \u043c\u043d\u043e\u0436\u0435\u0441\u0442\u0432\u043e!  \u041f\u0430\u043b\u044c\u0447\u0438\u043a\u043e\u0432\u0430\u044f \u0433\u0438\u043c\u043d\u0430\u0441\u0442\u0438\u043a\u0430 \u0438 \u0443\u043f\u0440\u0430\u0436\u043d\u0435\u043d\u0438\u044f \u0434\u043b\u044f \u043f\u043b\u0435\u0447\u0435\u0432\u043e\u0433\u043e \u043f\u043e\u044f\u0441\u0430 \u0441\u043f\u043e\u0441\u043e\u0431\u0441\u0442\u0432\u0443\u044e\u0442 \u043d\u0435  \u0442\u043e\u043b\u044c\u043a\u043e \u0440\u0430\u0437\u0432\u0438\u0442\u0438\u044e \u043a\u0438\u0441\u0442\u0438, \u043d\u043e \u0438 \u0431\u043b\u0430\u0433\u043e\u0442\u0432\u043e\u0440\u043d\u043e \u0432\u043b\u0438\u044f\u044e\u0442 \u043d\u0430 \u0440\u0430\u0437\u0432\u0438\u0442\u0438\u0435 \u0440\u0435\u0447\u0438.<br /> <br /> \u0412 \u0441\u0442\u0435\u043d\u0430\u0445 \u043d\u0430\u0448\u0435\u0433\u043e \u043a\u043b\u0443\u0431\u0430 \u0443\u0436\u0435 \u0432\u0442\u043e\u0440\u043e\u0439 \u0433\u043e\u0434 \u0434\u0435\u0439\u0441\u0442\u0432\u0443\u044e\u0442 \u0445\u043e\u0440\u0435\u043e\u0433\u0440\u0430\u0444\u0438\u0447\u0435\u0441\u043a\u0438\u0435 \u0441\u0442\u0443\u0434\u0438\u0438,  \u043e\u0431\u0443\u0447\u0430\u044e\u0449\u0438\u0435 \u0440\u0430\u0437\u043b\u0438\u0447\u043d\u044b\u043c \u043d\u0430\u043f\u0440\u0430\u0432\u043b\u0435\u043d\u0438\u044f\u043c \u0442\u0430\u043d\u0446\u0430, \u0441 \u044d\u043b\u0435\u043c\u0435\u043d\u0442\u0430\u043c\u0438 \u0445\u0443\u0434\u043e\u0436\u0435\u0441\u0442\u0432\u0435\u043d\u043d\u043e\u0439  \u0433\u0438\u043c\u043d\u0430\u0441\u0442\u0438\u043a\u0438, \u043d\u0430\u043f\u0440\u0430\u0432\u043b\u0435\u043d\u043d\u044b\u0435 \u043d\u0430 \u0440\u0430\u0437\u0432\u0438\u0442\u0438\u0435 \u043a\u043e\u043e\u0440\u0434\u0438\u043d\u0430\u0446\u0438\u0438 \u0434\u0432\u0438\u0436\u0435\u043d\u0438\u0439, \u0433\u0438\u0431\u043a\u043e\u0441\u0442\u0438,  \u043f\u043b\u0430\u0441\u0442\u0438\u043a\u0438 \u0438 \u0433\u0440\u0430\u0446\u0438\u0438.<br /> <br /> \u041d\u043e \u043a\u0440\u0430\u0441\u043e\u0442\u0430 \u0442\u0435\u043b\u0430 \u043d\u0435\u0432\u043e\u0437\u043c\u043e\u0436\u043d\u0430 \u0431\u0435\u0437 \u043a\u0440\u0430\u0441\u043e\u0442\u044b \u0434\u0443\u0445\u0430, \u0438 \u0440\u0430\u0437\u0432\u0438\u0442\u0438\u0435 \u0447\u0435\u043b\u043e\u0432\u0435\u043a\u0430 &ndash; \u044d\u0442\u043e,  \u043f\u0440\u0435\u0436\u0434\u0435 \u0432\u0441\u0435\u0433\u043e, \u0440\u0430\u0437\u0432\u0438\u0442\u0438\u0435 \u0435\u0433\u043e \u0432\u043d\u0443\u0442\u0440\u0435\u043d\u043d\u0435\u0439 \u0433\u0430\u0440\u043c\u043e\u043d\u0438\u0438. \u041f\u043e\u0437\u043d\u0430\u0432\u0430\u0442\u0435\u043b\u044c\u043d\u044b\u0435 \u0443\u0440\u043e\u043a\u0438  \u0439\u043e\u0433\u0438 &ndash; \u044d\u0442\u043e \u0443\u043d\u0438\u0432\u0435\u0440\u0441\u0430\u043b\u044c\u043d\u0430\u044f \u0441\u0438\u0441\u0442\u0435\u043c\u0430 \u043e\u0437\u0434\u043e\u0440\u043e\u0432\u043b\u0435\u043d\u0438\u044f \u0440\u0435\u0431\u0435\u043d\u043a\u0430, \u0441\u043f\u043e\u0441\u043e\u0431\u0441\u0442\u0432\u0443\u044e\u0449\u0430\u044f  \u0435\u0433\u043e \u043d\u0440\u0430\u0432\u0441\u0442\u0432\u0435\u043d\u043d\u043e\u043c\u0443 \u0440\u0430\u0437\u0432\u0438\u0442\u0438\u044e, \u0443\u0441\u0438\u043b\u0435\u043d\u0438\u044e \u0438\u043c\u043c\u0443\u043d\u0438\u0442\u0435\u0442\u0430, \u0438\u0441\u043f\u0440\u0430\u0432\u043b\u0435\u043d\u0438\u044e \u043d\u0430\u0440\u0443\u0448\u0435\u043d\u0438\u0439  \u043e\u0441\u0430\u043d\u043a\u0438. \u0422\u0440\u0443\u0434\u043d\u043e \u043e\u0431\u044a\u044f\u0441\u043d\u0438\u0442\u044c \u0440\u0435\u0431\u0435\u043d\u043a\u0443 \u0437\u043d\u0430\u0447\u0438\u043c\u043e\u0441\u0442\u044c \u0434\u044b\u0445\u0430\u0442\u0435\u043b\u044c\u043d\u044b\u0445 \u0443\u043f\u0440\u0430\u0436\u043d\u0435\u043d\u0438\u0439,  \u0440\u0435\u0431\u0435\u043d\u043a\u0430 \u043c\u0430\u043b\u043e \u0438\u043d\u0442\u0435\u0440\u0435\u0441\u0443\u0435\u0442 \u0447\u0442\u043e \u044d\u0442\u0438 \u0443\u043f\u0440\u0430\u0436\u043d\u0435\u043d\u0438\u044f \u0442\u0440\u0435\u043d\u0438\u0440\u0443\u044e\u0442 \u0434\u044b\u0445\u0430\u0442\u0435\u043b\u044c\u043d\u0443\u044e \u0438  \u0441\u0435\u0440\u0434\u0435\u0447\u043d\u043e&ndash;\u0441\u043e\u0441\u0443\u0434\u0438\u0441\u0442\u0443\u044e \u0441\u0438\u0441\u0442\u0435\u043c\u044b \u0438 \u044f\u0432\u043b\u044f\u044e\u0442\u0441\u044f \u0445\u043e\u0440\u043e\u0448\u0438\u043c \u0441\u0440\u0435\u0434\u0441\u0442\u0432\u043e\u043c \u043f\u0440\u043e\u0444\u0438\u043b\u0430\u043a\u0442\u0438\u043a\u0438  \u0440\u0435\u0441\u043f\u0438\u0440\u0430\u0442\u043e\u0440\u043d\u044b\u0445 \u0437\u0430\u0431\u043e\u043b\u0435\u0432\u0430\u043d\u0438\u044f. \u041d\u043e \u0435\u0441\u043b\u0438 \u044d\u0442\u0438 \u0443\u043f\u0440\u0430\u0436\u043d\u0435\u043d\u0438\u044f \u043f\u0440\u0435\u043f\u043e\u0434\u043d\u043e\u0441\u044f\u0442\u0441\u044f \u0435\u043c\u0443 \u043a\u0430\u043a  \u0432\u0435\u0441\u0435\u043b\u0430\u044f \u0438 \u0438\u043d\u0442\u0435\u0440\u0435\u0441\u043d\u0430\u044f \u0438\u0433\u0440\u0430, \u0442\u043e \u043e\u043d \u0441\u0430\u043c \u0441 \u0443\u0434\u043e\u0432\u043e\u043b\u044c\u0441\u0442\u0432\u0438\u0435\u043c \u0441\u0442\u0430\u043d\u0435\u0442 &laquo;\u043f\u044b\u0445\u0442\u0435\u0442\u044c \u043a\u0430\u043a  \u043f\u0430\u0440\u043e\u0432\u043e\u0437&raquo; \u0438\u043b\u0438 \u0437\u0430\u0434\u0443\u0432\u0430\u0442\u044c \u0432\u043e\u043e\u0431\u0440\u0430\u0436\u0430\u0435\u043c\u0443\u044e \u0441\u0432\u0435\u0447\u0443.</p>", "template": 2, "start_date": null, "description": "\u0412 \u044d\u0442\u043e\u0439 \u0441\u0442\u0430\u0442\u044c\u0435 \u043c\u044b \u0432\u0430\u043c \u0440\u0430\u0441\u0441\u043a\u0430\u0436\u0435\u043c \u043e \u0434\u0435\u0442\u0441\u043a\u043e\u043c \u0444\u0438\u0442\u043d\u0435\u0441\u0435", "parent": 10, "tags": "\u0444\u0438\u0442\u043d\u0435\u0441\u0441, ", "standard": null, "content_type": "page", "publication_date": "2011-02-23 00:35:34", "slug": "psihologiya-detskogo-fitnesa", "exclude_from_navigation": false, "allow_comments": 1, "language": "ru", "exclude_from_search": false, "position": 10}}, {"pk": 2, "model": "lfc.basecontent", "fields": {"meta_keywords": "<tags>", "creator": 1, "display_title": true, "creation_date": "2011-02-22 02:58:17", "canonical": null, "meta_description": "<description>", "end_date": null, "modification_date": "2011-02-23 00:37:12", "title": "\u041d\u043e\u0432\u043e\u0441\u0442\u0438", "searchable_text": "\u041d\u043e\u0432\u043e\u0441\u0442\u0438 \u043d\u0430\u0448\u0438 \u043d\u043e\u0432\u043e\u0441\u0442\u0438", "template": null, "start_date": null, "description": "\u043d\u0430\u0448\u0438 \u043d\u043e\u0432\u043e\u0441\u0442\u0438", "parent": null, "tags": "", "standard": null, "content_type": "news", "publication_date": null, "slug": "novosti", "exclude_from_navigation": false, "allow_comments": 1, "language": "ru", "exclude_from_search": false, "position": 20}}, {"pk": 4, "model": "lfc.basecontent", "fields": {"meta_keywords": "<tags>", "creator": 1, "display_title": true, "creation_date": "2011-02-22 02:59:24", "canonical": null, "meta_description": "<description>", "end_date": null, "modification_date": "2011-02-22 14:04:54", "title": "\u041d\u043e\u0432\u043e\u0441\u0442\u044c 2", "searchable_text": "\u041d\u043e\u0432\u043e\u0441\u0442\u044c 2 \u044b\u0432\u0444\u044b\u044b\u0432 \u0444\u044b\u0432\u0444\u044b\u0432 <p>\u041c\u044b \u043f\u043e\u0435\u0445\u0430\u043b\u0438 \u043d\u0430 \u0431\u0430\u043b\u0438</p>\n<p><img title=\"\u0431\u0430\u043b\u0438\" src=\"/media/uploads/\u043f\u0440\u043e\u0434\u0432\u0438\u043d\u0443\u0442\u044b\u0439_\u0434\u0430\u0439\u0432\u0438\u043d\u0433_\u043d\u0430_\u0431\u0430\u043b\u0438____.200x200.gif\" alt=\"\u0431\u0430\u043b\u0438\" width=\"200\" height=\"133\" /></p>", "template": null, "start_date": null, "description": "\u044b\u0432\u0444\u044b\u044b\u0432 \u0444\u044b\u0432\u0444\u044b\u0432", "parent": 2, "tags": "\u0444\u0438\u0442\u043d\u0435\u0441\u0441, \u043f\u0443\u0442\u0435\u0448\u0435\u0441\u0442\u0432\u0438\u044f", "standard": null, "content_type": "newsentry", "publication_date": null, "slug": "novost-2", "exclude_from_navigation": false, "allow_comments": 1, "language": "ru", "exclude_from_search": false, "position": 20}}, {"pk": 3, "model": "lfc.basecontent", "fields": {"meta_keywords": "<tags>", "creator": 1, "display_title": true, "creation_date": "2011-02-22 02:59:03", "canonical": null, "meta_description": "<description>", "end_date": null, "modification_date": "2011-02-22 14:02:08", "title": "\u041d\u043e\u0432\u043e\u0441\u0442\u044c 1", "searchable_text": "\u041d\u043e\u0432\u043e\u0441\u0442\u044c 1 \u043d\u043e\u0432\u043e\u0441\u0442\u044c 1", "template": null, "start_date": null, "description": "\u043d\u043e\u0432\u043e\u0441\u0442\u044c 1", "parent": 2, "tags": "\u0444\u0438\u0442\u043d\u0435\u0441\u0441", "standard": null, "content_type": "newsentry", "publication_date": null, "slug": "novost-1", "exclude_from_navigation": false, "allow_comments": 1, "language": "ru", "exclude_from_search": false, "position": 30}}, {"pk": 6, "model": "lfc.basecontent", "fields": {"meta_keywords": "<tags>", "creator": 1, "display_title": true, "creation_date": "2011-02-22 13:54:34", "canonical": null, "meta_description": "<description>", "end_date": null, "modification_date": "2011-02-23 00:37:12", "title": "\u0424\u043e\u0442\u043e\u0433\u0440\u0430\u0444\u0438\u0438", "searchable_text": "\u0424\u043e\u0442\u043e\u0433\u0440\u0430\u0444\u0438\u0438", "template": 3, "start_date": null, "description": "", "parent": null, "tags": "\u0444\u0438\u0442\u043d\u0435\u0441\u0441, ", "standard": null, "content_type": "page", "publication_date": "2011-02-22 21:58:37", "slug": "photos", "exclude_from_navigation": false, "allow_comments": 1, "language": "ru", "exclude_from_search": false, "position": 30}}, {"pk": 10, "model": "lfc.basecontent", "fields": {"meta_keywords": "<tags>", "creator": 1, "display_title": true, "creation_date": "2011-02-22 21:59:46", "canonical": null, "meta_description": "<description>", "end_date": null, "modification_date": "2011-02-23 00:37:12", "title": "\u0421\u0442\u0430\u0442\u044c\u0438", "searchable_text": "\u0421\u0442\u0430\u0442\u044c\u0438 \u0412\u0441\u0435 \u0441\u0442\u0430\u0442\u044c\u0438", "template": 4, "start_date": null, "description": "\u0412\u0441\u0435 \u0441\u0442\u0430\u0442\u044c\u0438", "parent": null, "tags": "\u0441\u0442\u0430\u0442\u044c\u0438", "standard": null, "content_type": "page", "publication_date": "2011-02-22 22:00:32", "slug": "articles", "exclude_from_navigation": false, "allow_comments": 1, "language": "ru", "exclude_from_search": false, "position": 40}}, {"pk": 7, "model": "lfc.basecontent", "fields": {"meta_keywords": "<tags>", "creator": 1, "display_title": true, "creation_date": "2011-02-22 13:56:24", "canonical": null, "meta_description": "<description>", "end_date": null, "modification_date": "2011-02-23 00:37:12", "title": "\u0412\u043e\u043f\u0440\u043e\u0441\u044b", "searchable_text": "\u0412\u043e\u043f\u0440\u043e\u0441\u044b", "template": null, "start_date": null, "description": "", "parent": null, "tags": "", "standard": null, "content_type": "page", "publication_date": "2011-02-22 21:58:47", "slug": "voprosy", "exclude_from_navigation": false, "allow_comments": 1, "language": "ru", "exclude_from_search": false, "position": 50}}, {"pk": 8, "model": "lfc.basecontent", "fields": {"meta_keywords": "<tags>", "creator": 1, "display_title": true, "creation_date": "2011-02-22 13:57:20", "canonical": null, "meta_description": "<description>", "end_date": null, "modification_date": "2011-02-23 00:37:12", "title": "\u041a\u043e\u043d\u0442\u0430\u043a\u0442\u044b", "searchable_text": "\u041a\u043e\u043d\u0442\u0430\u043a\u0442\u044b", "template": null, "start_date": null, "description": "", "parent": null, "tags": "", "standard": null, "content_type": "page", "publication_date": "2011-02-22 22:00:50", "slug": "contacts", "exclude_from_navigation": false, "allow_comments": 1, "language": "ru", "exclude_from_search": false, "position": 60}}, {"pk": 1, "model": "lfc.page", "fields": {"text": ""}}, {"pk": 9, "model": "lfc.page", "fields": {"text": "<p>\u041d\u0430\u0448 <strong>\u043a\u043b\u0443\u0431</strong> \u043e\u0442\u043a\u0440\u044b\u0442 \u0441 \u043f\u043e</p>"}}, {"pk": 11, "model": "lfc.page", "fields": {"text": "<p><strong>\u0414\u0435\u0442\u0441\u043a\u0438\u0439 \u0444\u0438\u0442\u043d\u0435\u0441 </strong>\u043f\u043e\u0434\u0440\u0430\u0437\u0443\u043c\u0435\u0432\u0430\u0435\u0442 \u0444\u0438\u0437\u0438\u0447\u0435\u0441\u043a\u0443\u044e \u043f\u043e\u0434\u0433\u043e\u0442\u043e\u0432\u043a\u0443 \u0440\u0435\u0431\u044f\u0442 \u043e\u0442 1,5  \u0434\u043e 15 \u043b\u0435\u0442. \u0422\u0430\u043a\u0430\u044f \u0443\u0441\u043b\u0443\u0433\u0430 \u043f\u043e\u044f\u0432\u0438\u043b\u0430\u0441\u044c \u043d\u0430 \u043d\u0430\u0448\u0435\u043c \u0440\u044b\u043d\u043a\u0435 \u0441\u0440\u0430\u0432\u043d\u0438\u0442\u0435\u043b\u044c\u043d\u043e \u043d\u0435\u0434\u0430\u0432\u043d\u043e \u0438  \u0443\u0436\u0435 \u043f\u043e\u043b\u044c\u0437\u0443\u0435\u0442\u0441\u044f \u0434\u043e\u0441\u0442\u0430\u0442\u043e\u0447\u043d\u043e\u0439 \u043f\u043e\u043f\u0443\u043b\u044f\u0440\u043d\u043e\u0441\u0442\u044c\u044e.<br /> <br /> <strong>\u0414\u0435\u0442\u0441\u043a\u0438\u0439 \u0444\u0438\u0442\u043d\u0435\u0441</strong> - \u044d\u0442\u043e \u0443\u043d\u0438\u043a\u0430\u043b\u044c\u043d\u044b\u0435 \u0437\u0430\u043d\u044f\u0442\u0438\u044f, \u0441\u043e\u0435\u0434\u0438\u043d\u044f\u044e\u0449\u0438\u0435 \u0432 \u0441\u0435\u0431\u0435  \u044d\u043b\u0435\u043c\u0435\u043d\u0442\u044b \u0445\u043e\u0440\u0435\u043e\u0433\u0440\u0430\u0444\u0438\u0438, \u0433\u0438\u043c\u043d\u0430\u0441\u0442\u0438\u043a\u0438, \u0430\u044d\u0440\u043e\u0431\u0438\u043a\u0438, \u0442\u0430\u043d\u0446\u0435\u0432\u0430\u043b\u044c\u043d\u044b\u0445 \u0443\u0440\u043e\u043a\u043e\u0432,  \u0432\u043a\u043b\u044e\u0447\u0430\u044e\u0449\u0438\u0445 \u0440\u0430\u0437\u043b\u0438\u0447\u043d\u044b\u0435 \u0441\u0442\u0438\u043b\u0438 \u0438 \u043d\u0430\u043f\u0440\u0430\u0432\u043b\u0435\u043d\u0438\u044f, \u0439\u043e\u0433\u0438 \u0438 \u0432\u043e\u0441\u0442\u043e\u0447\u043d\u044b\u0445 \u0435\u0434\u0438\u043d\u043e\u0431\u043e\u0440\u0441\u0442\u0432.  \u0424\u0438\u0442\u043d\u0435\u0441 \u0434\u043b\u044f \u0434\u0435\u0442\u0435\u0439 \u0440\u0430\u0437\u0432\u0438\u0432\u0430\u0435\u0442 \u043d\u0435 \u0442\u043e\u043b\u044c\u043a\u043e \u043a\u043e\u043e\u0440\u0434\u0438\u043d\u0430\u0446\u0438\u044e, \u0433\u0438\u0431\u043a\u043e\u0441\u0442\u044c, \u0441\u0438\u043b\u043e\u0432\u044b\u0435  \u043a\u0430\u0447\u0435\u0441\u0442\u0432\u0430, \u043d\u043e \u0438 \u0447\u0443\u0432\u0441\u0442\u0432\u043e \u0440\u0438\u0442\u043c\u0430, \u0430\u0440\u0442\u0438\u0441\u0442\u0438\u0447\u043d\u043e\u0441\u0442\u044c. \u041a\u043e\u0440\u0440\u0435\u043a\u0442\u0438\u0440\u0443\u0435\u0442 \u043e\u0441\u0430\u043d\u043a\u0443, \u0441\u0442\u043e\u043f\u0443  \u043d\u043e\u0433\u0438, \u0432\u0435\u0440\u0445\u043d\u0438\u0439 \u043f\u043b\u0435\u0447\u0435\u0432\u043e\u0439 \u043f\u043e\u044f\u0441.<br /> <br /> \u0414\u0435\u0442\u0441\u043a\u0438\u0439 \u0444\u0438\u0442\u043d\u0435\u0441 - \u044d\u0442\u043e \u0437\u0434\u043e\u0440\u043e\u0432\u044c\u0435 \u0438 \u043e\u0442\u043b\u0438\u0447\u043d\u0430\u044f \u0444\u043e\u0440\u043c\u0430 \u0432\u0430\u0448\u0438\u0445 \u0434\u0435\u0442\u0435\u0439. \u0420\u0435\u0433\u0443\u043b\u044f\u0440\u043d\u044b\u0435  \u0437\u0430\u043d\u044f\u0442\u0438\u044f \u0441\u043f\u043e\u0440\u0442\u043e\u043c \u044f\u0432\u043b\u044f\u044e\u0442\u0441\u044f \u0433\u0430\u0440\u0430\u043d\u0442\u0438\u0435\u0439 \u0442\u043e\u0433\u043e, \u0447\u0442\u043e \u0441 \u0440\u0430\u043d\u043d\u0435\u0433\u043e \u0432\u043e\u0437\u0440\u0430\u0441\u0442\u0430 \u0434\u0435\u0442\u0438  \u0432\u043e\u0441\u043f\u0440\u0438\u043d\u0438\u043c\u0430\u044e\u0442 \u0444\u0438\u0437\u043a\u0443\u043b\u044c\u0442\u0443\u0440\u0443, \u043a\u0430\u043a \u043d\u0435\u043e\u0442\u044a\u0435\u043c\u043b\u0435\u043c\u0443\u044e \u0447\u0430\u0441\u0442\u044c \u0441\u0432\u043e\u0435\u0439 \u0436\u0438\u0437\u043d\u0438. \u0417\u0430\u043d\u044f\u0442\u0438\u044f \u043f\u043e  \u0444\u0438\u0442\u043d\u0435\u0441\u0443 \u043c\u0435\u043d\u0435\u0435 \u0442\u0440\u0430\u0432\u043c\u043e\u043e\u043f\u0430\u0441\u043d\u044b \u0438 \u043d\u0430\u0438\u0431\u043e\u043b\u0435\u0435 \u0438\u043d\u0442\u0435\u0440\u0435\u0441\u043d\u044b \u0434\u043b\u044f \u0434\u0435\u0442\u0435\u0439. \u041f\u043e\u0441\u0435\u0449\u0430\u044f  \u0434\u0435\u0442\u0441\u043a\u0438\u0439 \u0444\u0438\u0442\u043d\u0435\u0441-\u0446\u0435\u043d\u0442\u0440, \u0440\u0435\u0431\u044f\u0442\u0430 \u043f\u043e\u043b\u0443\u0447\u0430\u044e\u0442 \u043e\u043f\u044b\u0442 \u043e\u0431\u0449\u0435\u043d\u0438\u044f \u0441\u043e \u0441\u0432\u0435\u0440\u0441\u0442\u043d\u0438\u043a\u0430\u043c\u0438 \u0438  \u0432\u0437\u0440\u043e\u0441\u043b\u044b\u043c\u0438 \u043d\u0435 \u0438\u0437 \u0441\u0435\u043c\u0435\u0439\u043d\u043e\u0433\u043e \u043a\u0440\u0443\u0433\u0430, \u0438\u0433\u0440\u0430\u044e\u0442, \u0437\u0430\u043d\u0438\u043c\u0430\u044e\u0442\u0441\u044f. \u0417\u0434\u0435\u0441\u044c \u0434\u0435\u0442\u0438  \u0441\u0442\u0430\u043d\u043e\u0432\u044f\u0442\u0441\u044f \u0441\u0430\u043c\u043e\u0441\u0442\u043e\u044f\u0442\u0435\u043b\u044c\u043d\u0435\u0435.<br /> <br /> \u0417\u0430\u043d\u044f\u0442\u0438\u044f \u0437\u0430\u043a\u043b\u0430\u0434\u044b\u0432\u0430\u044e\u0442 \u0444\u0443\u043d\u0434\u0430\u043c\u0435\u043d\u0442 \u0434\u043b\u044f \u0431\u0443\u0434\u0443\u0449\u0435\u0433\u043e \u0444\u0438\u0437\u0438\u0447\u0435\u0441\u043a\u043e\u0433\u043e \u0438  \u043f\u0441\u0438\u0445\u043e\u043b\u043e\u0433\u0438\u0447\u0435\u0441\u043a\u043e\u0433\u043e \u0437\u0434\u043e\u0440\u043e\u0432\u044c\u044f. \u042d\u0442\u043e \u043e\u0442\u043b\u0438\u0447\u043d\u043e\u0435 \u0432\u0440\u0435\u043c\u044f\u043f\u0440\u0435\u043f\u0440\u043e\u0432\u043e\u0436\u0434\u0435\u043d\u0438\u0435, \u0432\u043e\u0437\u043c\u043e\u0436\u043d\u043e\u0441\u0442\u044c  \u0432\u044b\u043f\u043b\u0435\u0441\u043d\u0443\u0442\u044c \u043d\u0430\u043a\u043e\u043f\u0438\u0432\u0448\u0443\u044e\u0441\u044f \u044d\u043d\u0435\u0440\u0433\u0438\u044e, \u043e\u0441\u0432\u043e\u0435\u043d\u0438\u0435 \u0436\u0438\u0437\u043d\u0435\u043d\u043d\u043e \u043d\u0435\u043e\u0431\u0445\u043e\u0434\u0438\u043c\u044b\u0445 \u043d\u0430\u0432\u044b\u043a\u043e\u0432 \u0438  \u0443\u043c\u0435\u043d\u0438\u0439.<br /> <br /> \u041e\u043f\u044b\u0442\u043d\u044b\u0435 \u0438\u043d\u0441\u0442\u0440\u0443\u043a\u0442\u043e\u0440\u044b \u043d\u0430\u0443\u0447\u0430\u0442 \u0434\u0435\u0442\u0435\u0439 \u043a\u0440\u0430\u0441\u0438\u0432\u043e, \u0430 \u0433\u043b\u0430\u0432\u043d\u043e\u0435 \u043c\u043e\u0434\u043d\u043e \u0434\u0432\u0438\u0433\u0430\u0442\u044c\u0441\u044f \u0438  \u0438\u043c\u043f\u0440\u043e\u0432\u0438\u0437\u0438\u0440\u043e\u0432\u0430\u0442\u044c \u043f\u043e\u0434 \u043c\u0443\u0437\u044b\u043a\u0443, \u043f\u043e\u043c\u043e\u0433\u0443\u0442 \u043f\u0440\u0438\u043e\u0431\u0440\u0435\u0441\u0442\u0438 \u0443\u0432\u0435\u0440\u0435\u043d\u043d\u043e\u0441\u0442\u044c \u0432 \u0441\u0435\u0431\u0435! \u0414\u043b\u044f  \u0441\u0430\u043c\u044b\u0445 \u043c\u0430\u043b\u0435\u043d\u044c\u043a\u0438\u0445 \u0434\u0435\u0442\u0435\u0439 \u0444\u0438\u0442\u043d\u0435\u0441-\u0446\u0435\u043d\u0442\u0440 - \u044d\u0442\u043e \u0441\u0432\u043e\u0435\u043e\u0431\u0440\u0430\u0437\u043d\u0430\u044f \u043f\u043e\u0434\u0433\u043e\u0442\u043e\u0432\u043a\u0430 \u043a  \u0434\u0435\u0442\u0441\u043a\u043e\u043c\u0443 \u0441\u0430\u0434\u0438\u043a\u0443: \u0432 \u0434\u0435\u0442\u0441\u043a\u043e\u0439 \u0438\u0433\u0440\u043e\u0432\u043e\u0439 \u043a\u043e\u043c\u043d\u0430\u0442\u0435 \u043c\u0430\u043b\u044b\u0448\u0438 \u043d\u0430\u0445\u043e\u0434\u044f\u0442\u0441\u044f \u0431\u0435\u0437  \u0440\u043e\u0434\u0438\u0442\u0435\u043b\u0435\u0439. \u0414\u043e\u0431\u0440\u043e\u0436\u0435\u043b\u0430\u0442\u0435\u043b\u044c\u043d\u0430\u044f \u0430\u0442\u043c\u043e\u0441\u0444\u0435\u0440\u0430, \u0438\u0433\u0440\u043e\u0432\u0430\u044f \u0441\u0440\u0435\u0434\u0430, \u0443\u0432\u043b\u0435\u043a\u0430\u0442\u0435\u043b\u044c\u043d\u044b\u0435  \u0437\u0430\u043d\u044f\u0442\u0438\u044f \u043f\u043e\u043c\u043e\u0433\u0430\u044e\u0442 \u0434\u0435\u0442\u0438\u0448\u043a\u0430\u043c \u0430\u0434\u0430\u043f\u0442\u0438\u0440\u043e\u0432\u0430\u0442\u044c\u0441\u044f \u043a \u043e\u043a\u0440\u0443\u0436\u0430\u044e\u0449\u0435\u0439 \u043e\u0431\u0441\u0442\u0430\u043d\u043e\u0432\u043a\u0435  \u0441\u0430\u043c\u043e\u0441\u0442\u043e\u044f\u0442\u0435\u043b\u044c\u043d\u043e. \u0412\u043e\u0441\u043f\u0438\u0442\u0430\u043d\u0438\u0435 \u0432 \u0433\u0440\u0443\u043f\u043f\u0435 \u043f\u0440\u0435\u0434\u043f\u043e\u043b\u0430\u0433\u0430\u0435\u0442 \u043e\u0431\u0449\u0435\u043d\u0438\u0435, \u0430 \u043e\u0431\u0449\u0435\u043d\u0438\u0435 -  \u044d\u0442\u043e \u0442\u043e\u0436\u0435 \u0440\u0430\u0437\u0432\u0438\u0442\u0438\u0435!<br /> <br /> <strong>\u041e\u0441\u043d\u043e\u0432\u043d\u044b\u0435 \u043f\u0440\u043e\u0433\u0440\u0430\u043c\u043c\u044b \u0432 \u0434\u0435\u0442\u0441\u043a\u0438\u0445 \u0444\u0438\u0442\u043d\u0435\u0441-\u043a\u043b\u0443\u0431\u0430\u0445</strong><br /> <br /> <strong>\u0425\u043e\u0440\u0435\u043e\u0433\u0440\u0430\u0444\u0438\u044f</strong> - \u044d\u0442\u043e \u0438\u0433\u0440\u043e\u0432\u043e\u0439 \u0443\u0440\u043e\u043a \u0441 \u044d\u043b\u0435\u043c\u0435\u043d\u0442\u0430\u043c\u0438 \u0430\u043a\u0440\u043e\u0431\u0430\u0442\u0438\u043a\u0438,  \u043d\u0430\u043f\u0440\u0430\u0432\u043b\u0435\u043d\u043d\u044b\u0439 \u043d\u0430 \u0440\u0430\u0437\u0432\u0438\u0442\u0438\u0435 \u043b\u043e\u0432\u043a\u043e\u0441\u0442\u0438, \u043a\u043e\u043e\u0440\u0434\u0438\u043d\u0430\u0446\u0438\u0438, \u0431\u044b\u0441\u0442\u0440\u043e\u0442\u044b, \u044d\u0442\u043e \u0442\u0440\u0435\u043d\u0438\u0440\u043e\u0432\u043a\u0430  \u0432\u0441\u0435\u0445 \u0433\u0440\u0443\u043f\u043f \u043c\u044b\u0448\u0446 \u0438 \u0432\u0435\u0441\u0442\u0438\u0431\u0443\u043b\u044f\u0440\u043d\u043e\u0433\u043e \u0430\u043f\u043f\u0430\u0440\u0430\u0442\u0430.<br /> <br /> \u0422\u0430\u043d\u0446\u0435\u0432\u0430\u043b\u044c\u043d\u044b\u0435 \u0443\u0440\u043e\u043a\u0438 \u043f\u0440\u0438\u0432\u0438\u0432\u0430\u044e\u0442 \u043b\u044e\u0431\u043e\u0432\u044c \u043a \u0442\u0430\u043d\u0446\u0430\u043c, \u0432\u044b\u0440\u0430\u0431\u0430\u0442\u044b\u0432\u0430\u0435\u0442\u0441\u044f \u0440\u0430\u0441\u043a\u0440\u0435\u043f\u043e\u0449\u0435\u043d\u043d\u043e\u0441\u0442\u044c, \u043a\u0440\u0430\u0441\u0438\u0432\u0430\u044f \u043f\u043e\u0445\u043e\u0434\u043a\u0430 \u0438 \u043e\u0441\u0430\u043d\u043a\u0430.<br /> <br /> \u0421\u0443\u0449\u0435\u0441\u0442\u0432\u0443\u044e\u0442 \u0441\u043f\u0435\u0446\u0438\u0430\u043b\u044c\u043d\u044b\u0435 \u0432\u0438\u0434\u044b \u0434\u0435\u0442\u0441\u043a\u043e\u0439 \u0430\u044d\u0440\u043e\u0431\u0438\u043a\u0438: \u0437\u0432\u0435\u0440\u043e-\u0430\u044d\u0440\u043e\u0431\u0438\u043a\u0430 - \u0438\u043c\u0438\u0442\u0430\u0446\u0438\u044f  \u0434\u0432\u0438\u0436\u0435\u043d\u0438\u0439 \u0436\u0438\u0432\u043e\u0442\u043d\u044b\u0445; \u043b\u043e\u0433\u043e-\u0430\u044d\u0440\u043e\u0431\u0438\u043a\u0430 - \u0432\u044b\u043f\u043e\u043b\u043d\u0435\u043d\u0438\u0435 \u0444\u0438\u0437\u0438\u0447\u0435\u0441\u043a\u0438\u0445 \u0443\u043f\u0440\u0430\u0436\u043d\u0435\u043d\u0438\u0439 \u0441  \u043e\u0434\u043d\u043e\u0432\u0440\u0435\u043c\u0435\u043d\u043d\u044b\u043c \u043f\u0440\u043e\u0438\u0437\u043d\u043e\u0448\u0435\u043d\u0438\u0435\u043c \u0437\u0432\u0443\u043a\u043e\u0432 \u0438 \u0447\u0435\u0442\u0432\u0435\u0440\u043e\u0441\u0442\u0438\u0448\u0438\u0439.<br /> <br /> <strong>\u041a\u0430\u043f\u043e\u044d\u0439\u0440\u0430</strong> - \u044d\u0442\u043e \u0430\u0444\u0440\u043e-\u0431\u0440\u0430\u0437\u0438\u043b\u044c\u0441\u043a\u0438\u0439 \u0432\u0438\u0434 \u0431\u043e\u0435\u0432\u043e\u0433\u043e \u0438\u0441\u043a\u0443\u0441\u0441\u0442\u0432\u0430, \u0432 \u043a\u043e\u0442\u043e\u0440\u043e\u043c  \u0438\u0441\u043f\u043e\u043b\u044c\u0437\u0443\u0435\u0442\u0441\u044f \u043d\u0435\u043e\u0431\u044b\u0447\u043d\u0430\u044f \u0442\u0435\u0445\u043d\u0438\u043a\u0430 \u0434\u0432\u0438\u0436\u0435\u043d\u0438\u044f \u043d\u043e\u0433, \u0442\u0449\u0430\u0442\u0435\u043b\u044c\u043d\u043e \u043f\u0440\u043e\u0440\u0430\u0431\u043e\u0442\u0430\u043d\u043d\u044b\u0435  \u043f\u0435\u0440\u0435\u043c\u0435\u0449\u0435\u043d\u0438\u044f \u0432 \u043f\u0440\u043e\u0441\u0442\u0440\u0430\u043d\u0441\u0442\u0432\u0435. \u042d\u0442\u043e \u0440\u0430\u0437\u0432\u0438\u0432\u0430\u0435\u0442 \u043a\u043e\u043e\u0440\u0434\u0438\u043d\u0430\u0446\u0438\u044e \u0438 \u043e\u0441\u043d\u043e\u0432\u043d\u044b\u0435  \u0444\u0438\u0437\u0438\u0447\u0435\u0441\u043a\u0438\u0435 \u043a\u0430\u0447\u0435\u0441\u0442\u0432\u0430.<br /> <br /> \u0415\u0449\u0435 \u0432 \u043a\u043b\u0430\u0441\u0441\u0430\u0445 \u0434\u0435\u0442\u0441\u043a\u043e\u0433\u043e \u0444\u0438\u0442\u043d\u0435\u0441\u0430 \u0434\u0435\u0442\u0435\u0439 \u0443\u0447\u0430\u0442 \u043f\u043b\u0430\u0432\u0430\u0442\u044c, \u043b\u0430\u0437\u0438\u0442\u044c \u043f\u043e  \u0432\u0435\u0440\u0442\u0438\u043a\u0430\u043b\u044c\u043d\u044b\u043c \u043f\u043e\u0432\u0435\u0440\u0445\u043d\u043e\u0441\u0442\u044f\u043c (\u0443\u0440\u043e\u043a \u0441\u043a\u0430\u043b\u043e\u043b\u0430\u0437\u0430\u043d\u0438\u044f), \u0435\u0437\u0434\u0438\u0442\u044c \u043d\u0430 \u0432\u0435\u043b\u043e\u0441\u0438\u043f\u0435\u0434\u0435 \u0438  \u0440\u043e\u043b\u0438\u043a\u043e\u0432\u044b\u0445 \u043a\u043e\u043d\u044c\u043a\u0430\u0445.<br /> <br /> \u0414\u0435\u0442\u0441\u043a\u0438\u0439 \u0444\u0438\u0442\u043d\u0435\u0441-\u0443\u0440\u043e\u043a \u043f\u043e\u0434\u0447\u0438\u043d\u0435\u043d \u043f\u0440\u0438\u043d\u0446\u0438\u043f\u0443 \u0431\u0435\u0437\u043e\u043f\u0430\u0441\u043d\u043e\u0441\u0442\u0438. \u0417\u0434\u0435\u0441\u044c \u0442\u0449\u0430\u0442\u0435\u043b\u044c\u043d\u043e  \u043f\u0440\u043e\u0434\u0443\u043c\u0430\u043d\u043d\u0430\u044f \u043f\u0440\u043e\u0433\u0440\u0430\u043c\u043c\u0430 \u0437\u0430\u043d\u044f\u0442\u0438\u0439, \u043f\u043e\u0434\u0431\u043e\u0440 \u0443\u043f\u0440\u0430\u0436\u043d\u0435\u043d\u0438\u0439, \u0443\u0434\u043e\u0431\u043d\u043e\u0435 \u0438 \u0431\u0435\u0437\u043e\u043f\u0430\u0441\u043d\u043e\u0435  \u0441\u043f\u043e\u0440\u0442\u0438\u0432\u043d\u043e\u0435 \u043e\u0431\u043e\u0440\u0443\u0434\u043e\u0432\u0430\u043d\u0438\u0435, \u0432\u044b\u0441\u043e\u043a\u043e\u043a\u0432\u0430\u043b\u0438\u0444\u0438\u0446\u0438\u0440\u043e\u0432\u0430\u043d\u043d\u044b\u0435 \u0438\u043d\u0441\u0442\u0440\u0443\u043a\u0442\u043e\u0440\u044b,  \u043c\u0435\u0434\u0438\u0446\u0438\u043d\u0441\u043a\u0438\u0439 \u043a\u043e\u043d\u0442\u0440\u043e\u043b\u044c. \u041a \u0437\u0430\u043b\u0430\u043c, \u0433\u0434\u0435 \u043f\u0440\u043e\u0432\u043e\u0434\u044f\u0442\u0441\u044f \u0437\u0430\u043d\u044f\u0442\u0438\u044f, \u043f\u0440\u0435\u0434\u044a\u044f\u0432\u043b\u044f\u044e\u0442\u0441\u044f  \u0436\u0435\u0441\u0442\u043a\u0438\u0435 \u0441\u0430\u043d\u0438\u0442\u0430\u0440\u043d\u043e-\u0433\u0438\u0433\u0438\u0435\u043d\u0438\u0447\u0435\u0441\u043a\u0438\u0435 \u0442\u0440\u0435\u0431\u043e\u0432\u0430\u043d\u0438\u044f.<br /> <br /> \u0414\u0435\u0442\u0441\u043a\u0438\u0439 \u0444\u0438\u0442\u043d\u0435\u0441 - \u0443\u0441\u043b\u0443\u0433\u0430 \u043f\u043e\u043b\u0435\u0437\u043d\u0430\u044f \u0438 \u043f\u0435\u0440\u0441\u043f\u0435\u043a\u0442\u0438\u0432\u043d\u0430\u044f, \u043f\u043e\u0441\u043a\u043e\u043b\u044c\u043a\u0443 \u043f\u043e\u043c\u043e\u0433\u0430\u0435\u0442 \u0434\u043e\u043f\u043e\u043b\u0443\u0447\u0438\u0442\u044c \u0442\u043e, \u0447\u0442\u043e \u043d\u0435 \u0445\u0432\u0430\u0442\u0430\u0435\u0442 \u0432 \u0434\u0435\u0442\u0441\u043a\u043e\u043c \u0441\u0430\u0434\u0443 \u0438 \u0432 \u0448\u043a\u043e\u043b\u0435.</p>\n<p>\u0414\u0435\u0442\u0438 \u0432\u0441\u0435\u0433\u0434\u0430 \u0445\u043e\u0442\u044f\u0442 \u0431\u044b\u0442\u044c \u0432\u043e \u0432\u0441\u0435\u043c \u043f\u043e\u0445\u043e\u0436\u0438\u043c\u0438 \u043d\u0430 \u0441\u0432\u043e\u0438\u0445 \u0440\u043e\u0434\u0438\u0442\u0435\u043b\u0435\u0439, \u0445\u043e\u0442\u044f\u0442  \u043f\u0440\u0438\u043d\u0438\u043c\u0430\u0442\u044c \u0430\u043a\u0442\u0438\u0432\u043d\u043e\u0435 \u0443\u0447\u0430\u0441\u0442\u0438\u0435 \u0432 \u0438\u0445 \u0436\u0438\u0437\u043d\u0438, \u0431\u044b\u0442\u044c \u0442\u0430\u043a\u0438\u043c\u0438 \u0436\u0435 \u043a\u0440\u0430\u0441\u0438\u0432\u044b\u043c\u0438 \u043a\u0430\u043a \u043c\u0430\u043c\u0430  \u0438 \u043f\u0430\u043f\u0430, \u0438 \u043f\u0440\u0438\u0445\u043e\u0434\u044f \u043d\u0430 \u0437\u0430\u043d\u044f\u0442\u0438\u044f \u0432 \u0444\u0438\u0442\u043d\u0435\u0441 \u043a\u043b\u0443\u0431, \u043d\u0430\u0447\u0438\u043d\u0430\u044e\u0442 \u0432\u043e \u0432\u0441\u0435\u043c \u043f\u043e\u0434\u0440\u0430\u0436\u0430\u0442\u044c  \u0441\u0432\u043e\u0438\u043c, \u0443\u0436\u0435 \u0437\u0430\u043d\u0438\u043c\u0430\u044e\u0449\u0438\u043c\u0441\u044f \u0444\u0438\u0442\u043d\u0435\u0441\u043e\u043c \u0440\u043e\u0434\u0438\u0442\u0435\u043b\u044f\u043c. \u041d\u043e \u0447\u0430\u0441\u0442\u043e \u0431\u044b\u0432\u0430\u0435\u0442 \u0438 \u043d\u0430\u043e\u0431\u043e\u0440\u043e\u0442.  \u0420\u043e\u0434\u0438\u0442\u0435\u043b\u0438 \u043e\u0442\u0434\u0430\u044e\u0442 \u0440\u0435\u0431\u0435\u043d\u043a\u0430 \u0437\u0430\u043d\u0438\u043c\u0430\u0442\u044c\u0441\u044f \u0432 \u0434\u0435\u0442\u0441\u043a\u0438\u0435 \u0433\u0440\u0443\u043f\u043f\u044b \u0438 \u0432\u043c\u0435\u0441\u0442\u0435 \u0441\u043e \u0441\u0432\u043e\u0438\u043c  \u0447\u0430\u0434\u043e\u043c \u043e\u0441\u043e\u0437\u043d\u0430\u044e\u0442 \u043d\u0435\u043e\u0431\u0445\u043e\u0434\u0438\u043c\u043e\u0441\u0442\u044c \u0444\u0438\u0437\u0438\u0447\u0435\u0441\u043a\u043e\u0439 \u0430\u043a\u0442\u0438\u0432\u043d\u043e\u0441\u0442\u0438 \u0432 \u0436\u0438\u0437\u043d\u0438, \u0438 \u0441\u0430\u043c\u0438  \u043f\u0440\u0438\u0445\u043e\u0434\u044f\u0442 \u0432 \u0444\u0438\u0442\u043d\u0435\u0441. \u0412 \u0440\u0435\u0437\u0443\u043b\u044c\u0442\u0430\u0442\u0435 &ndash; \u0432\u0441\u0435 \u0437\u0430\u043d\u0438\u043c\u0430\u044e\u0442\u0441\u044f \u0444\u0438\u0442\u043d\u0435\u0441\u043e\u043c, \u0444\u043e\u0440\u043c\u0438\u0440\u0443\u0435\u0442\u0441\u044f  \u0437\u0434\u043e\u0440\u043e\u0432\u043e\u0435 \u043f\u043e\u043a\u043e\u043b\u0435\u043d\u0438\u0435, \u0440\u0435\u0448\u0430\u0435\u0442\u0441\u044f \u043e\u0441\u043d\u043e\u0432\u043d\u0430\u044f \u0446\u0435\u043b\u044c &ndash; \u0437\u0434\u043e\u0440\u043e\u0432\u044c\u0435 \u0447\u0435\u043b\u043e\u0432\u0435\u043a\u0430. \u0422\u0430\u043a  \u043f\u0440\u0438\u044f\u0442\u043d\u043e \u0441\u043c\u043e\u0442\u0440\u0435\u0442\u044c \u043d\u0430 \u0441\u0435\u043c\u044c\u044e, \u043a\u043e\u0442\u043e\u0440\u0430\u044f \u0441\u043f\u0435\u0448\u0438\u0442 \u0432 \u043d\u0430\u0448 \u043a\u043b\u0443\u0431: \u043f\u0430\u043f\u0430 \u043f\u043e\u0441\u043b\u0435 \u0440\u0430\u0431\u043e\u0442\u044b,  \u0440\u0435\u0431\u0435\u043d\u043e\u043a \u043f\u043e\u0441\u043b\u0435 \u0448\u043a\u043e\u043b\u044b, \u0430 \u043c\u0430\u043c\u0430, \u0435\u0434\u0432\u0430 \u0443\u0441\u043f\u0435\u0432 \u0440\u043e\u0434\u0438\u0442\u044c \u0432\u0442\u043e\u0440\u043e\u0433\u043e \u0438\u043b\u0438 \u0442\u0440\u0435\u0442\u044c\u0435\u0433\u043e  \u0440\u0435\u0431\u0435\u043d\u043a\u0430, \u043d\u0435 \u0442\u043e\u043b\u044c\u043a\u043e \u0443\u0436\u0435 \u0441\u0430\u043c\u0430 \u0442\u0440\u0435\u043d\u0438\u0440\u0443\u0435\u0442\u0441\u044f, \u043d\u043e \u0438 \u043f\u0440\u0438\u0432\u043e\u0434\u0438\u0442 \u0441\u0432\u043e\u0435\u0433\u043e \u043c\u0430\u043b\u044b\u0448\u0430 \u0432  \u043c\u0438\u0440 \u0444\u0438\u0442\u043d\u0435\u0441\u0430.<br /> <br /> \u042d\u0442\u043e \u043e\u0441\u043e\u0431\u0435\u043d\u043d\u043e \u0432\u0430\u0436\u043d\u043e, \u043f\u043e\u0442\u043e\u043c\u0443 \u0447\u0442\u043e \u0441 \u043a\u0430\u0436\u0434\u044b\u043c \u0433\u043e\u0434\u043e\u043c \u0440\u0430\u0441\u0442\u0435\u0442 \u043a\u043e\u043b\u0438\u0447\u0435\u0441\u0442\u0432\u043e \u0434\u0435\u0442\u0435\u0439 \u043d\u0435  \u043f\u043e\u0441\u0435\u0449\u0430\u044e\u0449\u0438\u0445 \u0434\u0435\u0442\u0441\u043a\u0438\u0435 \u0434\u043e\u0448\u043a\u043e\u043b\u044c\u043d\u044b\u0435 \u0443\u0447\u0440\u0435\u0436\u0434\u0435\u043d\u0438\u044f \u0438 \u043d\u0435 \u043f\u043e\u043b\u0443\u0447\u0430\u044e\u0449\u0438\u0445 \u0434\u043e\u0441\u0442\u0430\u0442\u043e\u0447\u043d\u043e\u0435  \u043a\u043e\u043b\u0438\u0447\u0435\u0441\u0442\u0432\u043e \u0434\u0432\u0438\u0433\u0430\u0442\u0435\u043b\u044c\u043d\u043e\u0439 \u0430\u043a\u0442\u0438\u0432\u043d\u043e\u0441\u0442\u0438. \u041d\u043e \u0435\u0441\u043b\u0438 \u0440\u0435\u0431\u0435\u043d\u043e\u043a \u0438 \u0445\u043e\u0434\u0438\u0442 \u0432 \u0434\u0435\u0442\u0441\u043a\u0438\u0439  \u0441\u0430\u0434 \u0438\u043b\u0438 \u0448\u043a\u043e\u043b\u0443, \u0442\u043e \u0437\u0430\u0447\u0430\u0441\u0442\u0443\u044e \u044d\u0442\u0438 \u0443\u0447\u0440\u0435\u0436\u0434\u0435\u043d\u0438\u044f, \u0432 \u0432\u0438\u0434\u0443 \u043f\u043b\u043e\u0445\u043e\u0433\u043e  \u0444\u0438\u043d\u0430\u043d\u0441\u0438\u0440\u043e\u0432\u0430\u043d\u0438\u044f, \u043d\u0435\u0434\u043e\u0441\u0442\u0430\u0442\u043a\u0430 \u0432\u044b\u0441\u043e\u043a\u043e\u043a\u0432\u0430\u043b\u0438\u0444\u0438\u0446\u0438\u0440\u043e\u0432\u0430\u043d\u043d\u044b\u0445 \u0441\u043f\u0435\u0446\u0438\u0430\u043b\u0438\u0441\u0442\u043e\u0432 \u0438  \u043e\u0431\u043e\u0440\u0443\u0434\u043e\u0432\u0430\u043d\u0438\u044f \u043d\u0435 \u043c\u043e\u0433\u0443\u0442 \u0440\u0435\u0448\u0438\u0442\u044c \u0446\u0435\u043b\u0438\u043a\u043e\u043c \u043e\u0437\u0434\u043e\u0440\u043e\u0432\u0438\u0442\u0435\u043b\u044c\u043d\u044b\u0435 \u0437\u0430\u0434\u0430\u0447\u0438 \u0444\u0438\u0437\u0438\u0447\u0435\u0441\u043a\u043e\u0433\u043e  \u0432\u043e\u0441\u043f\u0438\u0442\u0430\u043d\u0438\u044f, \u043d\u0435 \u0433\u043e\u0432\u043e\u0440\u044f \u0443\u0436\u0435 \u043e \u0442\u043e\u043c, \u0447\u0442\u043e \u043d\u0430 \u0437\u0430\u043d\u044f\u0442\u0438\u044f\u0445 \u0444\u0438\u0437\u043a\u0443\u043b\u044c\u0442\u0443\u0440\u043e\u0439 \u0432 \u0448\u043a\u043e\u043b\u0430\u0445 \u0438  \u0434\u0435\u0442\u0441\u043a\u0438\u0445 \u0441\u0430\u0434\u0430\u0445 \u0437\u0430\u0447\u0430\u0441\u0442\u0443\u044e \u0441\u043e\u0432\u0435\u0440\u0448\u0435\u043d\u043d\u043e \u043e\u0442\u0441\u0443\u0442\u0441\u0442\u0432\u0443\u0435\u0442 \u0438\u043d\u0434\u0438\u0432\u0438\u0434\u0443\u0430\u043b\u044c\u043d\u044b\u0439 \u043f\u043e\u0434\u0445\u043e\u0434 \u043a  \u0440\u0435\u0431\u0435\u043d\u043a\u0443, \u043d\u0435 \u0443\u0447\u0438\u0442\u044b\u0432\u0430\u044e\u0442\u0441\u044f \u0435\u0433\u043e \u043f\u0441\u0438\u0445\u043e\u043b\u043e\u0433\u0438\u0447\u0435\u0441\u043a\u0438\u0435 \u043e\u0441\u043e\u0431\u0435\u043d\u043d\u043e\u0441\u0442\u0438.<br /> <br /> \u041c\u043e\u0436\u043d\u043e, \u043a\u043e\u043d\u0435\u0447\u043d\u043e \u043e\u0442\u0434\u0430\u0442\u044c \u0440\u0435\u0431\u0435\u043d\u043a\u0430 \u0432 \u043a\u0430\u043a\u0443\u044e&ndash;\u043d\u0438\u0431\u0443\u0434\u044c \u0441\u043f\u043e\u0440\u0442\u0438\u0432\u043d\u0443\u044e \u0441\u0435\u043a\u0446\u0438\u044e. \u041d\u043e,  \u0437\u0430\u043d\u044f\u0442\u0438\u044f \u0432 \u044d\u0442\u0438\u0445 \u0441\u0435\u043a\u0446\u0438\u044f\u0445 \u043e\u0442\u043d\u0438\u043c\u0430\u044e\u0442 \u0443 \u0440\u0435\u0431\u0435\u043d\u043a\u0430 \u043c\u043d\u043e\u0433\u043e \u0441\u0438\u043b \u0438 \u0432\u0440\u0435\u043c\u0435\u043d\u0438, \u0447\u0442\u043e  \u043f\u043e\u0441\u0442\u0435\u043f\u0435\u043d\u043d\u043e \u043d\u0430\u0447\u0438\u043d\u0430\u0435\u0442 \u0441\u043a\u0430\u0437\u044b\u0432\u0430\u0442\u044c\u0441\u044f \u043d\u0430 \u0435\u0433\u043e \u0443\u0447\u0435\u0431\u0435 \u0438 \u043e\u0431\u0449\u0435\u043c \u0440\u0430\u0437\u0432\u0438\u0442\u0438\u0438, \u0434\u0430 \u0438  \u0447\u0438\u0441\u0442\u043e \u043f\u0441\u0438\u0445\u043e\u043b\u043e\u0433\u0438\u0447\u0435\u0441\u043a\u0438, \u0440\u0435\u0431\u0435\u043d\u043a\u0443 \u0431\u044b\u0432\u0430\u0435\u0442 \u043e\u0447\u0435\u043d\u044c \u0442\u044f\u0436\u0435\u043b\u043e \u0432 &laquo;\u0436\u0435\u0441\u0442\u043a\u0438\u0445&raquo; \u0443\u0441\u043b\u043e\u0432\u0438\u044f  &laquo;\u0431\u043e\u043b\u044c\u0448\u043e\u0433\u043e&raquo; \u0441\u043f\u043e\u0440\u0442\u0430, \u043a \u0442\u043e\u043c\u0443 \u0436\u0435 \u0432 \u0441\u043f\u043e\u0440\u0442\u0438\u0432\u043d\u044b\u0445 \u0441\u0435\u043a\u0446\u0438\u044f\u0445, \u0441 \u0438\u0445 \u043d\u0430\u0446\u0435\u043b\u0435\u043d\u043d\u043e\u0441\u0442\u044c\u044e \u043d\u0430  \u0440\u0435\u0437\u0443\u043b\u044c\u0442\u0430\u0442 \u043d\u0435\u0440\u0435\u0434\u043a\u0438 \u0441\u043b\u0443\u0447\u0430\u0438 \u0442\u0440\u0430\u0432\u043c \u0438 \u043f\u0435\u0440\u0435\u0433\u0440\u0443\u0437\u043e\u043a. \u0422\u0430\u043a \u0447\u0442\u043e \u0435\u0441\u043b\u0438 \u0432\u044b \u043d\u0435  \u043c\u0435\u0447\u0442\u0430\u0435\u0442\u0435 \u043e \u0441\u043f\u043e\u0440\u0442\u0438\u0432\u043d\u043e\u0439 \u043a\u0430\u0440\u044c\u0435\u0440\u0435 \u0434\u043b\u044f \u0441\u0432\u043e\u0435\u0433\u043e \u0440\u0435\u0431\u0435\u043d\u043a\u0430, \u0442\u043e \u0437\u0430\u043d\u044f\u0442\u0438\u0439 \u0444\u0438\u0442\u043d\u0435\u0441\u043e\u043c \u0432  \u043d\u0430\u0448\u0435\u043c \u043a\u043b\u0443\u0431\u0435, \u0433\u0434\u0435 \u043a\u0430\u0436\u0434\u044b\u0439 \u0440\u0435\u0431\u0435\u043d\u043e\u043a \u043f\u043e\u043b\u0443\u0447\u0430\u0435\u0442 \u043f\u043e\u043b\u043d\u043e\u0446\u0435\u043d\u043d\u0443\u044e \u043d\u0430\u0433\u0440\u0443\u0437\u043a\u0443,  \u0430\u0434\u0435\u043a\u0432\u0430\u0442\u043d\u0443\u044e \u0435\u0433\u043e \u0432\u043e\u0437\u0440\u0430\u0441\u0442\u0443, \u0432\u043f\u043e\u043b\u043d\u0435 \u0434\u043e\u0441\u0442\u0430\u0442\u043e\u0447\u043d\u043e \u0434\u043b\u044f \u0435\u0433\u043e \u0433\u0430\u0440\u043c\u043e\u043d\u0438\u0447\u043d\u043e\u0433\u043e, \u043a\u0430\u043a  \u0444\u0438\u0437\u0438\u0447\u0435\u0441\u043a\u043e\u0433\u043e, \u0442\u0430\u043a \u0438 \u0438\u043d\u0442\u0435\u043b\u043b\u0435\u043a\u0442\u0443\u0430\u043b\u044c\u043d\u043e\u0433\u043e \u0440\u0430\u0437\u0432\u0438\u0442\u0438\u044f.<br /> <br /> \u0427\u0435\u043c \u0445\u043e\u0440\u043e\u0448 \u0444\u0438\u0442\u043d\u0435\u0441 \u0434\u043b\u044f \u0440\u0435\u0431\u0435\u043d\u043a\u0430? \u0412\u043e-\u043f\u0435\u0440\u0432\u044b\u0445 \u0432 \u0444\u0438\u0442\u043d\u0435\u0441\u0435 \u043d\u0435\u0442 \u043f\u0440\u043e\u0444\u0435\u0441\u0441\u0438\u043e\u043d\u0430\u043b\u044c\u043d\u044b\u0445  \u0442\u0440\u0430\u0432\u043c, \u0430 \u0432\u043e-\u0432\u0442\u043e\u0440\u044b\u0445, \u043f\u0441\u0438\u0445\u0438\u043a\u0430 \u0440\u0435\u0431\u0435\u043d\u043a\u0430 \u043d\u0435 \u0442\u0440\u0430\u0432\u043c\u0438\u0440\u0443\u0435\u0442\u0441\u044f, \u043e\u043d \u043d\u0435 \u0447\u0443\u0432\u0441\u0442\u0432\u0443\u0435\u0442  \u0441\u0435\u0431\u044f &laquo;\u043d\u0435\u0443\u0434\u0430\u0447\u043d\u0438\u043a\u043e\u043c&raquo;, \u0435\u0441\u043b\u0438 \u043e\u043d \u043d\u0435 &laquo;\u043b\u0443\u0447\u0448\u0438\u0439&raquo;, \u043f\u043e\u0442\u043e\u043c\u0443 \u0447\u0442\u043e \u0434\u0435\u0442\u0441\u043a\u0438\u0439 \u0444\u0438\u0442\u043d\u0435\u0441 \u0432  \u043d\u0430\u0448\u0435\u043c \u043a\u043b\u0443\u0431\u0435 \u044f\u0432\u043b\u044f\u0435\u0442\u0441\u044f \u043f\u0440\u0435\u0436\u0434\u0435 \u0432\u0441\u0435\u0433\u043e \u0430\u0434\u0430\u043f\u0442\u0430\u0446\u0438\u043e\u043d\u043d\u044b\u043c \u0438 \u0430\u0434\u0430\u043f\u0442\u0438\u0440\u0443\u044e\u0449\u0438\u043c:  \u0430\u0434\u0430\u043f\u0442\u0430\u0446\u0438\u043e\u043d\u043d\u044b\u043c, \u0442\u0430\u043a \u043a\u0430\u043a \u0443\u0447\u0438\u0442 \u0436\u0438\u0442\u044c \u0432 \u0441\u043e\u0446\u0438\u0443\u043c\u0435; \u0430\u0434\u0430\u043f\u0442\u0438\u0440\u0443\u044e\u0449\u0438\u043c, \u0442\u0430\u043a \u043a\u0430\u043a \u043a  \u043a\u0430\u0436\u0434\u043e\u043c\u0443 \u0440\u0435\u0431\u0435\u043d\u043a\u0443 \u0438\u0441\u043f\u043e\u043b\u044c\u0437\u0443\u0435\u0442\u0441\u044f \u0438\u043d\u0434\u0438\u0432\u0438\u0434\u0443\u0430\u043b\u044c\u043d\u044b\u0439 \u043f\u043e\u0434\u0445\u043e\u0434.<br /> <br /> \u0413\u043b\u0430\u0432\u043d\u044b\u043c \u0438\u043d\u0441\u0442\u0440\u0443\u043c\u0435\u043d\u0442\u043e\u043c, \u043a\u043e\u0442\u043e\u0440\u044b\u0439 \u0432 \u0440\u0430\u0431\u043e\u0442\u0435 \u0441 \u0434\u0435\u0442\u044c\u043c\u0438 \u0438\u0441\u043f\u043e\u043b\u044c\u0437\u0443\u044e\u0442 \u043f\u0435\u0434\u0430\u0433\u043e\u0433\u0438  \u043d\u0430\u0448\u0435\u0433\u043e \u043a\u043b\u0443\u0431\u0430, \u044f\u0432\u043b\u044f\u0435\u0442\u0441\u044f \u0438\u0433\u0440\u0430. \u0420\u0435\u0431\u044f\u0442\u0430 \u043f\u043e\u043f\u0430\u0434\u0430\u044e\u0442 \u0432 \u043f\u0440\u043e\u0441\u0442\u043e\u0440\u043d\u044b\u0439 \u0437\u0430\u043b \u0438 \u0442\u0430\u043c \u0438\u0445  \u0436\u0434\u0435\u0442 \u0441\u043a\u0430\u0437\u043a\u0430. \u041d\u0430\u0441\u043a\u043e\u043b\u044c\u043a\u043e \u0436\u0435 \u0438\u043d\u0442\u0435\u0440\u0435\u0441\u043d\u043e \u043e\u0442\u043f\u0440\u0430\u0432\u0438\u0442\u044c\u0441\u044f \u0432 \u043f\u0443\u0442\u0435\u0448\u0435\u0441\u0442\u0432\u0438\u0435 \u043f\u043e  \u0442\u0440\u043e\u043f\u0438\u043d\u043a\u0430\u043c, \u0433\u043e\u0440\u043a\u0430\u043c, \u043f\u0435\u0449\u0435\u0440\u0430\u043c \u0438 \u043a\u043e\u0447\u043a\u0430\u043c! \u041f\u0435\u0434\u0430\u0433\u043e\u0433 \u043a\u0430\u0436\u0434\u044b\u0439 \u0440\u0430\u0437 \u0441\u043e\u0437\u0434\u0430\u0435\u0442 \u043d\u043e\u0432\u044b\u0435  \u0441\u044e\u0436\u0435\u0442\u044b \u0438 \u043f\u0443\u0442\u0438. \u0418 \u043a\u0430\u0436\u0434\u044b\u0439 \u0440\u0430\u0437 \u0440\u0430\u0437\u043d\u044b\u0435 \u0441\u043a\u0430\u0437\u043e\u0447\u043d\u044b\u0435 \u043f\u0435\u0440\u0441\u043e\u043d\u0430\u0436\u0438 \u043f\u0440\u0438\u0445\u043e\u0434\u044f\u0442 \u0432 \u0433\u043e\u0441\u0442\u0438.  \u0418 \u043d\u0438 \u043a\u0442\u043e \u043d\u0435 \u0441\u0442\u0430\u043d\u0435\u0442 \u043b\u0435\u043d\u0438\u0442\u044c\u0441\u044f &ndash; \u044d\u0442\u043e \u0436\u0435 \u0442\u0430\u043a \u0437\u0434\u043e\u0440\u043e\u0432\u043e, \u0440\u0430\u0437\u0431\u0443\u0434\u0438\u0442\u044c \u0441\u043f\u044f\u0449\u0443\u044e \u0432  \u0431\u0443\u0434\u043a\u0435 \u0441\u043e\u0431\u0430\u0447\u043a\u0443, \u0430 \u043f\u043e\u0442\u043e\u043c \u0443\u0431\u0435\u0436\u0430\u0442\u044c \u043e\u0442 \u043d\u0435\u0435 \u0438 \u043f\u0440\u044f\u0442\u0430\u0442\u044c\u0441\u044f \u0432 \u0441\u0432\u043e\u0439 \u0434\u043e\u043c\u0438\u043a. \u0418\u043b\u0438  \u043d\u0430\u043b\u043e\u0432\u0438\u0442\u044c \u0431\u043e\u043b\u044c\u0448\u0435 \u0432\u0441\u0435\u0445 \u0440\u044b\u0431\u044b. \u0414\u0435\u0442\u0438 \u0434\u0435\u043b\u0430\u044e\u0442 \u0434\u043e\u0432\u043e\u043b\u044c\u043d\u043e \u0441\u043b\u043e\u0436\u043d\u044b\u0435 \u0443\u043f\u0440\u0430\u0436\u043d\u0435\u043d\u0438\u044f \u043d\u0435  \u0437\u0430\u0434\u0443\u043c\u044b\u0432\u0430\u044f\u0441\u044c, \u0441 \u0443\u0434\u043e\u0432\u043e\u043b\u044c\u0441\u0442\u0432\u0438\u0435\u043c.<br /> <br /> \u041c\u043d\u043e\u0433\u0438\u0435 \u0432\u0430\u0436\u043d\u044b\u0435 \u043f\u0435\u0434\u0430\u0433\u043e\u0433\u0438\u0447\u0435\u0441\u043a\u0438\u0435 \u043c\u043e\u043c\u0435\u043d\u0442\u044b \u043b\u0435\u0433\u043a\u043e \u0440\u0435\u0430\u043b\u0438\u0437\u0443\u044e\u0442\u0441\u044f \u0447\u0435\u0440\u0435\u0437 \u0438\u0433\u0440\u0443. \u0422\u0430\u043a  \u043f\u0435\u0440\u0435\u0434\u0432\u0438\u0436\u0435\u043d\u0438\u044f \u043f\u043e \u0437\u0430\u043b\u0443 \u0432 \u0441\u043e\u043f\u0440\u043e\u0432\u043e\u0436\u0434\u0435\u043d\u0438\u0438 \u0440\u0435\u0447\u0435\u0432\u043e\u043a, \u0441\u043f\u043e\u0441\u043e\u0431\u0441\u0442\u0432\u0443\u0435\u0442 \u0440\u0430\u0437\u0432\u0438\u0442\u0438\u044e  \u0440\u0435\u0447\u0435\u0432\u043e\u0433\u043e \u0430\u043f\u043f\u0430\u0440\u0430\u0442\u0430. \u042d\u0442\u043e\u0442 \u043c\u0435\u0442\u043e\u0434 \u043d\u0430\u0437\u044b\u0432\u0430\u0435\u0442\u0441\u044f \u043b\u043e\u0433\u043e\u0440\u0438\u0442\u043c\u0438\u043a\u0430 &ndash; \u043f\u043e\u0434\u0433\u043e\u0442\u043e\u0432\u043a\u0430 \u0440\u0435\u0447\u0438 \u0432  \u0430\u0441\u0441\u043e\u0446\u0438\u0430\u0446\u0438\u0438 \u0441 \u0434\u0432\u0438\u0436\u0435\u043d\u0438\u0435\u043c. \u0412\u0435\u0434\u044c \u043e\u0447\u0435\u043d\u044c \u0432\u0430\u0436\u043d\u043e \u043f\u0440\u0438\u0439\u0442\u0438 \u0432 \u0448\u043a\u043e\u043b\u0443 \u0441 \u043f\u043e\u0441\u0442\u0430\u0432\u043b\u0435\u043d\u043d\u043e\u0439  \u0440\u0435\u0447\u044c\u044e \u0438 \u0445\u043e\u0440\u043e\u0448\u043e \u0440\u0430\u0437\u0432\u0438\u0442\u043e\u0439 \u043f\u0430\u043c\u044f\u0442\u044c\u044e. \u0412\u0441\u0435 \u043c\u044b \u0441 \u0434\u0435\u0442\u0441\u0442\u0432\u0430 \u043f\u043e\u043c\u043d\u0438\u043c \u0438\u0433\u0440\u0443 &laquo;\u0421\u043e\u0440\u043e\u043a\u0430&raquo;. \u0412  \u0430\u0440\u0441\u0435\u043d\u0430\u043b\u0435 \u0434\u0435\u0442\u0441\u043a\u043e\u0433\u043e \u0438\u043d\u0441\u0442\u0440\u0443\u043a\u0442\u043e\u0440\u0430 \u043d\u0430\u0448\u0435\u0433\u043e \u043a\u043b\u0443\u0431\u0430 \u0442\u0430\u043a\u0438\u0445 \u0438\u0433\u0440 \u0432\u0435\u043b\u0438\u043a\u043e\u0435 \u043c\u043d\u043e\u0436\u0435\u0441\u0442\u0432\u043e!  \u041f\u0430\u043b\u044c\u0447\u0438\u043a\u043e\u0432\u0430\u044f \u0433\u0438\u043c\u043d\u0430\u0441\u0442\u0438\u043a\u0430 \u0438 \u0443\u043f\u0440\u0430\u0436\u043d\u0435\u043d\u0438\u044f \u0434\u043b\u044f \u043f\u043b\u0435\u0447\u0435\u0432\u043e\u0433\u043e \u043f\u043e\u044f\u0441\u0430 \u0441\u043f\u043e\u0441\u043e\u0431\u0441\u0442\u0432\u0443\u044e\u0442 \u043d\u0435  \u0442\u043e\u043b\u044c\u043a\u043e \u0440\u0430\u0437\u0432\u0438\u0442\u0438\u044e \u043a\u0438\u0441\u0442\u0438, \u043d\u043e \u0438 \u0431\u043b\u0430\u0433\u043e\u0442\u0432\u043e\u0440\u043d\u043e \u0432\u043b\u0438\u044f\u044e\u0442 \u043d\u0430 \u0440\u0430\u0437\u0432\u0438\u0442\u0438\u0435 \u0440\u0435\u0447\u0438.<br /> <br /> \u0412 \u0441\u0442\u0435\u043d\u0430\u0445 \u043d\u0430\u0448\u0435\u0433\u043e \u043a\u043b\u0443\u0431\u0430 \u0443\u0436\u0435 \u0432\u0442\u043e\u0440\u043e\u0439 \u0433\u043e\u0434 \u0434\u0435\u0439\u0441\u0442\u0432\u0443\u044e\u0442 \u0445\u043e\u0440\u0435\u043e\u0433\u0440\u0430\u0444\u0438\u0447\u0435\u0441\u043a\u0438\u0435 \u0441\u0442\u0443\u0434\u0438\u0438,  \u043e\u0431\u0443\u0447\u0430\u044e\u0449\u0438\u0435 \u0440\u0430\u0437\u043b\u0438\u0447\u043d\u044b\u043c \u043d\u0430\u043f\u0440\u0430\u0432\u043b\u0435\u043d\u0438\u044f\u043c \u0442\u0430\u043d\u0446\u0430, \u0441 \u044d\u043b\u0435\u043c\u0435\u043d\u0442\u0430\u043c\u0438 \u0445\u0443\u0434\u043e\u0436\u0435\u0441\u0442\u0432\u0435\u043d\u043d\u043e\u0439  \u0433\u0438\u043c\u043d\u0430\u0441\u0442\u0438\u043a\u0438, \u043d\u0430\u043f\u0440\u0430\u0432\u043b\u0435\u043d\u043d\u044b\u0435 \u043d\u0430 \u0440\u0430\u0437\u0432\u0438\u0442\u0438\u0435 \u043a\u043e\u043e\u0440\u0434\u0438\u043d\u0430\u0446\u0438\u0438 \u0434\u0432\u0438\u0436\u0435\u043d\u0438\u0439, \u0433\u0438\u0431\u043a\u043e\u0441\u0442\u0438,  \u043f\u043b\u0430\u0441\u0442\u0438\u043a\u0438 \u0438 \u0433\u0440\u0430\u0446\u0438\u0438.<br /> <br /> \u041d\u043e \u043a\u0440\u0430\u0441\u043e\u0442\u0430 \u0442\u0435\u043b\u0430 \u043d\u0435\u0432\u043e\u0437\u043c\u043e\u0436\u043d\u0430 \u0431\u0435\u0437 \u043a\u0440\u0430\u0441\u043e\u0442\u044b \u0434\u0443\u0445\u0430, \u0438 \u0440\u0430\u0437\u0432\u0438\u0442\u0438\u0435 \u0447\u0435\u043b\u043e\u0432\u0435\u043a\u0430 &ndash; \u044d\u0442\u043e,  \u043f\u0440\u0435\u0436\u0434\u0435 \u0432\u0441\u0435\u0433\u043e, \u0440\u0430\u0437\u0432\u0438\u0442\u0438\u0435 \u0435\u0433\u043e \u0432\u043d\u0443\u0442\u0440\u0435\u043d\u043d\u0435\u0439 \u0433\u0430\u0440\u043c\u043e\u043d\u0438\u0438. \u041f\u043e\u0437\u043d\u0430\u0432\u0430\u0442\u0435\u043b\u044c\u043d\u044b\u0435 \u0443\u0440\u043e\u043a\u0438  \u0439\u043e\u0433\u0438 &ndash; \u044d\u0442\u043e \u0443\u043d\u0438\u0432\u0435\u0440\u0441\u0430\u043b\u044c\u043d\u0430\u044f \u0441\u0438\u0441\u0442\u0435\u043c\u0430 \u043e\u0437\u0434\u043e\u0440\u043e\u0432\u043b\u0435\u043d\u0438\u044f \u0440\u0435\u0431\u0435\u043d\u043a\u0430, \u0441\u043f\u043e\u0441\u043e\u0431\u0441\u0442\u0432\u0443\u044e\u0449\u0430\u044f  \u0435\u0433\u043e \u043d\u0440\u0430\u0432\u0441\u0442\u0432\u0435\u043d\u043d\u043e\u043c\u0443 \u0440\u0430\u0437\u0432\u0438\u0442\u0438\u044e, \u0443\u0441\u0438\u043b\u0435\u043d\u0438\u044e \u0438\u043c\u043c\u0443\u043d\u0438\u0442\u0435\u0442\u0430, \u0438\u0441\u043f\u0440\u0430\u0432\u043b\u0435\u043d\u0438\u044e \u043d\u0430\u0440\u0443\u0448\u0435\u043d\u0438\u0439  \u043e\u0441\u0430\u043d\u043a\u0438. \u0422\u0440\u0443\u0434\u043d\u043e \u043e\u0431\u044a\u044f\u0441\u043d\u0438\u0442\u044c \u0440\u0435\u0431\u0435\u043d\u043a\u0443 \u0437\u043d\u0430\u0447\u0438\u043c\u043e\u0441\u0442\u044c \u0434\u044b\u0445\u0430\u0442\u0435\u043b\u044c\u043d\u044b\u0445 \u0443\u043f\u0440\u0430\u0436\u043d\u0435\u043d\u0438\u0439,  \u0440\u0435\u0431\u0435\u043d\u043a\u0430 \u043c\u0430\u043b\u043e \u0438\u043d\u0442\u0435\u0440\u0435\u0441\u0443\u0435\u0442 \u0447\u0442\u043e \u044d\u0442\u0438 \u0443\u043f\u0440\u0430\u0436\u043d\u0435\u043d\u0438\u044f \u0442\u0440\u0435\u043d\u0438\u0440\u0443\u044e\u0442 \u0434\u044b\u0445\u0430\u0442\u0435\u043b\u044c\u043d\u0443\u044e \u0438  \u0441\u0435\u0440\u0434\u0435\u0447\u043d\u043e&ndash;\u0441\u043e\u0441\u0443\u0434\u0438\u0441\u0442\u0443\u044e \u0441\u0438\u0441\u0442\u0435\u043c\u044b \u0438 \u044f\u0432\u043b\u044f\u044e\u0442\u0441\u044f \u0445\u043e\u0440\u043e\u0448\u0438\u043c \u0441\u0440\u0435\u0434\u0441\u0442\u0432\u043e\u043c \u043f\u0440\u043e\u0444\u0438\u043b\u0430\u043a\u0442\u0438\u043a\u0438  \u0440\u0435\u0441\u043f\u0438\u0440\u0430\u0442\u043e\u0440\u043d\u044b\u0445 \u0437\u0430\u0431\u043e\u043b\u0435\u0432\u0430\u043d\u0438\u044f. \u041d\u043e \u0435\u0441\u043b\u0438 \u044d\u0442\u0438 \u0443\u043f\u0440\u0430\u0436\u043d\u0435\u043d\u0438\u044f \u043f\u0440\u0435\u043f\u043e\u0434\u043d\u043e\u0441\u044f\u0442\u0441\u044f \u0435\u043c\u0443 \u043a\u0430\u043a  \u0432\u0435\u0441\u0435\u043b\u0430\u044f \u0438 \u0438\u043d\u0442\u0435\u0440\u0435\u0441\u043d\u0430\u044f \u0438\u0433\u0440\u0430, \u0442\u043e \u043e\u043d \u0441\u0430\u043c \u0441 \u0443\u0434\u043e\u0432\u043e\u043b\u044c\u0441\u0442\u0432\u0438\u0435\u043c \u0441\u0442\u0430\u043d\u0435\u0442 &laquo;\u043f\u044b\u0445\u0442\u0435\u0442\u044c \u043a\u0430\u043a  \u043f\u0430\u0440\u043e\u0432\u043e\u0437&raquo; \u0438\u043b\u0438 \u0437\u0430\u0434\u0443\u0432\u0430\u0442\u044c \u0432\u043e\u043e\u0431\u0440\u0430\u0436\u0430\u0435\u043c\u0443\u044e \u0441\u0432\u0435\u0447\u0443.</p>"}}, {"pk": 6, "model": "lfc.page", "fields": {"text": "<p>\u0432\u044b\u0430\u044b\u0432\u0432\u0430\u044b\u0432 \u0432\u044b\u0430\u044b\u0432\u0430\u044b\u0432\u0430 \u0432\u044b\u0430\u044b\u0432\u0430\u044b</p>"}}, {"pk": 10, "model": "lfc.page", "fields": {"text": ""}}, {"pk": 7, "model": "lfc.page", "fields": {"text": ""}}, {"pk": 8, "model": "lfc.page", "fields": {"text": ""}}, {"pk": 1, "model": "lfc.image", "fields": {"description": "", "title": "\u043f\u0440\u043e\u0434\u0432\u0438\u043d\u0443\u0442\u044b\u0439 \u0434\u0430\u0439\u0432\u0438\u043d\u0433 \u043d\u0430 \u0431\u0430\u043b\u0438", "image": "uploads/\u043f\u0440\u043e\u0434\u0432\u0438\u043d\u0443\u0442\u044b\u0439_\u0434\u0430\u0439\u0432\u0438\u043d\u0433_\u043d\u0430_\u0431\u0430\u043b\u0438___.gif", "creation_date": "2011-02-22 13:55:18", "caption": "", "content_type": 18, "short_description": "", "position": 10, "content_id": 6, "slug": ""}}, {"pk": 4, "model": "lfc.image", "fields": {"description": "", "title": "\u043f\u0440\u043e\u0434\u0432\u0438\u043d\u0443\u0442\u044b\u0439 \u0434\u0430\u0439\u0432\u0438\u043d\u0433 \u043d\u0430 \u0431\u0430\u043b\u0438.gif", "image": "uploads/\u043f\u0440\u043e\u0434\u0432\u0438\u043d\u0443\u0442\u044b\u0439_\u0434\u0430\u0439\u0432\u0438\u043d\u0433_\u043d\u0430_\u0431\u0430\u043b\u0438____.gif", "creation_date": "2011-02-22 14:04:31", "caption": "", "content_type": 46, "short_description": "", "position": 10, "content_id": 4, "slug": ""}}, {"pk": 2, "model": "lfc.image", "fields": {"description": "", "title": "\u0434\u0430\u0439\u0432\u0438\u043d\u0433_\u0431\u0430\u043b\u0438", "image": "uploads/\u0434\u0430\u0439\u0432\u0438\u043d\u0433_\u0431\u0430\u043b\u0438.gif", "creation_date": "2011-02-22 13:55:18", "caption": "", "content_type": 18, "short_description": "", "position": 20, "content_id": 6, "slug": ""}}, {"pk": 3, "model": "lfc.image", "fields": {"description": "", "title": "islogo", "image": "uploads/islogo.png", "creation_date": "2011-02-22 13:59:45", "caption": "", "content_type": 18, "short_description": "", "position": 30, "content_id": 6, "slug": ""}}, {"pk": 1, "model": "portlets.portletassignment", "fields": {"slot": 2, "content_type": 16, "portlet_type": 47, "position": 1, "content_id": 1, "portlet_id": 1}}, {"pk": 2, "model": "portlets.portletassignment", "fields": {"slot": 2, "content_type": 45, "portlet_type": 47, "position": 1, "content_id": 2, "portlet_id": 2}}, {"pk": 1, "model": "portlets.portletblocking", "fields": {"slot": 2, "content_id": 2, "content_type": 45}}, {"pk": 1, "model": "portlets.portletregistration", "fields": {"active": true, "type": "navigationportlet", "name": "Navigation"}}, {"pk": 5, "model": "portlets.portletregistration", "fields": {"active": true, "type": "newsportlet", "name": "News"}}, {"pk": 2, "model": "portlets.portletregistration", "fields": {"active": true, "type": "pagesportlet", "name": "Pages"}}, {"pk": 3, "model": "portlets.portletregistration", "fields": {"active": true, "type": "randomportlet", "name": "Random"}}, {"pk": 4, "model": "portlets.portletregistration", "fields": {"active": true, "type": "textportlet", "name": "Text"}}, {"pk": 1, "model": "portlets.slot", "fields": {"name": "Left"}}, {"pk": 2, "model": "portlets.slot", "fields": {"name": "Right"}}, {"pk": 4, "model": "tagging.tag", "fields": {"name": "\u043a\u043b\u0443\u0431"}}, {"pk": 3, "model": "tagging.tag", "fields": {"name": "\u043f\u0443\u0442\u0435\u0448\u0435\u0441\u0442\u0432\u0438\u044f"}}, {"pk": 2, "model": "tagging.tag", "fields": {"name": "\u0440\u0430\u0437\u0432\u0438\u0442\u0438\u0435"}}, {"pk": 5, "model": "tagging.tag", "fields": {"name": "\u0441\u0442\u0430\u0442\u044c\u0438"}}, {"pk": 1, "model": "tagging.tag", "fields": {"name": "\u0444\u0438\u0442\u043d\u0435\u0441\u0441"}}, {"pk": 1, "model": "tagging.taggeditem", "fields": {"tag": 1, "object_id": 3, "content_type": 46}}, {"pk": 2, "model": "tagging.taggeditem", "fields": {"tag": 1, "object_id": 3, "content_type": 17}}, {"pk": 3, "model": "tagging.taggeditem", "fields": {"tag": 1, "object_id": 4, "content_type": 46}}, {"pk": 4, "model": "tagging.taggeditem", "fields": {"tag": 1, "object_id": 4, "content_type": 17}}, {"pk": 5, "model": "tagging.taggeditem", "fields": {"tag": 2, "object_id": 5, "content_type": 46}}, {"pk": 6, "model": "tagging.taggeditem", "fields": {"tag": 2, "object_id": 5, "content_type": 17}}, {"pk": 7, "model": "tagging.taggeditem", "fields": {"tag": 3, "object_id": 4, "content_type": 46}}, {"pk": 8, "model": "tagging.taggeditem", "fields": {"tag": 3, "object_id": 4, "content_type": 17}}, {"pk": 9, "model": "tagging.taggeditem", "fields": {"tag": 1, "object_id": 6, "content_type": 18}}, {"pk": 10, "model": "tagging.taggeditem", "fields": {"tag": 1, "object_id": 6, "content_type": 17}}, {"pk": 11, "model": "tagging.taggeditem", "fields": {"tag": 4, "object_id": 9, "content_type": 18}}, {"pk": 12, "model": "tagging.taggeditem", "fields": {"tag": 4, "object_id": 9, "content_type": 17}}, {"pk": 13, "model": "tagging.taggeditem", "fields": {"tag": 5, "object_id": 10, "content_type": 18}}, {"pk": 14, "model": "tagging.taggeditem", "fields": {"tag": 5, "object_id": 10, "content_type": 17}}, {"pk": 15, "model": "tagging.taggeditem", "fields": {"tag": 1, "object_id": 11, "content_type": 18}}, {"pk": 16, "model": "tagging.taggeditem", "fields": {"tag": 1, "object_id": 11, "content_type": 17}}, {"pk": 1, "model": "workflows.workflow", "fields": {"initial_state": 1, "name": "Simple"}}, {"pk": 2, "model": "workflows.workflow", "fields": {"initial_state": 3, "name": "Portal"}}, {"pk": 1, "model": "workflows.state", "fields": {"transitions": [1], "name": "Private", "workflow": 1}}, {"pk": 3, "model": "workflows.state", "fields": {"transitions": [3, 4], "name": "Private", "workflow": 2}}, {"pk": 2, "model": "workflows.state", "fields": {"transitions": [2], "name": "Public", "workflow": 1}}, {"pk": 5, "model": "workflows.state", "fields": {"transitions": [5], "name": "Public", "workflow": 2}}, {"pk": 4, "model": "workflows.state", "fields": {"transitions": [4, 6], "name": "Submitted", "workflow": 2}}, {"pk": 1, "model": "workflows.transition", "fields": {"permission": null, "destination": 2, "name": "Make public", "condition": "", "workflow": 1}}, {"pk": 2, "model": "workflows.transition", "fields": {"permission": null, "destination": 1, "name": "Make private", "condition": "", "workflow": 1}}, {"pk": 3, "model": "workflows.transition", "fields": {"permission": 7, "destination": 4, "name": "Submit", "condition": "", "workflow": 2}}, {"pk": 4, "model": "workflows.transition", "fields": {"permission": 6, "destination": 5, "name": "Make public", "condition": "", "workflow": 2}}, {"pk": 5, "model": "workflows.transition", "fields": {"permission": 3, "destination": 3, "name": "Make private", "condition": "", "workflow": 2}}, {"pk": 6, "model": "workflows.transition", "fields": {"permission": 8, "destination": 3, "name": "Reject", "condition": "", "workflow": 2}}, {"pk": 1, "model": "workflows.stateobjectrelation", "fields": {"state": 5, "content_id": 1, "content_type": 18}}, {"pk": 2, "model": "workflows.stateobjectrelation", "fields": {"state": 5, "content_id": 6, "content_type": 18}}, {"pk": 3, "model": "workflows.stateobjectrelation", "fields": {"state": 5, "content_id": 7, "content_type": 18}}, {"pk": 4, "model": "workflows.stateobjectrelation", "fields": {"state": 5, "content_id": 8, "content_type": 18}}, {"pk": 5, "model": "workflows.stateobjectrelation", "fields": {"state": 3, "content_id": 9, "content_type": 18}}, {"pk": 6, "model": "workflows.stateobjectrelation", "fields": {"state": 5, "content_id": 10, "content_type": 18}}, {"pk": 7, "model": "workflows.stateobjectrelation", "fields": {"state": 5, "content_id": 11, "content_type": 18}}, {"pk": 1, "model": "workflows.workflowmodelrelation", "fields": {"content_type": 18, "workflow": 2}}, {"pk": 1, "model": "workflows.workflowpermissionrelation", "fields": {"permission": 1, "workflow": 1}}, {"pk": 2, "model": "workflows.workflowpermissionrelation", "fields": {"permission": 2, "workflow": 1}}, {"pk": 3, "model": "workflows.workflowpermissionrelation", "fields": {"permission": 3, "workflow": 1}}, {"pk": 4, "model": "workflows.workflowpermissionrelation", "fields": {"permission": 4, "workflow": 1}}, {"pk": 5, "model": "workflows.workflowpermissionrelation", "fields": {"permission": 1, "workflow": 2}}, {"pk": 6, "model": "workflows.workflowpermissionrelation", "fields": {"permission": 2, "workflow": 2}}, {"pk": 7, "model": "workflows.workflowpermissionrelation", "fields": {"permission": 3, "workflow": 2}}, {"pk": 8, "model": "workflows.workflowpermissionrelation", "fields": {"permission": 4, "workflow": 2}}, {"pk": 1, "model": "workflows.stateinheritanceblock", "fields": {"state": 1, "permission": 1}}, {"pk": 2, "model": "workflows.stateinheritanceblock", "fields": {"state": 1, "permission": 2}}, {"pk": 3, "model": "workflows.stateinheritanceblock", "fields": {"state": 1, "permission": 3}}, {"pk": 4, "model": "workflows.stateinheritanceblock", "fields": {"state": 1, "permission": 4}}, {"pk": 5, "model": "workflows.stateinheritanceblock", "fields": {"state": 2, "permission": 1}}, {"pk": 6, "model": "workflows.stateinheritanceblock", "fields": {"state": 2, "permission": 2}}, {"pk": 7, "model": "workflows.stateinheritanceblock", "fields": {"state": 2, "permission": 3}}, {"pk": 8, "model": "workflows.stateinheritanceblock", "fields": {"state": 2, "permission": 4}}, {"pk": 9, "model": "workflows.stateinheritanceblock", "fields": {"state": 3, "permission": 1}}, {"pk": 10, "model": "workflows.stateinheritanceblock", "fields": {"state": 3, "permission": 2}}, {"pk": 11, "model": "workflows.stateinheritanceblock", "fields": {"state": 3, "permission": 3}}, {"pk": 12, "model": "workflows.stateinheritanceblock", "fields": {"state": 3, "permission": 4}}, {"pk": 13, "model": "workflows.stateinheritanceblock", "fields": {"state": 4, "permission": 1}}, {"pk": 14, "model": "workflows.stateinheritanceblock", "fields": {"state": 4, "permission": 2}}, {"pk": 15, "model": "workflows.stateinheritanceblock", "fields": {"state": 4, "permission": 3}}, {"pk": 16, "model": "workflows.stateinheritanceblock", "fields": {"state": 4, "permission": 4}}, {"pk": 17, "model": "workflows.stateinheritanceblock", "fields": {"state": 5, "permission": 1}}, {"pk": 18, "model": "workflows.stateinheritanceblock", "fields": {"state": 5, "permission": 2}}, {"pk": 19, "model": "workflows.stateinheritanceblock", "fields": {"state": 5, "permission": 3}}, {"pk": 1, "model": "workflows.statepermissionrelation", "fields": {"state": 1, "role": 2, "permission": 1}}, {"pk": 2, "model": "workflows.statepermissionrelation", "fields": {"state": 1, "role": 2, "permission": 2}}, {"pk": 3, "model": "workflows.statepermissionrelation", "fields": {"state": 1, "role": 2, "permission": 3}}, {"pk": 4, "model": "workflows.statepermissionrelation", "fields": {"state": 1, "role": 2, "permission": 4}}, {"pk": 5, "model": "workflows.statepermissionrelation", "fields": {"state": 1, "role": 6, "permission": 1}}, {"pk": 6, "model": "workflows.statepermissionrelation", "fields": {"state": 1, "role": 6, "permission": 2}}, {"pk": 7, "model": "workflows.statepermissionrelation", "fields": {"state": 1, "role": 6, "permission": 3}}, {"pk": 8, "model": "workflows.statepermissionrelation", "fields": {"state": 1, "role": 6, "permission": 4}}, {"pk": 9, "model": "workflows.statepermissionrelation", "fields": {"state": 2, "role": 1, "permission": 4}}, {"pk": 10, "model": "workflows.statepermissionrelation", "fields": {"state": 2, "role": 3, "permission": 4}}, {"pk": 11, "model": "workflows.statepermissionrelation", "fields": {"state": 2, "role": 4, "permission": 4}}, {"pk": 12, "model": "workflows.statepermissionrelation", "fields": {"state": 2, "role": 5, "permission": 4}}, {"pk": 13, "model": "workflows.statepermissionrelation", "fields": {"state": 2, "role": 2, "permission": 1}}, {"pk": 14, "model": "workflows.statepermissionrelation", "fields": {"state": 2, "role": 2, "permission": 2}}, {"pk": 15, "model": "workflows.statepermissionrelation", "fields": {"state": 2, "role": 2, "permission": 3}}, {"pk": 16, "model": "workflows.statepermissionrelation", "fields": {"state": 2, "role": 2, "permission": 4}}, {"pk": 17, "model": "workflows.statepermissionrelation", "fields": {"state": 2, "role": 6, "permission": 1}}, {"pk": 18, "model": "workflows.statepermissionrelation", "fields": {"state": 2, "role": 6, "permission": 2}}, {"pk": 19, "model": "workflows.statepermissionrelation", "fields": {"state": 2, "role": 6, "permission": 3}}, {"pk": 20, "model": "workflows.statepermissionrelation", "fields": {"state": 2, "role": 6, "permission": 4}}, {"pk": 21, "model": "workflows.statepermissionrelation", "fields": {"state": 3, "role": 2, "permission": 1}}, {"pk": 22, "model": "workflows.statepermissionrelation", "fields": {"state": 3, "role": 2, "permission": 2}}, {"pk": 23, "model": "workflows.statepermissionrelation", "fields": {"state": 3, "role": 2, "permission": 3}}, {"pk": 24, "model": "workflows.statepermissionrelation", "fields": {"state": 3, "role": 2, "permission": 4}}, {"pk": 25, "model": "workflows.statepermissionrelation", "fields": {"state": 3, "role": 6, "permission": 1}}, {"pk": 26, "model": "workflows.statepermissionrelation", "fields": {"state": 3, "role": 6, "permission": 2}}, {"pk": 27, "model": "workflows.statepermissionrelation", "fields": {"state": 3, "role": 6, "permission": 3}}, {"pk": 28, "model": "workflows.statepermissionrelation", "fields": {"state": 3, "role": 6, "permission": 4}}, {"pk": 29, "model": "workflows.statepermissionrelation", "fields": {"state": 3, "role": 3, "permission": 1}}, {"pk": 30, "model": "workflows.statepermissionrelation", "fields": {"state": 3, "role": 3, "permission": 2}}, {"pk": 31, "model": "workflows.statepermissionrelation", "fields": {"state": 3, "role": 3, "permission": 3}}, {"pk": 32, "model": "workflows.statepermissionrelation", "fields": {"state": 3, "role": 3, "permission": 4}}, {"pk": 33, "model": "workflows.statepermissionrelation", "fields": {"state": 4, "role": 2, "permission": 4}}, {"pk": 34, "model": "workflows.statepermissionrelation", "fields": {"state": 4, "role": 6, "permission": 1}}, {"pk": 35, "model": "workflows.statepermissionrelation", "fields": {"state": 4, "role": 6, "permission": 2}}, {"pk": 36, "model": "workflows.statepermissionrelation", "fields": {"state": 4, "role": 6, "permission": 3}}, {"pk": 37, "model": "workflows.statepermissionrelation", "fields": {"state": 4, "role": 6, "permission": 4}}, {"pk": 38, "model": "workflows.statepermissionrelation", "fields": {"state": 4, "role": 3, "permission": 1}}, {"pk": 39, "model": "workflows.statepermissionrelation", "fields": {"state": 4, "role": 3, "permission": 2}}, {"pk": 40, "model": "workflows.statepermissionrelation", "fields": {"state": 4, "role": 3, "permission": 3}}, {"pk": 41, "model": "workflows.statepermissionrelation", "fields": {"state": 4, "role": 3, "permission": 4}}, {"pk": 42, "model": "workflows.statepermissionrelation", "fields": {"state": 4, "role": 5, "permission": 4}}, {"pk": 43, "model": "workflows.statepermissionrelation", "fields": {"state": 5, "role": 6, "permission": 1}}, {"pk": 44, "model": "workflows.statepermissionrelation", "fields": {"state": 5, "role": 6, "permission": 2}}, {"pk": 45, "model": "workflows.statepermissionrelation", "fields": {"state": 5, "role": 6, "permission": 3}}, {"pk": 46, "model": "workflows.statepermissionrelation", "fields": {"state": 5, "role": 6, "permission": 4}}, {"pk": 47, "model": "workflows.statepermissionrelation", "fields": {"state": 5, "role": 3, "permission": 1}}, {"pk": 48, "model": "workflows.statepermissionrelation", "fields": {"state": 5, "role": 3, "permission": 2}}, {"pk": 49, "model": "workflows.statepermissionrelation", "fields": {"state": 5, "role": 3, "permission": 3}}, {"pk": 50, "model": "workflows.statepermissionrelation", "fields": {"state": 5, "role": 3, "permission": 4}}, {"pk": 51, "model": "workflows.statepermissionrelation", "fields": {"state": 5, "role": 2, "permission": 4}}, {"pk": 52, "model": "workflows.statepermissionrelation", "fields": {"state": 5, "role": 4, "permission": 4}}, {"pk": 53, "model": "workflows.statepermissionrelation", "fields": {"state": 5, "role": 5, "permission": 4}}, {"pk": 1, "model": "permissions.permission", "fields": {"content_types": [], "codename": "add", "name": "Add"}}, {"pk": 2, "model": "permissions.permission", "fields": {"content_types": [], "codename": "delete", "name": "Delete"}}, {"pk": 3, "model": "permissions.permission", "fields": {"content_types": [], "codename": "edit", "name": "Edit"}}, {"pk": 4, "model": "permissions.permission", "fields": {"content_types": [], "codename": "view", "name": "View"}}, {"pk": 5, "model": "permissions.permission", "fields": {"content_types": [], "codename": "manage_content", "name": "Manage content"}}, {"pk": 6, "model": "permissions.permission", "fields": {"content_types": [], "codename": "publish", "name": "Publish"}}, {"pk": 7, "model": "permissions.permission", "fields": {"content_types": [], "codename": "submit", "name": "Submit"}}, {"pk": 8, "model": "permissions.permission", "fields": {"content_types": [], "codename": "reject", "name": "Reject"}}, {"pk": 9, "model": "permissions.permission", "fields": {"content_types": [6], "codename": "manage_portal", "name": "Manage portal"}}, {"pk": 10, "model": "permissions.permission", "fields": {"content_types": [6], "codename": "review", "name": "Review"}}, {"pk": 1, "model": "permissions.objectpermission", "fields": {"content_id": 1, "role": 1, "content_type": 16, "permission": 4}}, {"pk": 2, "model": "permissions.objectpermission", "fields": {"content_id": 1, "role": 3, "content_type": 16, "permission": 1}}, {"pk": 3, "model": "permissions.objectpermission", "fields": {"content_id": 1, "role": 3, "content_type": 16, "permission": 2}}, {"pk": 4, "model": "permissions.objectpermission", "fields": {"content_id": 1, "role": 3, "content_type": 16, "permission": 4}}, {"pk": 5, "model": "permissions.objectpermission", "fields": {"content_id": 1, "role": 3, "content_type": 16, "permission": 3}}, {"pk": 6, "model": "permissions.objectpermission", "fields": {"content_id": 1, "role": 6, "content_type": 16, "permission": 1}}, {"pk": 7, "model": "permissions.objectpermission", "fields": {"content_id": 1, "role": 6, "content_type": 16, "permission": 2}}, {"pk": 8, "model": "permissions.objectpermission", "fields": {"content_id": 1, "role": 6, "content_type": 16, "permission": 3}}, {"pk": 9, "model": "permissions.objectpermission", "fields": {"content_id": 1, "role": 6, "content_type": 16, "permission": 9}}, {"pk": 10, "model": "permissions.objectpermission", "fields": {"content_id": 1, "role": 6, "content_type": 16, "permission": 5}}, {"pk": 11, "model": "permissions.objectpermission", "fields": {"content_id": 1, "role": 6, "content_type": 16, "permission": 4}}, {"pk": 12, "model": "permissions.objectpermission", "fields": {"content_id": 1, "role": 6, "content_type": 16, "permission": 7}}, {"pk": 13, "model": "permissions.objectpermission", "fields": {"content_id": 1, "role": 6, "content_type": 16, "permission": 8}}, {"pk": 14, "model": "permissions.objectpermission", "fields": {"content_id": 1, "role": 6, "content_type": 16, "permission": 10}}, {"pk": 15, "model": "permissions.objectpermission", "fields": {"content_id": 1, "role": 6, "content_type": 16, "permission": 6}}, {"pk": 16, "model": "permissions.objectpermission", "fields": {"content_id": 1, "role": 2, "content_type": 16, "permission": 1}}, {"pk": 17, "model": "permissions.objectpermission", "fields": {"content_id": 1, "role": 2, "content_type": 16, "permission": 2}}, {"pk": 18, "model": "permissions.objectpermission", "fields": {"content_id": 1, "role": 2, "content_type": 16, "permission": 3}}, {"pk": 19, "model": "permissions.objectpermission", "fields": {"content_id": 1, "role": 2, "content_type": 16, "permission": 8}}, {"pk": 20, "model": "permissions.objectpermission", "fields": {"content_id": 1, "role": 2, "content_type": 16, "permission": 7}}, {"pk": 21, "model": "permissions.objectpermission", "fields": {"content_id": 1, "role": 2, "content_type": 16, "permission": 4}}, {"pk": 22, "model": "permissions.objectpermission", "fields": {"content_id": 1, "role": 4, "content_type": 16, "permission": 4}}, {"pk": 23, "model": "permissions.objectpermission", "fields": {"content_id": 1, "role": 5, "content_type": 16, "permission": 4}}, {"pk": 24, "model": "permissions.objectpermission", "fields": {"content_id": 1, "role": 5, "content_type": 16, "permission": 6}}, {"pk": 25, "model": "permissions.objectpermission", "fields": {"content_id": 1, "role": 5, "content_type": 16, "permission": 8}}, {"pk": 26, "model": "permissions.objectpermission", "fields": {"content_id": 1, "role": 5, "content_type": 16, "permission": 10}}, {"pk": 27, "model": "permissions.objectpermission", "fields": {"content_id": 1, "role": 6, "content_type": 18, "permission": 1}}, {"pk": 28, "model": "permissions.objectpermission", "fields": {"content_id": 1, "role": 6, "content_type": 18, "permission": 2}}, {"pk": 29, "model": "permissions.objectpermission", "fields": {"content_id": 1, "role": 6, "content_type": 18, "permission": 3}}, {"pk": 30, "model": "permissions.objectpermission", "fields": {"content_id": 1, "role": 6, "content_type": 18, "permission": 4}}, {"pk": 31, "model": "permissions.objectpermission", "fields": {"content_id": 1, "role": 3, "content_type": 18, "permission": 1}}, {"pk": 32, "model": "permissions.objectpermission", "fields": {"content_id": 1, "role": 3, "content_type": 18, "permission": 2}}, {"pk": 33, "model": "permissions.objectpermission", "fields": {"content_id": 1, "role": 3, "content_type": 18, "permission": 3}}, {"pk": 34, "model": "permissions.objectpermission", "fields": {"content_id": 1, "role": 3, "content_type": 18, "permission": 4}}, {"pk": 35, "model": "permissions.objectpermission", "fields": {"content_id": 1, "role": 2, "content_type": 18, "permission": 4}}, {"pk": 36, "model": "permissions.objectpermission", "fields": {"content_id": 1, "role": 4, "content_type": 18, "permission": 4}}, {"pk": 37, "model": "permissions.objectpermission", "fields": {"content_id": 1, "role": 5, "content_type": 18, "permission": 4}}, {"pk": 74, "model": "permissions.objectpermission", "fields": {"content_id": 9, "role": 2, "content_type": 18, "permission": 1}}, {"pk": 75, "model": "permissions.objectpermission", "fields": {"content_id": 9, "role": 2, "content_type": 18, "permission": 2}}, {"pk": 76, "model": "permissions.objectpermission", "fields": {"content_id": 9, "role": 2, "content_type": 18, "permission": 3}}, {"pk": 77, "model": "permissions.objectpermission", "fields": {"content_id": 9, "role": 2, "content_type": 18, "permission": 4}}, {"pk": 78, "model": "permissions.objectpermission", "fields": {"content_id": 9, "role": 6, "content_type": 18, "permission": 1}}, {"pk": 79, "model": "permissions.objectpermission", "fields": {"content_id": 9, "role": 6, "content_type": 18, "permission": 2}}, {"pk": 80, "model": "permissions.objectpermission", "fields": {"content_id": 9, "role": 6, "content_type": 18, "permission": 3}}, {"pk": 81, "model": "permissions.objectpermission", "fields": {"content_id": 9, "role": 6, "content_type": 18, "permission": 4}}, {"pk": 82, "model": "permissions.objectpermission", "fields": {"content_id": 9, "role": 3, "content_type": 18, "permission": 1}}, {"pk": 83, "model": "permissions.objectpermission", "fields": {"content_id": 9, "role": 3, "content_type": 18, "permission": 2}}, {"pk": 84, "model": "permissions.objectpermission", "fields": {"content_id": 9, "role": 3, "content_type": 18, "permission": 3}}, {"pk": 85, "model": "permissions.objectpermission", "fields": {"content_id": 9, "role": 3, "content_type": 18, "permission": 4}}, {"pk": 86, "model": "permissions.objectpermission", "fields": {"content_id": 6, "role": 6, "content_type": 18, "permission": 1}}, {"pk": 87, "model": "permissions.objectpermission", "fields": {"content_id": 6, "role": 6, "content_type": 18, "permission": 2}}, {"pk": 88, "model": "permissions.objectpermission", "fields": {"content_id": 6, "role": 6, "content_type": 18, "permission": 3}}, {"pk": 89, "model": "permissions.objectpermission", "fields": {"content_id": 6, "role": 6, "content_type": 18, "permission": 4}}, {"pk": 90, "model": "permissions.objectpermission", "fields": {"content_id": 6, "role": 3, "content_type": 18, "permission": 1}}, {"pk": 91, "model": "permissions.objectpermission", "fields": {"content_id": 6, "role": 3, "content_type": 18, "permission": 2}}, {"pk": 92, "model": "permissions.objectpermission", "fields": {"content_id": 6, "role": 3, "content_type": 18, "permission": 3}}, {"pk": 93, "model": "permissions.objectpermission", "fields": {"content_id": 6, "role": 3, "content_type": 18, "permission": 4}}, {"pk": 94, "model": "permissions.objectpermission", "fields": {"content_id": 6, "role": 2, "content_type": 18, "permission": 4}}, {"pk": 95, "model": "permissions.objectpermission", "fields": {"content_id": 6, "role": 4, "content_type": 18, "permission": 4}}, {"pk": 96, "model": "permissions.objectpermission", "fields": {"content_id": 6, "role": 5, "content_type": 18, "permission": 4}}, {"pk": 97, "model": "permissions.objectpermission", "fields": {"content_id": 7, "role": 6, "content_type": 18, "permission": 1}}, {"pk": 98, "model": "permissions.objectpermission", "fields": {"content_id": 7, "role": 6, "content_type": 18, "permission": 2}}, {"pk": 99, "model": "permissions.objectpermission", "fields": {"content_id": 7, "role": 6, "content_type": 18, "permission": 3}}, {"pk": 100, "model": "permissions.objectpermission", "fields": {"content_id": 7, "role": 6, "content_type": 18, "permission": 4}}, {"pk": 101, "model": "permissions.objectpermission", "fields": {"content_id": 7, "role": 3, "content_type": 18, "permission": 1}}, {"pk": 102, "model": "permissions.objectpermission", "fields": {"content_id": 7, "role": 3, "content_type": 18, "permission": 2}}, {"pk": 103, "model": "permissions.objectpermission", "fields": {"content_id": 7, "role": 3, "content_type": 18, "permission": 3}}, {"pk": 104, "model": "permissions.objectpermission", "fields": {"content_id": 7, "role": 3, "content_type": 18, "permission": 4}}, {"pk": 105, "model": "permissions.objectpermission", "fields": {"content_id": 7, "role": 2, "content_type": 18, "permission": 4}}, {"pk": 106, "model": "permissions.objectpermission", "fields": {"content_id": 7, "role": 4, "content_type": 18, "permission": 4}}, {"pk": 107, "model": "permissions.objectpermission", "fields": {"content_id": 7, "role": 5, "content_type": 18, "permission": 4}}, {"pk": 108, "model": "permissions.objectpermission", "fields": {"content_id": 10, "role": 6, "content_type": 18, "permission": 1}}, {"pk": 109, "model": "permissions.objectpermission", "fields": {"content_id": 10, "role": 6, "content_type": 18, "permission": 2}}, {"pk": 110, "model": "permissions.objectpermission", "fields": {"content_id": 10, "role": 6, "content_type": 18, "permission": 3}}, {"pk": 111, "model": "permissions.objectpermission", "fields": {"content_id": 10, "role": 6, "content_type": 18, "permission": 4}}, {"pk": 112, "model": "permissions.objectpermission", "fields": {"content_id": 10, "role": 3, "content_type": 18, "permission": 1}}, {"pk": 113, "model": "permissions.objectpermission", "fields": {"content_id": 10, "role": 3, "content_type": 18, "permission": 2}}, {"pk": 114, "model": "permissions.objectpermission", "fields": {"content_id": 10, "role": 3, "content_type": 18, "permission": 3}}, {"pk": 115, "model": "permissions.objectpermission", "fields": {"content_id": 10, "role": 3, "content_type": 18, "permission": 4}}, {"pk": 116, "model": "permissions.objectpermission", "fields": {"content_id": 10, "role": 2, "content_type": 18, "permission": 4}}, {"pk": 117, "model": "permissions.objectpermission", "fields": {"content_id": 10, "role": 4, "content_type": 18, "permission": 4}}, {"pk": 118, "model": "permissions.objectpermission", "fields": {"content_id": 10, "role": 5, "content_type": 18, "permission": 4}}, {"pk": 119, "model": "permissions.objectpermission", "fields": {"content_id": 8, "role": 6, "content_type": 18, "permission": 1}}, {"pk": 120, "model": "permissions.objectpermission", "fields": {"content_id": 8, "role": 6, "content_type": 18, "permission": 2}}, {"pk": 121, "model": "permissions.objectpermission", "fields": {"content_id": 8, "role": 6, "content_type": 18, "permission": 3}}, {"pk": 122, "model": "permissions.objectpermission", "fields": {"content_id": 8, "role": 6, "content_type": 18, "permission": 4}}, {"pk": 123, "model": "permissions.objectpermission", "fields": {"content_id": 8, "role": 3, "content_type": 18, "permission": 1}}, {"pk": 124, "model": "permissions.objectpermission", "fields": {"content_id": 8, "role": 3, "content_type": 18, "permission": 2}}, {"pk": 125, "model": "permissions.objectpermission", "fields": {"content_id": 8, "role": 3, "content_type": 18, "permission": 3}}, {"pk": 126, "model": "permissions.objectpermission", "fields": {"content_id": 8, "role": 3, "content_type": 18, "permission": 4}}, {"pk": 127, "model": "permissions.objectpermission", "fields": {"content_id": 8, "role": 2, "content_type": 18, "permission": 4}}, {"pk": 128, "model": "permissions.objectpermission", "fields": {"content_id": 8, "role": 4, "content_type": 18, "permission": 4}}, {"pk": 129, "model": "permissions.objectpermission", "fields": {"content_id": 8, "role": 5, "content_type": 18, "permission": 4}}, {"pk": 130, "model": "permissions.objectpermission", "fields": {"content_id": 11, "role": 6, "content_type": 18, "permission": 1}}, {"pk": 131, "model": "permissions.objectpermission", "fields": {"content_id": 11, "role": 6, "content_type": 18, "permission": 2}}, {"pk": 132, "model": "permissions.objectpermission", "fields": {"content_id": 11, "role": 6, "content_type": 18, "permission": 3}}, {"pk": 133, "model": "permissions.objectpermission", "fields": {"content_id": 11, "role": 6, "content_type": 18, "permission": 4}}, {"pk": 134, "model": "permissions.objectpermission", "fields": {"content_id": 11, "role": 3, "content_type": 18, "permission": 1}}, {"pk": 135, "model": "permissions.objectpermission", "fields": {"content_id": 11, "role": 3, "content_type": 18, "permission": 2}}, {"pk": 136, "model": "permissions.objectpermission", "fields": {"content_id": 11, "role": 3, "content_type": 18, "permission": 3}}, {"pk": 137, "model": "permissions.objectpermission", "fields": {"content_id": 11, "role": 3, "content_type": 18, "permission": 4}}, {"pk": 138, "model": "permissions.objectpermission", "fields": {"content_id": 11, "role": 2, "content_type": 18, "permission": 4}}, {"pk": 139, "model": "permissions.objectpermission", "fields": {"content_id": 11, "role": 4, "content_type": 18, "permission": 4}}, {"pk": 140, "model": "permissions.objectpermission", "fields": {"content_id": 11, "role": 5, "content_type": 18, "permission": 4}}, {"pk": 1, "model": "permissions.objectpermissioninheritanceblock", "fields": {"content_id": 1, "content_type": 18, "permission": 1}}, {"pk": 2, "model": "permissions.objectpermissioninheritanceblock", "fields": {"content_id": 1, "content_type": 18, "permission": 2}}, {"pk": 3, "model": "permissions.objectpermissioninheritanceblock", "fields": {"content_id": 1, "content_type": 18, "permission": 3}}, {"pk": 16, "model": "permissions.objectpermissioninheritanceblock", "fields": {"content_id": 9, "content_type": 18, "permission": 1}}, {"pk": 17, "model": "permissions.objectpermissioninheritanceblock", "fields": {"content_id": 9, "content_type": 18, "permission": 2}}, {"pk": 18, "model": "permissions.objectpermissioninheritanceblock", "fields": {"content_id": 9, "content_type": 18, "permission": 3}}, {"pk": 19, "model": "permissions.objectpermissioninheritanceblock", "fields": {"content_id": 9, "content_type": 18, "permission": 4}}, {"pk": 20, "model": "permissions.objectpermissioninheritanceblock", "fields": {"content_id": 6, "content_type": 18, "permission": 1}}, {"pk": 21, "model": "permissions.objectpermissioninheritanceblock", "fields": {"content_id": 6, "content_type": 18, "permission": 2}}, {"pk": 22, "model": "permissions.objectpermissioninheritanceblock", "fields": {"content_id": 6, "content_type": 18, "permission": 3}}, {"pk": 23, "model": "permissions.objectpermissioninheritanceblock", "fields": {"content_id": 7, "content_type": 18, "permission": 1}}, {"pk": 24, "model": "permissions.objectpermissioninheritanceblock", "fields": {"content_id": 7, "content_type": 18, "permission": 2}}, {"pk": 25, "model": "permissions.objectpermissioninheritanceblock", "fields": {"content_id": 7, "content_type": 18, "permission": 3}}, {"pk": 26, "model": "permissions.objectpermissioninheritanceblock", "fields": {"content_id": 10, "content_type": 18, "permission": 1}}, {"pk": 27, "model": "permissions.objectpermissioninheritanceblock", "fields": {"content_id": 10, "content_type": 18, "permission": 2}}, {"pk": 28, "model": "permissions.objectpermissioninheritanceblock", "fields": {"content_id": 10, "content_type": 18, "permission": 3}}, {"pk": 29, "model": "permissions.objectpermissioninheritanceblock", "fields": {"content_id": 8, "content_type": 18, "permission": 1}}, {"pk": 30, "model": "permissions.objectpermissioninheritanceblock", "fields": {"content_id": 8, "content_type": 18, "permission": 2}}, {"pk": 31, "model": "permissions.objectpermissioninheritanceblock", "fields": {"content_id": 8, "content_type": 18, "permission": 3}}, {"pk": 32, "model": "permissions.objectpermissioninheritanceblock", "fields": {"content_id": 11, "content_type": 18, "permission": 1}}, {"pk": 33, "model": "permissions.objectpermissioninheritanceblock", "fields": {"content_id": 11, "content_type": 18, "permission": 2}}, {"pk": 34, "model": "permissions.objectpermissioninheritanceblock", "fields": {"content_id": 11, "content_type": 18, "permission": 3}}, {"pk": 1, "model": "permissions.role", "fields": {"name": "Anonymous"}}, {"pk": 3, "model": "permissions.role", "fields": {"name": "Editor"}}, {"pk": 6, "model": "permissions.role", "fields": {"name": "Manager"}}, {"pk": 2, "model": "permissions.role", "fields": {"name": "Owner"}}, {"pk": 4, "model": "permissions.role", "fields": {"name": "Reader"}}, {"pk": 5, "model": "permissions.role", "fields": {"name": "Reviewer"}}, {"pk": 2, "model": "lfc_news.news", "fields": {"text": ""}}, {"pk": 5, "model": "lfc_news.newsentry", "fields": {"text": "<p>\u044b\u0432\u0444\u044b\u0432\u0444\u044b\u0432</p>"}}, {"pk": 4, "model": "lfc_news.newsentry", "fields": {"text": "<p>\u041c\u044b \u043f\u043e\u0435\u0445\u0430\u043b\u0438 \u043d\u0430 \u0431\u0430\u043b\u0438</p>\n<p><img title=\"\u0431\u0430\u043b\u0438\" src=\"/media/uploads/\u043f\u0440\u043e\u0434\u0432\u0438\u043d\u0443\u0442\u044b\u0439_\u0434\u0430\u0439\u0432\u0438\u043d\u0433_\u043d\u0430_\u0431\u0430\u043b\u0438____.200x200.gif\" alt=\"\u0431\u0430\u043b\u0438\" width=\"200\" height=\"133\" /></p>"}}, {"pk": 3, "model": "lfc_news.newsentry", "fields": {"text": "<p>\u0444\u044b\u0432\u0444\u044b\u0432 \u044b\u0444\u0432\u0444\u0432 \u0444\u044b\u0432\u044b\u0444</p>"}}, {"pk": 1, "model": "lfc_news.newsportlet", "fields": {"show_tags": false, "show_archive": false, "limit": 2, "title": "\u041d\u043e\u0432\u043e\u0441\u0442\u0438"}}, {"pk": 2, "model": "lfc_news.newsportlet", "fields": {"show_tags": true, "show_archive": true, "limit": 5, "title": "\u041d\u043e\u0432\u043e\u0441\u0442\u0438"}}]
