-- MySQL dump 10.10
--
-- Host: localhost    Database: unicontru_kidcms
-- ------------------------------------------------------
-- Server version	4.1.22-lk-log

/*!40101 SET @OLD_CHARACTER_SET_CLIENT=@@CHARACTER_SET_CLIENT */;
/*!40101 SET @OLD_CHARACTER_SET_RESULTS=@@CHARACTER_SET_RESULTS */;
/*!40101 SET @OLD_COLLATION_CONNECTION=@@COLLATION_CONNECTION */;
/*!40101 SET NAMES cp1251 */;
/*!40103 SET @OLD_TIME_ZONE=@@TIME_ZONE */;
/*!40103 SET TIME_ZONE='+00:00' */;
/*!40014 SET @OLD_UNIQUE_CHECKS=@@UNIQUE_CHECKS, UNIQUE_CHECKS=0 */;
/*!40014 SET @OLD_FOREIGN_KEY_CHECKS=@@FOREIGN_KEY_CHECKS, FOREIGN_KEY_CHECKS=0 */;
/*!40101 SET @OLD_SQL_MODE=@@SQL_MODE, SQL_MODE='NO_AUTO_VALUE_ON_ZERO' */;
/*!40111 SET @OLD_SQL_NOTES=@@SQL_NOTES, SQL_NOTES=0 */;

--
-- Table structure for table `auth_group`
--

DROP TABLE IF EXISTS `auth_group`;
CREATE TABLE `auth_group` (
  `id` int(11) NOT NULL auto_increment,
  `name` varchar(80) NOT NULL default '',
  PRIMARY KEY  (`id`),
  UNIQUE KEY `name` (`name`)
) ENGINE=MyISAM DEFAULT CHARSET=cp1251;

--
-- Dumping data for table `auth_group`
--

LOCK TABLES `auth_group` WRITE;
/*!40000 ALTER TABLE `auth_group` DISABLE KEYS */;
/*!40000 ALTER TABLE `auth_group` ENABLE KEYS */;
UNLOCK TABLES;

--
-- Table structure for table `auth_group_permissions`
--

DROP TABLE IF EXISTS `auth_group_permissions`;
CREATE TABLE `auth_group_permissions` (
  `id` int(11) NOT NULL auto_increment,
  `group_id` int(11) NOT NULL default '0',
  `permission_id` int(11) NOT NULL default '0',
  PRIMARY KEY  (`id`),
  UNIQUE KEY `group_id` (`group_id`,`permission_id`),
  KEY `permission_id_refs_id_5886d21f` (`permission_id`)
) ENGINE=MyISAM DEFAULT CHARSET=cp1251;

--
-- Dumping data for table `auth_group_permissions`
--

LOCK TABLES `auth_group_permissions` WRITE;
/*!40000 ALTER TABLE `auth_group_permissions` DISABLE KEYS */;
/*!40000 ALTER TABLE `auth_group_permissions` ENABLE KEYS */;
UNLOCK TABLES;

--
-- Table structure for table `auth_message`
--

DROP TABLE IF EXISTS `auth_message`;
CREATE TABLE `auth_message` (
  `id` int(11) NOT NULL auto_increment,
  `user_id` int(11) NOT NULL default '0',
  `message` longtext NOT NULL,
  PRIMARY KEY  (`id`),
  KEY `auth_message_user_id` (`user_id`)
) ENGINE=MyISAM AUTO_INCREMENT=42 DEFAULT CHARSET=cp1251;

--
-- Dumping data for table `auth_message`
--

LOCK TABLES `auth_message` WRITE;
/*!40000 ALTER TABLE `auth_message` DISABLE KEYS */;
/*!40000 ALTER TABLE `auth_message` ENABLE KEYS */;
UNLOCK TABLES;

--
-- Table structure for table `auth_permission`
--

DROP TABLE IF EXISTS `auth_permission`;
CREATE TABLE `auth_permission` (
  `id` int(11) NOT NULL auto_increment,
  `name` varchar(50) NOT NULL default '',
  `content_type_id` int(11) NOT NULL default '0',
  `codename` varchar(100) NOT NULL default '',
  PRIMARY KEY  (`id`),
  UNIQUE KEY `content_type_id` (`content_type_id`,`codename`),
  KEY `auth_permission_content_type_id` (`content_type_id`)
) ENGINE=MyISAM AUTO_INCREMENT=170 DEFAULT CHARSET=cp1251;

--
-- Dumping data for table `auth_permission`
--

LOCK TABLES `auth_permission` WRITE;
/*!40000 ALTER TABLE `auth_permission` DISABLE KEYS */;
INSERT INTO `auth_permission` VALUES (1,'Can add log entry',1,'add_logentry'),(2,'Can change log entry',1,'change_logentry'),(3,'Can delete log entry',1,'delete_logentry'),(4,'Can add permission',2,'add_permission'),(5,'Can change permission',2,'change_permission'),(6,'Can delete permission',2,'delete_permission'),(7,'Can add group',3,'add_group'),(8,'Can change group',3,'change_group'),(9,'Can delete group',3,'delete_group'),(10,'Can add user',4,'add_user'),(11,'Can change user',4,'change_user'),(12,'Can delete user',4,'delete_user'),(13,'Can add message',5,'add_message'),(14,'Can change message',5,'change_message'),(15,'Can delete message',5,'delete_message'),(16,'Can add content type',6,'add_contenttype'),(17,'Can change content type',6,'change_contenttype'),(18,'Can delete content type',6,'delete_contenttype'),(19,'Can add session',7,'add_session'),(20,'Can change session',7,'change_session'),(21,'Can delete session',7,'delete_session'),(22,'Can add site',8,'add_site'),(23,'Can change site',8,'change_site'),(24,'Can delete site',8,'delete_site'),(25,'Can add flat page',9,'add_flatpage'),(26,'Can change flat page',9,'change_flatpage'),(27,'Can delete flat page',9,'delete_flatpage'),(28,'Can add comment',10,'add_comment'),(29,'Can change comment',10,'change_comment'),(30,'Can delete comment',10,'delete_comment'),(31,'Can moderate comments',10,'can_moderate'),(32,'Can add comment flag',11,'add_commentflag'),(33,'Can change comment flag',11,'change_commentflag'),(34,'Can delete comment flag',11,'delete_commentflag'),(35,'Can add application',12,'add_application'),(36,'Can change application',12,'change_application'),(37,'Can delete application',12,'delete_application'),(38,'Can add workflow states information',13,'add_workflowstatesinformation'),(39,'Can change workflow states information',13,'change_workflowstatesinformation'),(40,'Can delete workflow states information',13,'delete_workflowstatesinformation'),(41,'Can add template',14,'add_template'),(42,'Can change template',14,'change_template'),(43,'Can delete template',14,'delete_template'),(44,'Can add content type registration',15,'add_contenttyperegistration'),(45,'Can change content type registration',15,'change_contenttyperegistration'),(46,'Can delete content type registration',15,'delete_contenttyperegistration'),(47,'Can add portal',16,'add_portal'),(48,'Can change portal',16,'change_portal'),(49,'Can delete portal',16,'delete_portal'),(50,'Can add base content',17,'add_basecontent'),(51,'Can change base content',17,'change_basecontent'),(52,'Can delete base content',17,'delete_basecontent'),(53,'Can add page',18,'add_page'),(54,'Can change page',18,'change_page'),(55,'Can delete page',18,'delete_page'),(56,'Can add image',19,'add_image'),(57,'Can change image',19,'change_image'),(58,'Can delete image',19,'delete_image'),(59,'Can add file',20,'add_file'),(60,'Can change file',20,'change_file'),(61,'Can delete file',20,'delete_file'),(62,'Can add navigation portlet',21,'add_navigationportlet'),(63,'Can change navigation portlet',21,'change_navigationportlet'),(64,'Can delete navigation portlet',21,'delete_navigationportlet'),(65,'Can add pages portlet',22,'add_pagesportlet'),(66,'Can change pages portlet',22,'change_pagesportlet'),(67,'Can delete pages portlet',22,'delete_pagesportlet'),(68,'Can add random portlet',23,'add_randomportlet'),(69,'Can change random portlet',23,'change_randomportlet'),(70,'Can delete random portlet',23,'delete_randomportlet'),(71,'Can add text portlet',24,'add_textportlet'),(72,'Can change text portlet',24,'change_textportlet'),(73,'Can delete text portlet',24,'delete_textportlet'),(74,'Can add portlet assignment',25,'add_portletassignment'),(75,'Can change portlet assignment',25,'change_portletassignment'),(76,'Can delete portlet assignment',25,'delete_portletassignment'),(77,'Can add portlet blocking',26,'add_portletblocking'),(78,'Can change portlet blocking',26,'change_portletblocking'),(79,'Can delete portlet blocking',26,'delete_portletblocking'),(80,'Can add portlet registration',27,'add_portletregistration'),(81,'Can change portlet registration',27,'change_portletregistration'),(82,'Can delete portlet registration',27,'delete_portletregistration'),(83,'Can add slot',28,'add_slot'),(84,'Can change slot',28,'change_slot'),(85,'Can delete slot',28,'delete_slot'),(86,'Can add tag',29,'add_tag'),(87,'Can change tag',29,'change_tag'),(88,'Can delete tag',29,'delete_tag'),(89,'Can add tagged item',30,'add_taggeditem'),(90,'Can change tagged item',30,'change_taggeditem'),(91,'Can delete tagged item',30,'delete_taggeditem'),(92,'Can add workflow',31,'add_workflow'),(93,'Can change workflow',31,'change_workflow'),(94,'Can delete workflow',31,'delete_workflow'),(95,'Can add state',32,'add_state'),(96,'Can change state',32,'change_state'),(97,'Can delete state',32,'delete_state'),(98,'Can add transition',33,'add_transition'),(99,'Can change transition',33,'change_transition'),(100,'Can delete transition',33,'delete_transition'),(101,'Can add state object relation',34,'add_stateobjectrelation'),(102,'Can change state object relation',34,'change_stateobjectrelation'),(103,'Can delete state object relation',34,'delete_stateobjectrelation'),(104,'Can add workflow object relation',35,'add_workflowobjectrelation'),(105,'Can change workflow object relation',35,'change_workflowobjectrelation'),(106,'Can delete workflow object relation',35,'delete_workflowobjectrelation'),(107,'Can add workflow model relation',36,'add_workflowmodelrelation'),(108,'Can change workflow model relation',36,'change_workflowmodelrelation'),(109,'Can delete workflow model relation',36,'delete_workflowmodelrelation'),(110,'Can add workflow permission relation',37,'add_workflowpermissionrelation'),(111,'Can change workflow permission relation',37,'change_workflowpermissionrelation'),(112,'Can delete workflow permission relation',37,'delete_workflowpermissionrelation'),(113,'Can add state inheritance block',38,'add_stateinheritanceblock'),(114,'Can change state inheritance block',38,'change_stateinheritanceblock'),(115,'Can delete state inheritance block',38,'delete_stateinheritanceblock'),(116,'Can add state permission relation',39,'add_statepermissionrelation'),(117,'Can change state permission relation',39,'change_statepermissionrelation'),(118,'Can delete state permission relation',39,'delete_statepermissionrelation'),(119,'Can add permission',40,'add_permission'),(120,'Can change permission',40,'change_permission'),(121,'Can delete permission',40,'delete_permission'),(122,'Can add object permission',41,'add_objectpermission'),(123,'Can change object permission',41,'change_objectpermission'),(124,'Can delete object permission',41,'delete_objectpermission'),(125,'Can add object permission inheritance block',42,'add_objectpermissioninheritanceblock'),(126,'Can change object permission inheritance block',42,'change_objectpermissioninheritanceblock'),(127,'Can delete object permission inheritance block',42,'delete_objectpermissioninheritanceblock'),(128,'Can add role',43,'add_role'),(129,'Can change role',43,'change_role'),(130,'Can delete role',43,'delete_role'),(131,'Can add principal role relation',44,'add_principalrolerelation'),(132,'Can change principal role relation',44,'change_principalrolerelation'),(133,'Can delete principal role relation',44,'delete_principalrolerelation'),(134,'Can add News feed',45,'add_news'),(135,'Can change News feed',45,'change_news'),(136,'Can delete News feed',45,'delete_news'),(137,'Can add News entry',46,'add_newsentry'),(138,'Can change News entry',46,'change_newsentry'),(139,'Can delete News entry',46,'delete_newsentry'),(140,'Can add news portlet',47,'add_newsportlet'),(141,'Can change news portlet',47,'change_newsportlet'),(142,'Can delete news portlet',47,'delete_newsportlet'),(143,'Can add Scrollable Container',48,'add_scrollablecontainer'),(144,'Can change Scrollable Container',48,'change_scrollablecontainer'),(145,'Can delete Scrollable Container',48,'delete_scrollablecontainer'),(146,'Can add Scrollable Part',49,'add_scrollablepart'),(147,'Can change Scrollable Part',49,'change_scrollablepart'),(148,'Can delete Scrollable Part',49,'delete_scrollablepart'),(149,'Can add scrollable navigator portlet',50,'add_scrollablenavigatorportlet'),(150,'Can change scrollable navigator portlet',50,'change_scrollablenavigatorportlet'),(151,'Can delete scrollable navigator portlet',50,'delete_scrollablenavigatorportlet'),(152,'Can add text block portlet',51,'add_textblockportlet'),(153,'Can change text block portlet',51,'change_textblockportlet'),(154,'Can delete text block portlet',51,'delete_textblockportlet'),(155,'Can add feedback action portlet',52,'add_feedbackactionportlet'),(156,'Can change feedback action portlet',52,'change_feedbackactionportlet'),(157,'Can delete feedback action portlet',52,'delete_feedbackactionportlet'),(158,'Can add slideshow portlet',53,'add_slideshowportlet'),(159,'Can change slideshow portlet',53,'change_slideshowportlet'),(160,'Can delete slideshow portlet',53,'delete_slideshowportlet'),(161,'Can add blog',54,'add_blog'),(162,'Can change blog',54,'change_blog'),(163,'Can delete blog',54,'delete_blog'),(164,'Can add blog entry',55,'add_blogentry'),(165,'Can change blog entry',55,'change_blogentry'),(166,'Can delete blog entry',55,'delete_blogentry'),(167,'Can add blog portlet',56,'add_blogportlet'),(168,'Can change blog portlet',56,'change_blogportlet'),(169,'Can delete blog portlet',56,'delete_blogportlet');
/*!40000 ALTER TABLE `auth_permission` ENABLE KEYS */;
UNLOCK TABLES;

--
-- Table structure for table `auth_user`
--

DROP TABLE IF EXISTS `auth_user`;
CREATE TABLE `auth_user` (
  `id` int(11) NOT NULL auto_increment,
  `username` varchar(30) NOT NULL default '',
  `first_name` varchar(30) NOT NULL default '',
  `last_name` varchar(30) NOT NULL default '',
  `email` varchar(75) NOT NULL default '',
  `password` varchar(128) NOT NULL default '',
  `is_staff` tinyint(1) NOT NULL default '0',
  `is_active` tinyint(1) NOT NULL default '0',
  `is_superuser` tinyint(1) NOT NULL default '0',
  `last_login` datetime NOT NULL default '0000-00-00 00:00:00',
  `date_joined` datetime NOT NULL default '0000-00-00 00:00:00',
  PRIMARY KEY  (`id`),
  UNIQUE KEY `username` (`username`)
) ENGINE=MyISAM AUTO_INCREMENT=4 DEFAULT CHARSET=cp1251;

--
-- Dumping data for table `auth_user`
--

LOCK TABLES `auth_user` WRITE;
/*!40000 ALTER TABLE `auth_user` DISABLE KEYS */;
INSERT INTO `auth_user` VALUES (1,'admin','','','admin@kidness.ru','sha1$4fd58$9421d6730b00c26ef89eda1b68c49c396b21c3db',1,1,1,'2012-02-23 15:51:21','2011-03-01 16:37:02'),(2,'katerina','Катя','','katerina@kidness.ru','sha1$7944a$b28ce51a155f01e817800e40170c6574ce9ee57b',1,1,1,'2012-02-03 15:01:21','2011-04-16 00:14:55'),(3,'artur','Артур','','artur@kidness.ru','sha1$57f50$97954aed83b1bba4d7063ec370c61efd3776224f',1,1,1,'2012-02-21 21:13:54','2011-04-16 00:16:50');
/*!40000 ALTER TABLE `auth_user` ENABLE KEYS */;
UNLOCK TABLES;

--
-- Table structure for table `auth_user_groups`
--

DROP TABLE IF EXISTS `auth_user_groups`;
CREATE TABLE `auth_user_groups` (
  `id` int(11) NOT NULL auto_increment,
  `user_id` int(11) NOT NULL default '0',
  `group_id` int(11) NOT NULL default '0',
  PRIMARY KEY  (`id`),
  UNIQUE KEY `user_id` (`user_id`,`group_id`),
  KEY `group_id_refs_id_f116770` (`group_id`)
) ENGINE=MyISAM DEFAULT CHARSET=cp1251;

--
-- Dumping data for table `auth_user_groups`
--

LOCK TABLES `auth_user_groups` WRITE;
/*!40000 ALTER TABLE `auth_user_groups` DISABLE KEYS */;
/*!40000 ALTER TABLE `auth_user_groups` ENABLE KEYS */;
UNLOCK TABLES;

--
-- Table structure for table `auth_user_user_permissions`
--

DROP TABLE IF EXISTS `auth_user_user_permissions`;
CREATE TABLE `auth_user_user_permissions` (
  `id` int(11) NOT NULL auto_increment,
  `user_id` int(11) NOT NULL default '0',
  `permission_id` int(11) NOT NULL default '0',
  PRIMARY KEY  (`id`),
  UNIQUE KEY `user_id` (`user_id`,`permission_id`),
  KEY `permission_id_refs_id_67e79cb` (`permission_id`)
) ENGINE=MyISAM DEFAULT CHARSET=cp1251;

--
-- Dumping data for table `auth_user_user_permissions`
--

LOCK TABLES `auth_user_user_permissions` WRITE;
/*!40000 ALTER TABLE `auth_user_user_permissions` DISABLE KEYS */;
/*!40000 ALTER TABLE `auth_user_user_permissions` ENABLE KEYS */;
UNLOCK TABLES;

--
-- Table structure for table `django_admin_log`
--

DROP TABLE IF EXISTS `django_admin_log`;
CREATE TABLE `django_admin_log` (
  `id` int(11) NOT NULL auto_increment,
  `action_time` datetime NOT NULL default '0000-00-00 00:00:00',
  `user_id` int(11) NOT NULL default '0',
  `content_type_id` int(11) default NULL,
  `object_id` longtext,
  `object_repr` varchar(200) NOT NULL default '',
  `action_flag` smallint(5) unsigned NOT NULL default '0',
  `change_message` longtext NOT NULL,
  PRIMARY KEY  (`id`),
  KEY `django_admin_log_user_id` (`user_id`),
  KEY `django_admin_log_content_type_id` (`content_type_id`)
) ENGINE=MyISAM AUTO_INCREMENT=43 DEFAULT CHARSET=cp1251;

--
-- Dumping data for table `django_admin_log`
--

LOCK TABLES `django_admin_log` WRITE;
/*!40000 ALTER TABLE `django_admin_log` DISABLE KEYS */;
INSERT INTO `django_admin_log` VALUES (1,'2011-03-17 17:29:26',1,14,'9','Kidness Gallery',1,''),(2,'2011-03-19 15:37:26',1,27,'8','feedbackactionportlet Копка формы обратной связи',1,''),(3,'2011-04-01 00:03:14',1,8,'1','kidness.ru',2,'Изменён domain и name.'),(4,'2011-04-03 14:45:52',1,29,'14','творчество',2,'Изменён name.'),(5,'2011-04-03 14:46:07',1,29,'13','расслабление',2,'Изменён name.'),(6,'2011-04-03 14:46:43',1,29,'18','энергия',2,'Изменён name.'),(7,'2011-04-03 14:47:09',1,29,'17','чувствительность',2,'Изменён name.'),(8,'2011-04-17 00:53:21',1,28,'3','Promo',1,''),(9,'2012-01-06 23:51:05',1,18,'18','Программы',2,'Изменён template и text.'),(10,'2012-01-07 00:15:36',1,18,'192',' до 1,5 лет',1,''),(11,'2012-01-07 00:25:24',1,18,'193','Скидка на абонементы',1,''),(12,'2012-01-07 00:27:31',1,18,'194','1,5 - 3 года',1,''),(13,'2012-01-07 00:29:14',1,18,'195',' 3 - 6 лет',1,''),(14,'2012-01-07 00:31:23',1,18,'196',' 6 - 9 лет',1,''),(15,'2012-01-07 00:33:07',1,18,'197',' 9 - 12 лет',1,''),(16,'2012-01-07 00:35:05',1,18,'198','Подготовка к родам',1,''),(17,'2012-01-07 00:36:53',1,18,'199','Для умных мам',1,''),(18,'2012-01-07 00:38:37',1,18,'200','Семейный психолог',1,''),(19,'2012-01-07 01:19:21',1,17,'201',' список программ от 3-х месяцев  до 1,5 лет',3,''),(20,'2012-01-07 01:36:34',1,17,'206','Kiddy yoga',2,'Изменён description, tags и searchable_text.'),(21,'2012-01-07 02:04:09',1,17,'204',' список программ от 3-х месяцев  до 1,5 лет',3,''),(22,'2012-01-07 02:04:09',1,17,'203','список программ от  1,5  до 3-х  лет',3,''),(23,'2012-01-07 03:19:27',1,17,'243','Let\'s play',2,'Изменён slug.'),(24,'2012-01-07 03:19:43',1,17,'236','Дзюдо',2,'Изменён slug.'),(25,'2012-01-07 03:20:05',1,17,'243','Let\'s play',2,'Изменён slug.'),(26,'2012-01-07 03:23:57',1,17,'242','Folk dance',2,'Изменён slug.'),(27,'2012-01-07 03:24:01',1,17,'240','Оздоровительная гимнастика',2,'Изменён slug.'),(28,'2012-01-07 03:25:16',1,17,'245','Flex',2,'Изменён slug.'),(29,'2012-01-07 03:25:24',1,17,'242','Folk dance',2,'Изменён slug.'),(30,'2012-01-07 03:28:16',1,17,'237','Hip-Hop',2,'Изменён slug.'),(31,'2012-01-07 03:29:35',1,17,'238','Classic',2,'Изменён slug.'),(32,'2012-01-07 03:29:52',1,17,'243','Let\'s play',2,'Изменён slug.'),(33,'2012-01-07 03:32:25',1,17,'241','Pilates',2,'Изменён slug.'),(34,'2012-01-07 03:32:30',1,17,'239','Ball dance',2,'Изменён slug.'),(35,'2012-01-07 03:33:59',1,17,'244','Solo-Duet',2,'Изменён slug.'),(36,'2012-01-07 03:34:33',1,17,'245','Flex',2,'Изменён slug.'),(37,'2012-01-07 03:34:39',1,17,'241','Pilates',2,'Изменён slug.'),(38,'2012-01-07 03:43:01',1,18,'256','Беременные',1,''),(39,'2012-01-20 13:53:24',1,14,'16','Page with one video',1,''),(40,'2012-01-21 18:54:01',1,14,'17','Video Gallery New',1,''),(41,'2012-02-02 13:22:39',1,14,'18','Carousel Overview With Video',1,''),(42,'2012-02-02 18:15:26',1,14,'18','Carousel Overview With Video',2,'Изменён children_columns и images_columns.');
/*!40000 ALTER TABLE `django_admin_log` ENABLE KEYS */;
UNLOCK TABLES;

--
-- Table structure for table `django_comment_flags`
--

DROP TABLE IF EXISTS `django_comment_flags`;
CREATE TABLE `django_comment_flags` (
  `id` int(11) NOT NULL auto_increment,
  `user_id` int(11) NOT NULL default '0',
  `comment_id` int(11) NOT NULL default '0',
  `flag` varchar(30) NOT NULL default '',
  `flag_date` datetime NOT NULL default '0000-00-00 00:00:00',
  PRIMARY KEY  (`id`),
  UNIQUE KEY `user_id` (`user_id`,`comment_id`,`flag`),
  KEY `django_comment_flags_user_id` (`user_id`),
  KEY `django_comment_flags_comment_id` (`comment_id`),
  KEY `django_comment_flags_flag` (`flag`)
) ENGINE=MyISAM DEFAULT CHARSET=cp1251;

--
-- Dumping data for table `django_comment_flags`
--

LOCK TABLES `django_comment_flags` WRITE;
/*!40000 ALTER TABLE `django_comment_flags` DISABLE KEYS */;
/*!40000 ALTER TABLE `django_comment_flags` ENABLE KEYS */;
UNLOCK TABLES;

--
-- Table structure for table `django_comments`
--

DROP TABLE IF EXISTS `django_comments`;
CREATE TABLE `django_comments` (
  `id` int(11) NOT NULL auto_increment,
  `content_type_id` int(11) NOT NULL default '0',
  `object_pk` longtext NOT NULL,
  `site_id` int(11) NOT NULL default '0',
  `user_id` int(11) default NULL,
  `user_name` varchar(50) NOT NULL default '',
  `user_email` varchar(75) NOT NULL default '',
  `user_url` varchar(200) NOT NULL default '',
  `comment` longtext NOT NULL,
  `submit_date` datetime NOT NULL default '0000-00-00 00:00:00',
  `ip_address` varchar(15) default NULL,
  `is_public` tinyint(1) NOT NULL default '0',
  `is_removed` tinyint(1) NOT NULL default '0',
  PRIMARY KEY  (`id`),
  KEY `django_comments_content_type_id` (`content_type_id`),
  KEY `django_comments_site_id` (`site_id`),
  KEY `django_comments_user_id` (`user_id`)
) ENGINE=MyISAM AUTO_INCREMENT=4 DEFAULT CHARSET=cp1251;

--
-- Dumping data for table `django_comments`
--

LOCK TABLES `django_comments` WRITE;
/*!40000 ALTER TABLE `django_comments` DISABLE KEYS */;
/*!40000 ALTER TABLE `django_comments` ENABLE KEYS */;
UNLOCK TABLES;

--
-- Table structure for table `django_content_type`
--

DROP TABLE IF EXISTS `django_content_type`;
CREATE TABLE `django_content_type` (
  `id` int(11) NOT NULL auto_increment,
  `name` varchar(100) NOT NULL default '',
  `app_label` varchar(100) NOT NULL default '',
  `model` varchar(100) NOT NULL default '',
  PRIMARY KEY  (`id`),
  UNIQUE KEY `app_label` (`app_label`,`model`)
) ENGINE=MyISAM AUTO_INCREMENT=57 DEFAULT CHARSET=cp1251;

--
-- Dumping data for table `django_content_type`
--

LOCK TABLES `django_content_type` WRITE;
/*!40000 ALTER TABLE `django_content_type` DISABLE KEYS */;
INSERT INTO `django_content_type` VALUES (1,'log entry','admin','logentry'),(2,'permission','auth','permission'),(3,'group','auth','group'),(4,'user','auth','user'),(5,'message','auth','message'),(6,'content type','contenttypes','contenttype'),(7,'session','sessions','session'),(8,'site','sites','site'),(9,'flat page','flatpages','flatpage'),(10,'comment','comments','comment'),(11,'comment flag','comments','commentflag'),(12,'application','lfc','application'),(13,'workflow states information','lfc','workflowstatesinformation'),(14,'template','lfc','template'),(15,'content type registration','lfc','contenttyperegistration'),(16,'portal','lfc','portal'),(17,'base content','lfc','basecontent'),(18,'page','lfc','page'),(19,'image','lfc','image'),(20,'file','lfc','file'),(21,'navigation portlet','lfc','navigationportlet'),(22,'pages portlet','lfc','pagesportlet'),(23,'random portlet','lfc','randomportlet'),(24,'text portlet','lfc','textportlet'),(25,'portlet assignment','portlets','portletassignment'),(26,'portlet blocking','portlets','portletblocking'),(27,'portlet registration','portlets','portletregistration'),(28,'slot','portlets','slot'),(29,'tag','tagging','tag'),(30,'tagged item','tagging','taggeditem'),(31,'workflow','workflows','workflow'),(32,'state','workflows','state'),(33,'transition','workflows','transition'),(34,'state object relation','workflows','stateobjectrelation'),(35,'workflow object relation','workflows','workflowobjectrelation'),(36,'workflow model relation','workflows','workflowmodelrelation'),(37,'workflow permission relation','workflows','workflowpermissionrelation'),(38,'state inheritance block','workflows','stateinheritanceblock'),(39,'state permission relation','workflows','statepermissionrelation'),(40,'permission','permissions','permission'),(41,'object permission','permissions','objectpermission'),(42,'object permission inheritance block','permissions','objectpermissioninheritanceblock'),(43,'role','permissions','role'),(44,'principal role relation','permissions','principalrolerelation'),(45,'News feed','lfc_news','news'),(46,'News entry','lfc_news','newsentry'),(47,'news portlet','lfc_news','newsportlet'),(48,'Scrollable Container','scrollable_parts','scrollablecontainer'),(49,'Scrollable Part','scrollable_parts','scrollablepart'),(50,'scrollable navigator portlet','scrollable_parts','scrollablenavigatorportlet'),(51,'text block portlet','kidness_portlets','textblockportlet'),(52,'feedback action portlet','scrollable_parts','feedbackactionportlet'),(53,'slideshow portlet','kidness_portlets','slideshowportlet'),(54,'blog','lfc_blog','blog'),(55,'blog entry','lfc_blog','blogentry'),(56,'blog portlet','lfc_blog','blogportlet');
/*!40000 ALTER TABLE `django_content_type` ENABLE KEYS */;
UNLOCK TABLES;

--
-- Table structure for table `django_flatpage`
--

DROP TABLE IF EXISTS `django_flatpage`;
CREATE TABLE `django_flatpage` (
  `id` int(11) NOT NULL auto_increment,
  `url` varchar(100) NOT NULL default '',
  `title` varchar(200) NOT NULL default '',
  `content` longtext NOT NULL,
  `enable_comments` tinyint(1) NOT NULL default '0',
  `template_name` varchar(70) NOT NULL default '',
  `registration_required` tinyint(1) NOT NULL default '0',
  PRIMARY KEY  (`id`),
  KEY `django_flatpage_url` (`url`)
) ENGINE=MyISAM DEFAULT CHARSET=cp1251;

--
-- Dumping data for table `django_flatpage`
--

LOCK TABLES `django_flatpage` WRITE;
/*!40000 ALTER TABLE `django_flatpage` DISABLE KEYS */;
/*!40000 ALTER TABLE `django_flatpage` ENABLE KEYS */;
UNLOCK TABLES;

--
-- Table structure for table `django_flatpage_sites`
--

DROP TABLE IF EXISTS `django_flatpage_sites`;
CREATE TABLE `django_flatpage_sites` (
  `id` int(11) NOT NULL auto_increment,
  `flatpage_id` int(11) NOT NULL default '0',
  `site_id` int(11) NOT NULL default '0',
  PRIMARY KEY  (`id`),
  UNIQUE KEY `flatpage_id` (`flatpage_id`,`site_id`),
  KEY `site_id_refs_id_4e3eeb57` (`site_id`)
) ENGINE=MyISAM DEFAULT CHARSET=cp1251;

--
-- Dumping data for table `django_flatpage_sites`
--

LOCK TABLES `django_flatpage_sites` WRITE;
/*!40000 ALTER TABLE `django_flatpage_sites` DISABLE KEYS */;
/*!40000 ALTER TABLE `django_flatpage_sites` ENABLE KEYS */;
UNLOCK TABLES;

--
-- Table structure for table `django_session`
--

DROP TABLE IF EXISTS `django_session`;
CREATE TABLE `django_session` (
  `session_key` varchar(40) NOT NULL default '',
  `session_data` longtext NOT NULL,
  `expire_date` datetime NOT NULL default '0000-00-00 00:00:00',
  PRIMARY KEY  (`session_key`)
) ENGINE=MyISAM DEFAULT CHARSET=cp1251;

--
-- Dumping data for table `django_session`
--

LOCK TABLES `django_session` WRITE;
/*!40000 ALTER TABLE `django_session` DISABLE KEYS */;
INSERT INTO `django_session` VALUES ('dd92a4e288608acd1e8a9ee488585444','gAJ9cQFVCnRlc3Rjb29raWVxAlUGd29ya2VkcQNzLmQwMzYzMzYyMzZjNzQwNDNjZGEwNjMyMjM1\nMjg4YjNj\n','2011-04-05 13:08:46'),('4355c7864e60308300af68b7edf344ac','gAJ9cQEoVRJfYXV0aF91c2VyX2JhY2tlbmRxAlUpZGphbmdvLmNvbnRyaWIuYXV0aC5iYWNrZW5k\ncy5Nb2RlbEJhY2tlbmRxA1UNX2F1dGhfdXNlcl9pZHEEigEBdS44MTZkMzg1MDZhMDRhZDc5Yzg4\nZDc0MzNhZWNkNjBmMw==\n','2011-03-17 00:03:50'),('c0b308a829096834580767815e129235','gAJ9cQEoVQljbGlwYm9hcmRxAl1xA1gDAAAAMTAzcQRhVQ1fYXV0aF91c2VyX2lkcQWKAQFVEl9h\ndXRoX3VzZXJfYmFja2VuZHEGVSlkamFuZ28uY29udHJpYi5hdXRoLmJhY2tlbmRzLk1vZGVsQmFj\na2VuZHEHVRBjbGlwYm9hcmRfYWN0aW9ucQhLAXUuOWRlYmQyNjk4MDIwYWRmNTQ1YWZiNDUwNjY1\nYjRhZmE=\n','2011-04-14 11:34:57'),('7665888d63a758bfef3ed883d8c3138b','gAJ9cQEoVRJfYXV0aF91c2VyX2JhY2tlbmRxAlUpZGphbmdvLmNvbnRyaWIuYXV0aC5iYWNrZW5k\ncy5Nb2RlbEJhY2tlbmRxA1UNX2F1dGhfdXNlcl9pZHEEigEBdS44MTZkMzg1MDZhMDRhZDc5Yzg4\nZDc0MzNhZWNkNjBmMw==\n','2011-03-16 03:21:48'),('c663cd708551fb307da0f096d3e06aaf','gAJ9cQEuODYyYjAwMDU5NzdkOTM5ZjBjODVjZmQ4YzEwNWM2ZGI=\n','2011-03-16 21:39:02'),('f49b0ce0d322a20952fcf22d523d0566','gAJ9cQEoVQljbGlwYm9hcmRxAl1xA1gCAAAAMTlxBGFVDV9hdXRoX3VzZXJfaWRxBYoBAVUSX2F1\ndGhfdXNlcl9iYWNrZW5kcQZVKWRqYW5nby5jb250cmliLmF1dGguYmFja2VuZHMuTW9kZWxCYWNr\nZW5kcQdVEGNsaXBib2FyZF9hY3Rpb25xCEsBdS5lM2IxMGVlMDU2NTJhMTVmMmFlMjg1NDNjODUw\nYmJmNw==\n','2011-04-02 12:49:33'),('f963040ff9877f62b90c2d722251ce19','gAJ9cQEoVRJfYXV0aF91c2VyX2JhY2tlbmRxAlUpZGphbmdvLmNvbnRyaWIuYXV0aC5iYWNrZW5k\ncy5Nb2RlbEJhY2tlbmRxA1UNX2F1dGhfdXNlcl9pZHEEigEBdS44MTZkMzg1MDZhMDRhZDc5Yzg4\nZDc0MzNhZWNkNjBmMw==\n','2011-03-17 00:04:11'),('ea9b46bc72710ed3d1d0e72b73eae329','gAJ9cQFVCnRlc3Rjb29raWVxAlUGd29ya2VkcQNzLmQwMzYzMzYyMzZjNzQwNDNjZGEwNjMyMjM1\nMjg4YjNj\n','2011-03-25 18:32:21'),('7ae8dc5d988c5ccfcf5bf229e55bbef8','gAJ9cQFVCnRlc3Rjb29raWVxAlUGd29ya2VkcQNzLmQwMzYzMzYyMzZjNzQwNDNjZGEwNjMyMjM1\nMjg4YjNj\n','2011-03-29 01:03:03'),('3be04c4a06b8f163018ed3c61cfc5851','gAJ9cQEoVRJfYXV0aF91c2VyX2JhY2tlbmRxAlUpZGphbmdvLmNvbnRyaWIuYXV0aC5iYWNrZW5k\ncy5Nb2RlbEJhY2tlbmRxA1UNX2F1dGhfdXNlcl9pZHEEigEBdS44MTZkMzg1MDZhMDRhZDc5Yzg4\nZDc0MzNhZWNkNjBmMw==\n','2011-03-25 22:36:41'),('285c78c97509b3c6c41152e764bf6b41','gAJ9cQEoVRJfYXV0aF91c2VyX2JhY2tlbmRxAlUpZGphbmdvLmNvbnRyaWIuYXV0aC5iYWNrZW5k\ncy5Nb2RlbEJhY2tlbmRxA1UNX2F1dGhfdXNlcl9pZHEEigEBdS44MTZkMzg1MDZhMDRhZDc5Yzg4\nZDc0MzNhZWNkNjBmMw==\n','2011-03-25 22:53:16'),('d5ed8a1bd361201cb1c2d621c2041018','gAJ9cQEoVRJfYXV0aF91c2VyX2JhY2tlbmRxAlUpZGphbmdvLmNvbnRyaWIuYXV0aC5iYWNrZW5k\ncy5Nb2RlbEJhY2tlbmRxA1UNX2F1dGhfdXNlcl9pZHEEigEBdS44MTZkMzg1MDZhMDRhZDc5Yzg4\nZDc0MzNhZWNkNjBmMw==\n','2011-03-26 01:22:35'),('6a28da80bb65ee2d62d3a40e5bd8d4c7','gAJ9cQEoVRJfYXV0aF91c2VyX2JhY2tlbmRxAlUpZGphbmdvLmNvbnRyaWIuYXV0aC5iYWNrZW5k\ncy5Nb2RlbEJhY2tlbmRxA1UNX2F1dGhfdXNlcl9pZHEEigEBdS44MTZkMzg1MDZhMDRhZDc5Yzg4\nZDc0MzNhZWNkNjBmMw==\n','2011-03-27 01:35:04'),('d4e93841d887f53604a43d4ad904fb36','gAJ9cQEoVRJfYXV0aF91c2VyX2JhY2tlbmRxAlUpZGphbmdvLmNvbnRyaWIuYXV0aC5iYWNrZW5k\ncy5Nb2RlbEJhY2tlbmRxA1UNX2F1dGhfdXNlcl9pZHEEigEBdS44MTZkMzg1MDZhMDRhZDc5Yzg4\nZDc0MzNhZWNkNjBmMw==\n','2011-03-27 21:02:29'),('762f13d7601556714a5b675d6d4bbc28','gAJ9cQEoVRJfYXV0aF91c2VyX2JhY2tlbmRxAlUpZGphbmdvLmNvbnRyaWIuYXV0aC5iYWNrZW5k\ncy5Nb2RlbEJhY2tlbmRxA1UNX2F1dGhfdXNlcl9pZHEEigEBdS44MTZkMzg1MDZhMDRhZDc5Yzg4\nZDc0MzNhZWNkNjBmMw==\n','2011-03-30 23:07:16'),('b2e234b2c080ab9b98e850569f7a81a7','gAJ9cQFVCnRlc3Rjb29raWVxAlUGd29ya2VkcQNzLmQwMzYzMzYyMzZjNzQwNDNjZGEwNjMyMjM1\nMjg4YjNj\n','2011-03-29 01:08:31'),('561a05b0ece0ab3228ea1513479155ae','gAJ9cQFVCnRlc3Rjb29raWVxAlUGd29ya2VkcQNzLmQwMzYzMzYyMzZjNzQwNDNjZGEwNjMyMjM1\nMjg4YjNj\n','2011-04-03 20:53:07'),('6cfb18f288a29f146e9f4b68665868ce','gAJ9cQEoVQljbGlwYm9hcmRxAl1xA1gDAAAAMTAzcQRhVQ1fYXV0aF91c2VyX2lkcQWKAQFVEl9h\ndXRoX3VzZXJfYmFja2VuZHEGVSlkamFuZ28uY29udHJpYi5hdXRoLmJhY2tlbmRzLk1vZGVsQmFj\na2VuZHEHVRBjbGlwYm9hcmRfYWN0aW9ucQhLAXUuOWRlYmQyNjk4MDIwYWRmNTQ1YWZiNDUwNjY1\nYjRhZmE=\n','2011-04-18 17:33:14'),('25ca0f27004f95b700449dc103046e8b','gAJ9cQEoVRJfYXV0aF91c2VyX2JhY2tlbmRxAlUpZGphbmdvLmNvbnRyaWIuYXV0aC5iYWNrZW5k\ncy5Nb2RlbEJhY2tlbmRxA1UNX2F1dGhfdXNlcl9pZHEEigEBdS44MTZkMzg1MDZhMDRhZDc5Yzg4\nZDc0MzNhZWNkNjBmMw==\n','2011-04-01 18:17:56'),('8ed2db18a9d4dd64ea10aced5eba4aab','gAJ9cQEoVRJfYXV0aF91c2VyX2JhY2tlbmRxAlUpZGphbmdvLmNvbnRyaWIuYXV0aC5iYWNrZW5k\ncy5Nb2RlbEJhY2tlbmRxA1UNX2F1dGhfdXNlcl9pZHEEigEBdS44MTZkMzg1MDZhMDRhZDc5Yzg4\nZDc0MzNhZWNkNjBmMw==\n','2011-04-01 19:32:33'),('705fb07ea400a61f9eb02cabff9ffc74','gAJ9cQEoVRJfYXV0aF91c2VyX2JhY2tlbmRxAlUpZGphbmdvLmNvbnRyaWIuYXV0aC5iYWNrZW5k\ncy5Nb2RlbEJhY2tlbmRxA1UNX2F1dGhfdXNlcl9pZHEEigEBdS44MTZkMzg1MDZhMDRhZDc5Yzg4\nZDc0MzNhZWNkNjBmMw==\n','2011-04-01 21:53:28'),('23b08b7b2413432d5e3db9f2d55be959','gAJ9cQEoVRJfYXV0aF91c2VyX2JhY2tlbmRxAlUpZGphbmdvLmNvbnRyaWIuYXV0aC5iYWNrZW5k\ncy5Nb2RlbEJhY2tlbmRxA1UNX2F1dGhfdXNlcl9pZHEEigEBdS44MTZkMzg1MDZhMDRhZDc5Yzg4\nZDc0MzNhZWNkNjBmMw==\n','2011-04-03 13:50:37'),('ea92376ce55fabaca9ca9b419a42e901','gAJ9cQEoVRJfYXV0aF91c2VyX2JhY2tlbmRxAlUpZGphbmdvLmNvbnRyaWIuYXV0aC5iYWNrZW5k\ncy5Nb2RlbEJhY2tlbmRxA1UNX2F1dGhfdXNlcl9pZHEEigEBdS44MTZkMzg1MDZhMDRhZDc5Yzg4\nZDc0MzNhZWNkNjBmMw==\n','2011-04-02 13:55:38'),('f756a3a51bd7ac454b0b8700f96a3c40','gAJ9cQEoVRJfYXV0aF91c2VyX2JhY2tlbmRxAlUpZGphbmdvLmNvbnRyaWIuYXV0aC5iYWNrZW5k\ncy5Nb2RlbEJhY2tlbmRxA1UNX2F1dGhfdXNlcl9pZHEEigEBdS44MTZkMzg1MDZhMDRhZDc5Yzg4\nZDc0MzNhZWNkNjBmMw==\n','2011-04-02 13:59:46'),('98743c7cdc2a54c3a5ac6e8ac4abd242','gAJ9cQEoVRJfYXV0aF91c2VyX2JhY2tlbmRxAlUpZGphbmdvLmNvbnRyaWIuYXV0aC5iYWNrZW5k\ncy5Nb2RlbEJhY2tlbmRxA1UNX2F1dGhfdXNlcl9pZHEEigEBdS44MTZkMzg1MDZhMDRhZDc5Yzg4\nZDc0MzNhZWNkNjBmMw==\n','2011-04-02 14:03:58'),('b396a2fcfdb0ef659f28622c481bee22','gAJ9cQEoVRJfYXV0aF91c2VyX2JhY2tlbmRxAlUpZGphbmdvLmNvbnRyaWIuYXV0aC5iYWNrZW5k\ncy5Nb2RlbEJhY2tlbmRxA1UNX2F1dGhfdXNlcl9pZHEEigEBdS44MTZkMzg1MDZhMDRhZDc5Yzg4\nZDc0MzNhZWNkNjBmMw==\n','2011-04-02 14:07:39'),('d04b5d2f252e136eec7a36350ee2365c','gAJ9cQEoVRJfYXV0aF91c2VyX2JhY2tlbmRxAlUpZGphbmdvLmNvbnRyaWIuYXV0aC5iYWNrZW5k\ncy5Nb2RlbEJhY2tlbmRxA1UNX2F1dGhfdXNlcl9pZHEEigEBdS44MTZkMzg1MDZhMDRhZDc5Yzg4\nZDc0MzNhZWNkNjBmMw==\n','2011-04-02 14:13:12'),('a2af9e3b68072d6acbf2ef3f40eda82f','gAJ9cQFVCnRlc3Rjb29raWVxAlUGd29ya2VkcQNzLmQwMzYzMzYyMzZjNzQwNDNjZGEwNjMyMjM1\nMjg4YjNj\n','2011-04-03 21:20:37'),('156c1d62b1b4dd02ad2af452c0f63c46','gAJ9cQFVCnRlc3Rjb29raWVxAlUGd29ya2VkcQNzLmQwMzYzMzYyMzZjNzQwNDNjZGEwNjMyMjM1\nMjg4YjNj\n','2011-04-04 13:09:15'),('87ca6e5741d346859b48aacec59a6bc8','gAJ9cQEoVRJfYXV0aF91c2VyX2JhY2tlbmRxAlUpZGphbmdvLmNvbnRyaWIuYXV0aC5iYWNrZW5k\ncy5Nb2RlbEJhY2tlbmRxA1UNX2F1dGhfdXNlcl9pZHEEigEBdS44MTZkMzg1MDZhMDRhZDc5Yzg4\nZDc0MzNhZWNkNjBmMw==\n','2011-04-04 20:58:15'),('73c64ea0bf560854a672c92d2da0de63','gAJ9cQEuODYyYjAwMDU5NzdkOTM5ZjBjODVjZmQ4YzEwNWM2ZGI=\n','2011-04-04 18:15:05'),('57eaf3410f30ed553f73183921189de0','gAJ9cQEoVRJfYXV0aF91c2VyX2JhY2tlbmRxAlUpZGphbmdvLmNvbnRyaWIuYXV0aC5iYWNrZW5k\ncy5Nb2RlbEJhY2tlbmRxA1UNX2F1dGhfdXNlcl9pZHEEigEBdS44MTZkMzg1MDZhMDRhZDc5Yzg4\nZDc0MzNhZWNkNjBmMw==\n','2011-04-04 22:49:29'),('3c410af202ba7935c5ad633fc5047d67','gAJ9cQEuODYyYjAwMDU5NzdkOTM5ZjBjODVjZmQ4YzEwNWM2ZGI=\n','2011-04-04 21:21:16'),('2c554063e2b56348412b3c72f00623ab','gAJ9cQFVCnRlc3Rjb29raWVxAlUGd29ya2VkcQNzLmQwMzYzMzYyMzZjNzQwNDNjZGEwNjMyMjM1\nMjg4YjNj\n','2011-04-06 13:03:22'),('a4fda4587c9a733b03a71b07a98a5e9e','gAJ9cQEoVQljbGlwYm9hcmRxAl1xA1gDAAAAMTAzcQRhVQ1fYXV0aF91c2VyX2lkcQWKAQFVEl9h\ndXRoX3VzZXJfYmFja2VuZHEGVSlkamFuZ28uY29udHJpYi5hdXRoLmJhY2tlbmRzLk1vZGVsQmFj\na2VuZHEHVRBjbGlwYm9hcmRfYWN0aW9ucQhLAXUuOWRlYmQyNjk4MDIwYWRmNTQ1YWZiNDUwNjY1\nYjRhZmE=\n','2011-04-17 22:40:50'),('bb052e8bff268154b9883fc3787bfd99','gAJ9cQEoVRJfYXV0aF91c2VyX2JhY2tlbmRxAlUpZGphbmdvLmNvbnRyaWIuYXV0aC5iYWNrZW5k\ncy5Nb2RlbEJhY2tlbmRxA1UNX2F1dGhfdXNlcl9pZHEEigEBdS44MTZkMzg1MDZhMDRhZDc5Yzg4\nZDc0MzNhZWNkNjBmMw==\n','2011-04-06 20:15:13'),('3d9390a17a79a741c3027526a8c5c2d2','gAJ9cQEuODYyYjAwMDU5NzdkOTM5ZjBjODVjZmQ4YzEwNWM2ZGI=\n','2011-04-15 01:24:31'),('5be3d0fc228f2dd6426a9ec389431844','gAJ9cQEoVRJfYXV0aF91c2VyX2JhY2tlbmRxAlUpZGphbmdvLmNvbnRyaWIuYXV0aC5iYWNrZW5k\ncy5Nb2RlbEJhY2tlbmRxA1UNX2F1dGhfdXNlcl9pZHEEigEBdS44MTZkMzg1MDZhMDRhZDc5Yzg4\nZDc0MzNhZWNkNjBmMw==\n','2011-04-07 00:11:59'),('86ddb328b776c31fcbfaf71334af775e','gAJ9cQEoVRJfYXV0aF91c2VyX2JhY2tlbmRxAlUpZGphbmdvLmNvbnRyaWIuYXV0aC5iYWNrZW5k\ncy5Nb2RlbEJhY2tlbmRxA1UNX2F1dGhfdXNlcl9pZHEEigEBdS44MTZkMzg1MDZhMDRhZDc5Yzg4\nZDc0MzNhZWNkNjBmMw==\n','2011-04-08 23:32:49'),('0827010ecd37364329f569f8e49e1042','gAJ9cQEuODYyYjAwMDU5NzdkOTM5ZjBjODVjZmQ4YzEwNWM2ZGI=\n','2011-04-10 19:54:37'),('0b55a33b3045ed28408a2ca040d0dc9d','gAJ9cQEoVRJfYXV0aF91c2VyX2JhY2tlbmRxAlUpZGphbmdvLmNvbnRyaWIuYXV0aC5iYWNrZW5k\ncy5Nb2RlbEJhY2tlbmRxA1UNX2F1dGhfdXNlcl9pZHEEigEBdS44MTZkMzg1MDZhMDRhZDc5Yzg4\nZDc0MzNhZWNkNjBmMw==\n','2011-04-12 17:30:55'),('d0dffc306ed6f6540c331e870265013b','gAJ9cQFVCnRlc3Rjb29raWVxAlUGd29ya2VkcQNzLmQwMzYzMzYyMzZjNzQwNDNjZGEwNjMyMjM1\nMjg4YjNj\n','2011-04-15 00:58:47'),('d51f00d50eaf4366507ae3ab021b87f1','gAJ9cQEoVRJfYXV0aF91c2VyX2JhY2tlbmRxAlUpZGphbmdvLmNvbnRyaWIuYXV0aC5iYWNrZW5k\ncy5Nb2RlbEJhY2tlbmRxA1UNX2F1dGhfdXNlcl9pZHEEigEBdS44MTZkMzg1MDZhMDRhZDc5Yzg4\nZDc0MzNhZWNkNjBmMw==\n','2011-04-13 22:52:34'),('7a0f06894b8a0308d5962ac8bb37a60b','gAJ9cQEuODYyYjAwMDU5NzdkOTM5ZjBjODVjZmQ4YzEwNWM2ZGI=\n','2011-04-15 01:28:31'),('6cb86c3b23071551e36800325921e0ce','gAJ9cQEuODYyYjAwMDU5NzdkOTM5ZjBjODVjZmQ4YzEwNWM2ZGI=\n','2011-04-15 01:05:39'),('bb3cfb6c6298a906fb1f3d97cf68a97d','gAJ9cQFVCnRlc3Rjb29raWVxAlUGd29ya2VkcQNzLmQwMzYzMzYyMzZjNzQwNDNjZGEwNjMyMjM1\nMjg4YjNj\n','2011-04-15 12:20:00'),('ff5702cbf43b57aa76d90425947651cf','gAJ9cQEoVRJfYXV0aF91c2VyX2JhY2tlbmRxAlUpZGphbmdvLmNvbnRyaWIuYXV0aC5iYWNrZW5k\ncy5Nb2RlbEJhY2tlbmRxA1UNX2F1dGhfdXNlcl9pZHEEigEBdS44MTZkMzg1MDZhMDRhZDc5Yzg4\nZDc0MzNhZWNkNjBmMw==\n','2011-04-15 12:05:17'),('bf9feb1359b92f23fd00e5dc9e1b3cbb','gAJ9cQFVCnRlc3Rjb29raWVxAlUGd29ya2VkcQNzLmQwMzYzMzYyMzZjNzQwNDNjZGEwNjMyMjM1\nMjg4YjNj\n','2011-04-15 12:56:22'),('84ccad355323e2ab23d1405c2c3c587a','gAJ9cQEuODYyYjAwMDU5NzdkOTM5ZjBjODVjZmQ4YzEwNWM2ZGI=\n','2011-04-18 00:01:08'),('326e2753fe18b0779d1912da518537a2','gAJ9cQEoVRJfYXV0aF91c2VyX2JhY2tlbmRxAlUpZGphbmdvLmNvbnRyaWIuYXV0aC5iYWNrZW5k\ncy5Nb2RlbEJhY2tlbmRxA1UNX2F1dGhfdXNlcl9pZHEEigEBdS44MTZkMzg1MDZhMDRhZDc5Yzg4\nZDc0MzNhZWNkNjBmMw==\n','2011-04-16 20:56:45'),('7e5cc9d4407f4f4e84d2e7dd9bd28933','gAJ9cQEuODYyYjAwMDU5NzdkOTM5ZjBjODVjZmQ4YzEwNWM2ZGI=\n','2011-04-17 13:03:54'),('aacbce726403661c58e0ed9550cf568a','gAJ9cQFVCnRlc3Rjb29raWVxAlUGd29ya2VkcQNzLmQwMzYzMzYyMzZjNzQwNDNjZGEwNjMyMjM1\nMjg4YjNj\n','2011-04-17 17:23:22'),('b5ac81c7929cff4188e8ed1de15390eb','gAJ9cQEuODYyYjAwMDU5NzdkOTM5ZjBjODVjZmQ4YzEwNWM2ZGI=\n','2011-04-18 00:10:59'),('719adb9531aed1aa7b86e6a3a02dcfab','gAJ9cQFVCnRlc3Rjb29raWVxAlUGd29ya2VkcQNzLmQwMzYzMzYyMzZjNzQwNDNjZGEwNjMyMjM1\nMjg4YjNj\n','2011-04-18 10:32:04'),('c235d22d42c505f7e0263941f9b2029d','gAJ9cQFVCnRlc3Rjb29raWVxAlUGd29ya2VkcQNzLmQwMzYzMzYyMzZjNzQwNDNjZGEwNjMyMjM1\nMjg4YjNj\n','2011-04-18 13:37:45'),('b1f61321dbbf3c32327907e999b7c94b','gAJ9cQFVCnRlc3Rjb29raWVxAlUGd29ya2VkcQNzLmQwMzYzMzYyMzZjNzQwNDNjZGEwNjMyMjM1\nMjg4YjNj\n','2011-04-18 13:51:13'),('8545ad6a93f8660b6295fb3d9224f095','gAJ9cQFVCnRlc3Rjb29raWVxAlUGd29ya2VkcQNzLmQwMzYzMzYyMzZjNzQwNDNjZGEwNjMyMjM1\nMjg4YjNj\n','2011-04-19 21:58:54'),('adc15bdfb548c962eebcdd3488635aea','gAJ9cQFVCnRlc3Rjb29raWVxAlUGd29ya2VkcQNzLmQwMzYzMzYyMzZjNzQwNDNjZGEwNjMyMjM1\nMjg4YjNj\n','2011-04-20 18:32:33'),('5c6848b454800d603d8851e6a0804580','gAJ9cQFVCnRlc3Rjb29raWVxAlUGd29ya2VkcQNzLmQwMzYzMzYyMzZjNzQwNDNjZGEwNjMyMjM1\nMjg4YjNj\n','2011-04-21 18:45:31'),('f49fa1a900149161020267ee364efe2f','gAJ9cQEoVRJfYXV0aF91c2VyX2JhY2tlbmRxAlUpZGphbmdvLmNvbnRyaWIuYXV0aC5iYWNrZW5k\ncy5Nb2RlbEJhY2tlbmRxA1UNX2F1dGhfdXNlcl9pZHEEigEBdS44MTZkMzg1MDZhMDRhZDc5Yzg4\nZDc0MzNhZWNkNjBmMw==\n','2011-04-20 21:56:41'),('38da82012cebf71d1e4c303a965ee079','gAJ9cQEoVRJfYXV0aF91c2VyX2JhY2tlbmRxAlUpZGphbmdvLmNvbnRyaWIuYXV0aC5iYWNrZW5k\ncy5Nb2RlbEJhY2tlbmRxA1UNX2F1dGhfdXNlcl9pZHEEigEBdS44MTZkMzg1MDZhMDRhZDc5Yzg4\nZDc0MzNhZWNkNjBmMw==\n','2011-04-20 22:37:33'),('e8cc5f9b195213329694c9d5887d4c3c','gAJ9cQFVCnRlc3Rjb29raWVxAlUGd29ya2VkcQNzLmQwMzYzMzYyMzZjNzQwNDNjZGEwNjMyMjM1\nMjg4YjNj\n','2011-04-21 22:53:35'),('10b61b29b1807388b1ec050149b28872','gAJ9cQFVCnRlc3Rjb29raWVxAlUGd29ya2VkcQNzLmQwMzYzMzYyMzZjNzQwNDNjZGEwNjMyMjM1\nMjg4YjNj\n','2011-04-25 01:57:20'),('1131cab53a72e76becb2dad03236806e','gAJ9cQFVCnRlc3Rjb29raWVxAlUGd29ya2VkcQNzLmQwMzYzMzYyMzZjNzQwNDNjZGEwNjMyMjM1\nMjg4YjNj\n','2011-04-28 11:33:44'),('172db3908e43e09274e72bb3aca7c77e','gAJ9cQEoVRJfYXV0aF91c2VyX2JhY2tlbmRxAlUpZGphbmdvLmNvbnRyaWIuYXV0aC5iYWNrZW5k\ncy5Nb2RlbEJhY2tlbmRxA1UNX2F1dGhfdXNlcl9pZHEEigEBdS44MTZkMzg1MDZhMDRhZDc5Yzg4\nZDc0MzNhZWNkNjBmMw==\n','2011-04-25 20:16:28'),('b2e89870d755457a3000f4fd931a9ff7','gAJ9cQEoVRJfYXV0aF91c2VyX2JhY2tlbmRxAlUpZGphbmdvLmNvbnRyaWIuYXV0aC5iYWNrZW5k\ncy5Nb2RlbEJhY2tlbmRxA1UNX2F1dGhfdXNlcl9pZHEEigEBdS44MTZkMzg1MDZhMDRhZDc5Yzg4\nZDc0MzNhZWNkNjBmMw==\n','2011-04-26 19:55:46'),('201c1b290d7dbc1f1d6e739e42390a17','gAJ9cQEoVRJfYXV0aF91c2VyX2JhY2tlbmRxAlUpZGphbmdvLmNvbnRyaWIuYXV0aC5iYWNrZW5k\ncy5Nb2RlbEJhY2tlbmRxA1UNX2F1dGhfdXNlcl9pZHEEigEBdS44MTZkMzg1MDZhMDRhZDc5Yzg4\nZDc0MzNhZWNkNjBmMw==\n','2011-04-26 20:14:55'),('b505fa5054431b20460c2c2a60c4ad05','gAJ9cQFVCnRlc3Rjb29raWVxAlUGd29ya2VkcQNzLmQwMzYzMzYyMzZjNzQwNDNjZGEwNjMyMjM1\nMjg4YjNj\n','2011-04-28 13:23:58'),('b269c2f647ca0db53600b9ec59943199','gAJ9cQFVCnRlc3Rjb29raWVxAlUGd29ya2VkcQNzLmQwMzYzMzYyMzZjNzQwNDNjZGEwNjMyMjM1\nMjg4YjNj\n','2011-04-28 17:25:12'),('9ac3a89ba2271733e7f5708ddf4c1f25','gAJ9cQEoVRJfYXV0aF91c2VyX2JhY2tlbmRxAlUpZGphbmdvLmNvbnRyaWIuYXV0aC5iYWNrZW5k\ncy5Nb2RlbEJhY2tlbmRxA1UNX2F1dGhfdXNlcl9pZHEEigEBdS44MTZkMzg1MDZhMDRhZDc5Yzg4\nZDc0MzNhZWNkNjBmMw==\n','2011-05-04 23:59:25'),('404e1a9f1bcda579cc1c2e9e4a208d8d','gAJ9cQEoVRJfYXV0aF91c2VyX2JhY2tlbmRxAlUpZGphbmdvLmNvbnRyaWIuYXV0aC5iYWNrZW5k\ncy5Nb2RlbEJhY2tlbmRxA1UNX2F1dGhfdXNlcl9pZHEEigEBdS44MTZkMzg1MDZhMDRhZDc5Yzg4\nZDc0MzNhZWNkNjBmMw==\n','2011-05-01 00:52:03'),('160f9c61013abf8e322decec38f5f7be','gAJ9cQEoVQljbGlwYm9hcmRxAl1xA1gDAAAAMTYycQRhVQp0ZXN0Y29va2llcQVVBndvcmtlZHEG\nVQ1fYXV0aF91c2VyX2lkcQeKAQNVEl9hdXRoX3VzZXJfYmFja2VuZHEIVSlkamFuZ28uY29udHJp\nYi5hdXRoLmJhY2tlbmRzLk1vZGVsQmFja2VuZHEJVRBjbGlwYm9hcmRfYWN0aW9ucQpLAXUuMmI1\nNGQzMzI1ODY0MDI5ZmM4ZTIzMjJiMTI3NmE3MDE=\n','2011-05-03 21:09:43'),('ebf2e5878f1c026c8378a94c7a732f7d','gAJ9cQFVCnRlc3Rjb29raWVxAlUGd29ya2VkcQNzLmQwMzYzMzYyMzZjNzQwNDNjZGEwNjMyMjM1\nMjg4YjNj\n','2011-05-06 05:06:04'),('c2b87ca8fa1667e46178c3da8b24b7d6','gAJ9cQEoVRJfYXV0aF91c2VyX2JhY2tlbmRxAlUpZGphbmdvLmNvbnRyaWIuYXV0aC5iYWNrZW5k\ncy5Nb2RlbEJhY2tlbmRxA1UNX2F1dGhfdXNlcl9pZHEEigECdS5lNzYwOTQ5MjlmYmE1MmUwYjVl\nNzNhYjU4MjhlOGEwZg==\n','2011-05-03 21:45:20'),('691d14e67dcfda018d5970b7b229aac6','gAJ9cQEoVRJfYXV0aF91c2VyX2JhY2tlbmRxAlUpZGphbmdvLmNvbnRyaWIuYXV0aC5iYWNrZW5k\ncy5Nb2RlbEJhY2tlbmRxA1UNX2F1dGhfdXNlcl9pZHEEigEBdS44MTZkMzg1MDZhMDRhZDc5Yzg4\nZDc0MzNhZWNkNjBmMw==\n','2011-05-04 13:19:11'),('495221a95738efd33ca81e9901d37029','gAJ9cQFVCnRlc3Rjb29raWVxAlUGd29ya2VkcQNzLmQwMzYzMzYyMzZjNzQwNDNjZGEwNjMyMjM1\nMjg4YjNj\n','2011-05-13 19:17:11'),('e15e5b35b4936e2494878327c701ec4a','gAJ9cQEoVRJfYXV0aF91c2VyX2JhY2tlbmRxAlUpZGphbmdvLmNvbnRyaWIuYXV0aC5iYWNrZW5k\ncy5Nb2RlbEJhY2tlbmRxA1UNX2F1dGhfdXNlcl9pZHEEigECdS5lNzYwOTQ5MjlmYmE1MmUwYjVl\nNzNhYjU4MjhlOGEwZg==\n','2011-05-13 18:13:14'),('4d38960568cf3807a32ca5f1cf7bde37','gAJ9cQFVCnRlc3Rjb29raWVxAlUGd29ya2VkcQNzLmQwMzYzMzYyMzZjNzQwNDNjZGEwNjMyMjM1\nMjg4YjNj\n','2011-05-06 13:55:11'),('f693207a5522c83f05fc1f3f4dc19120','gAJ9cQFVCnRlc3Rjb29raWVxAlUGd29ya2VkcQNzLmQwMzYzMzYyMzZjNzQwNDNjZGEwNjMyMjM1\nMjg4YjNj\n','2011-05-09 06:49:04'),('86491992e6d73a0b6cb9ab238df25d56','gAJ9cQFVCnRlc3Rjb29raWVxAlUGd29ya2VkcQNzLmQwMzYzMzYyMzZjNzQwNDNjZGEwNjMyMjM1\nMjg4YjNj\n','2011-05-09 13:54:22'),('635a381edfda3cbdc3697854dabdff4f','gAJ9cQFVCnRlc3Rjb29raWVxAlUGd29ya2VkcQNzLmQwMzYzMzYyMzZjNzQwNDNjZGEwNjMyMjM1\nMjg4YjNj\n','2011-05-09 13:56:49'),('d9bb9b3b6a1746fdf497a4b09923c5c0','gAJ9cQFVCnRlc3Rjb29raWVxAlUGd29ya2VkcQNzLmQwMzYzMzYyMzZjNzQwNDNjZGEwNjMyMjM1\nMjg4YjNj\n','2011-05-10 06:10:51'),('5e0e0c00ab296f5e0e1bf61c6a7f7713','gAJ9cQFVCnRlc3Rjb29raWVxAlUGd29ya2VkcQNzLmQwMzYzMzYyMzZjNzQwNDNjZGEwNjMyMjM1\nMjg4YjNj\n','2011-05-10 10:18:55'),('e3bfea904a6386d4424330e23f6647b8','gAJ9cQFVCnRlc3Rjb29raWVxAlUGd29ya2VkcQNzLmQwMzYzMzYyMzZjNzQwNDNjZGEwNjMyMjM1\nMjg4YjNj\n','2011-05-10 10:18:57'),('70eedfbabbfec388c43861de7745d0d0','gAJ9cQFVCnRlc3Rjb29raWVxAlUGd29ya2VkcQNzLmQwMzYzMzYyMzZjNzQwNDNjZGEwNjMyMjM1\nMjg4YjNj\n','2011-05-10 10:19:28'),('1209f7472a028f6eb55664f7fe749ce3','gAJ9cQFVCnRlc3Rjb29raWVxAlUGd29ya2VkcQNzLmQwMzYzMzYyMzZjNzQwNDNjZGEwNjMyMjM1\nMjg4YjNj\n','2011-05-10 10:19:29'),('27beb47456755fd79677722cb130d278','gAJ9cQFVCnRlc3Rjb29raWVxAlUGd29ya2VkcQNzLmQwMzYzMzYyMzZjNzQwNDNjZGEwNjMyMjM1\nMjg4YjNj\n','2011-05-11 01:02:40'),('daa3a875b800c08b392d8a1c6dac972d','gAJ9cQFVCnRlc3Rjb29raWVxAlUGd29ya2VkcQNzLmQwMzYzMzYyMzZjNzQwNDNjZGEwNjMyMjM1\nMjg4YjNj\n','2011-05-11 12:34:54'),('c20796e95a048d58411af088d897d928','gAJ9cQFVCnRlc3Rjb29raWVxAlUGd29ya2VkcQNzLmQwMzYzMzYyMzZjNzQwNDNjZGEwNjMyMjM1\nMjg4YjNj\n','2011-05-11 13:40:24'),('267dc471a5d17a0dfa33614a3a2e90de','gAJ9cQFVCnRlc3Rjb29raWVxAlUGd29ya2VkcQNzLmQwMzYzMzYyMzZjNzQwNDNjZGEwNjMyMjM1\nMjg4YjNj\n','2011-05-11 16:57:36'),('9f6ada3a0cab9e35bd1538851776bfdb','gAJ9cQFVCnRlc3Rjb29raWVxAlUGd29ya2VkcQNzLmQwMzYzMzYyMzZjNzQwNDNjZGEwNjMyMjM1\nMjg4YjNj\n','2011-05-12 09:20:46'),('e150d34e6a6e775ba5073ad4b550cc58','gAJ9cQFVCnRlc3Rjb29raWVxAlUGd29ya2VkcQNzLmQwMzYzMzYyMzZjNzQwNDNjZGEwNjMyMjM1\nMjg4YjNj\n','2011-05-12 13:47:47'),('e7722a9f51cffd8df3a7d5b6a2f2a557','gAJ9cQFVCnRlc3Rjb29raWVxAlUGd29ya2VkcQNzLmQwMzYzMzYyMzZjNzQwNDNjZGEwNjMyMjM1\nMjg4YjNj\n','2011-05-12 20:04:37'),('9649fa245f1307ea7d36142060587dc9','gAJ9cQFVCnRlc3Rjb29raWVxAlUGd29ya2VkcQNzLmQwMzYzMzYyMzZjNzQwNDNjZGEwNjMyMjM1\nMjg4YjNj\n','2011-05-13 21:07:09'),('d84698ceff50393faaedb5e1a32fa5b1','gAJ9cQFVCnRlc3Rjb29raWVxAlUGd29ya2VkcQNzLmQwMzYzMzYyMzZjNzQwNDNjZGEwNjMyMjM1\nMjg4YjNj\n','2011-05-16 05:07:25'),('b5bb58704e2f55ffd1d65f1424914d70','gAJ9cQFVCnRlc3Rjb29raWVxAlUGd29ya2VkcQNzLmQwMzYzMzYyMzZjNzQwNDNjZGEwNjMyMjM1\nMjg4YjNj\n','2011-05-17 19:56:36'),('51e5aec0d51526dc990edf9e254cded3','gAJ9cQFVCnRlc3Rjb29raWVxAlUGd29ya2VkcQNzLmQwMzYzMzYyMzZjNzQwNDNjZGEwNjMyMjM1\nMjg4YjNj\n','2011-05-19 11:05:38'),('9275bb2491774aa1575f3ae897e3a6d5','gAJ9cQFVCnRlc3Rjb29raWVxAlUGd29ya2VkcQNzLmQwMzYzMzYyMzZjNzQwNDNjZGEwNjMyMjM1\nMjg4YjNj\n','2011-05-19 23:03:00'),('5778e28c8debd2246e39be45c4119276','gAJ9cQFVCnRlc3Rjb29raWVxAlUGd29ya2VkcQNzLmQwMzYzMzYyMzZjNzQwNDNjZGEwNjMyMjM1\nMjg4YjNj\n','2011-05-20 15:27:33'),('b82036b2f11938a1321c424d89a8f703','gAJ9cQFVCnRlc3Rjb29raWVxAlUGd29ya2VkcQNzLmQwMzYzMzYyMzZjNzQwNDNjZGEwNjMyMjM1\nMjg4YjNj\n','2011-05-20 21:38:46'),('fc60e5ca52112a740e7abc3e6518f06d','gAJ9cQFVCnRlc3Rjb29raWVxAlUGd29ya2VkcQNzLmQwMzYzMzYyMzZjNzQwNDNjZGEwNjMyMjM1\nMjg4YjNj\n','2011-05-21 15:05:58'),('a55fab49dd4db4e270da33f1b817966d','gAJ9cQFVCnRlc3Rjb29raWVxAlUGd29ya2VkcQNzLmQwMzYzMzYyMzZjNzQwNDNjZGEwNjMyMjM1\nMjg4YjNj\n','2011-05-21 15:06:03'),('fa5e4b6c356c09d4505190e95c499707','gAJ9cQFVCnRlc3Rjb29raWVxAlUGd29ya2VkcQNzLmQwMzYzMzYyMzZjNzQwNDNjZGEwNjMyMjM1\nMjg4YjNj\n','2011-05-21 15:06:34'),('efb2d56519ef0648e7cfd2a2a8b67163','gAJ9cQFVCnRlc3Rjb29raWVxAlUGd29ya2VkcQNzLmQwMzYzMzYyMzZjNzQwNDNjZGEwNjMyMjM1\nMjg4YjNj\n','2011-05-21 15:06:38'),('2f4da7c91dbf77eb757c1fcf40fdd1b1','gAJ9cQFVCnRlc3Rjb29raWVxAlUGd29ya2VkcQNzLmQwMzYzMzYyMzZjNzQwNDNjZGEwNjMyMjM1\nMjg4YjNj\n','2011-05-21 16:20:31'),('ae3b2b10f5c8c66c62445bd2b3250ede','gAJ9cQFVCnRlc3Rjb29raWVxAlUGd29ya2VkcQNzLmQwMzYzMzYyMzZjNzQwNDNjZGEwNjMyMjM1\nMjg4YjNj\n','2011-05-23 04:26:34'),('0fed35f03db1728d57f7a476804f9167','gAJ9cQFVCnRlc3Rjb29raWVxAlUGd29ya2VkcQNzLmQwMzYzMzYyMzZjNzQwNDNjZGEwNjMyMjM1\nMjg4YjNj\n','2011-05-23 10:08:27'),('b690d3a2225e3f080d652545ef4c5c29','gAJ9cQFVCnRlc3Rjb29raWVxAlUGd29ya2VkcQNzLmQwMzYzMzYyMzZjNzQwNDNjZGEwNjMyMjM1\nMjg4YjNj\n','2011-05-23 12:20:17'),('4878e466b7e3aea2de2d2663e224995d','gAJ9cQFVCnRlc3Rjb29raWVxAlUGd29ya2VkcQNzLmQwMzYzMzYyMzZjNzQwNDNjZGEwNjMyMjM1\nMjg4YjNj\n','2011-05-23 12:20:22'),('f216d8490933491eed5fe12da88fdf3c','gAJ9cQFVCnRlc3Rjb29raWVxAlUGd29ya2VkcQNzLmQwMzYzMzYyMzZjNzQwNDNjZGEwNjMyMjM1\nMjg4YjNj\n','2011-05-23 12:20:52'),('787061b2c9712525de859d95bf490dbe','gAJ9cQFVCnRlc3Rjb29raWVxAlUGd29ya2VkcQNzLmQwMzYzMzYyMzZjNzQwNDNjZGEwNjMyMjM1\nMjg4YjNj\n','2011-05-23 12:20:58'),('ac2d728a2b6659bb9ca3d489b68bee5f','gAJ9cQFVCnRlc3Rjb29raWVxAlUGd29ya2VkcQNzLmQwMzYzMzYyMzZjNzQwNDNjZGEwNjMyMjM1\nMjg4YjNj\n','2011-05-25 01:41:09'),('ddf58b32a28b357f8fd49f411b790a5f','gAJ9cQFVCnRlc3Rjb29raWVxAlUGd29ya2VkcQNzLmQwMzYzMzYyMzZjNzQwNDNjZGEwNjMyMjM1\nMjg4YjNj\n','2011-05-26 21:16:54'),('4f56d99597b1a5abf189cbab4fd5b0ec','gAJ9cQFVCnRlc3Rjb29raWVxAlUGd29ya2VkcQNzLmQwMzYzMzYyMzZjNzQwNDNjZGEwNjMyMjM1\nMjg4YjNj\n','2011-05-28 21:56:33'),('d213df54bbbc03336751da4e0f11e81c','gAJ9cQFVCnRlc3Rjb29raWVxAlUGd29ya2VkcQNzLmQwMzYzMzYyMzZjNzQwNDNjZGEwNjMyMjM1\nMjg4YjNj\n','2011-05-28 23:07:58'),('e903ba86792392deb7244cbef42dc406','gAJ9cQFVCnRlc3Rjb29raWVxAlUGd29ya2VkcQNzLmQwMzYzMzYyMzZjNzQwNDNjZGEwNjMyMjM1\nMjg4YjNj\n','2011-05-29 02:53:35'),('77d5fcf642e6f4540099ce15cd03a3a3','gAJ9cQFVCnRlc3Rjb29raWVxAlUGd29ya2VkcQNzLmQwMzYzMzYyMzZjNzQwNDNjZGEwNjMyMjM1\nMjg4YjNj\n','2011-06-01 10:20:24'),('3e431a49c0124440ee24eccfeb6b3d3b','gAJ9cQFVCnRlc3Rjb29raWVxAlUGd29ya2VkcQNzLmQwMzYzMzYyMzZjNzQwNDNjZGEwNjMyMjM1\nMjg4YjNj\n','2011-06-01 15:24:10'),('9254e56139e3ef091ed26cda67246bcb','gAJ9cQFVCnRlc3Rjb29raWVxAlUGd29ya2VkcQNzLmQwMzYzMzYyMzZjNzQwNDNjZGEwNjMyMjM1\nMjg4YjNj\n','2011-06-02 15:39:02'),('f547096cde54c0612a849453c522edfc','gAJ9cQFVCnRlc3Rjb29raWVxAlUGd29ya2VkcQNzLmQwMzYzMzYyMzZjNzQwNDNjZGEwNjMyMjM1\nMjg4YjNj\n','2011-06-02 16:05:53'),('9b45eb1ba07eae428d32eaaeb4671cc5','gAJ9cQFVCnRlc3Rjb29raWVxAlUGd29ya2VkcQNzLmQwMzYzMzYyMzZjNzQwNDNjZGEwNjMyMjM1\nMjg4YjNj\n','2011-06-02 18:38:20'),('0e83978330803572a3fb6aafbe0370e3','gAJ9cQFVCnRlc3Rjb29raWVxAlUGd29ya2VkcQNzLmQwMzYzMzYyMzZjNzQwNDNjZGEwNjMyMjM1\nMjg4YjNj\n','2011-06-02 22:38:29'),('44b934231a21d3115f1cb81a4f3c526b','gAJ9cQFVCnRlc3Rjb29raWVxAlUGd29ya2VkcQNzLmQwMzYzMzYyMzZjNzQwNDNjZGEwNjMyMjM1\nMjg4YjNj\n','2011-06-04 22:05:43'),('ecc821010895a614e7785e205fc48d2d','gAJ9cQFVCnRlc3Rjb29raWVxAlUGd29ya2VkcQNzLmQwMzYzMzYyMzZjNzQwNDNjZGEwNjMyMjM1\nMjg4YjNj\n','2011-06-06 10:46:23'),('268be67783b8e56533dd3ded9c146268','gAJ9cQFVCnRlc3Rjb29raWVxAlUGd29ya2VkcQNzLmQwMzYzMzYyMzZjNzQwNDNjZGEwNjMyMjM1\nMjg4YjNj\n','2011-06-06 10:59:37'),('eeee4756ed67f087c4ca61ce8d8d2b4a','gAJ9cQFVCnRlc3Rjb29raWVxAlUGd29ya2VkcQNzLmQwMzYzMzYyMzZjNzQwNDNjZGEwNjMyMjM1\nMjg4YjNj\n','2011-06-06 21:04:40'),('adbba0afce2423cb008e894c9d1f9d5d','gAJ9cQFVCnRlc3Rjb29raWVxAlUGd29ya2VkcQNzLmQwMzYzMzYyMzZjNzQwNDNjZGEwNjMyMjM1\nMjg4YjNj\n','2011-06-07 08:49:13'),('b2a3878f963747429adf5a4ed4268000','gAJ9cQFVCnRlc3Rjb29raWVxAlUGd29ya2VkcQNzLmQwMzYzMzYyMzZjNzQwNDNjZGEwNjMyMjM1\nMjg4YjNj\n','2011-06-07 12:01:10'),('b60846dc958dedab212e0dd788a2feb5','gAJ9cQFVCnRlc3Rjb29raWVxAlUGd29ya2VkcQNzLmQwMzYzMzYyMzZjNzQwNDNjZGEwNjMyMjM1\nMjg4YjNj\n','2011-06-07 12:14:45'),('ff27ac62699efebe1a1c84b07305ee53','gAJ9cQEoVQljbGlwYm9hcmRxAl1xA1gDAAAAMTYycQRhVRJfYXV0aF91c2VyX2JhY2tlbmRxBVUp\nZGphbmdvLmNvbnRyaWIuYXV0aC5iYWNrZW5kcy5Nb2RlbEJhY2tlbmRxBlUNX2F1dGhfdXNlcl9p\nZHEHigEBVRBjbGlwYm9hcmRfYWN0aW9ucQhLAXUuMzZkOGYzN2FjMjRjZDA1ZjQ2NGRkMDllMzdl\nZTZhMDQ=\n','2011-06-13 16:21:54'),('51688215a6461a059787a4fbdf73c1aa','gAJ9cQEoVRJfYXV0aF91c2VyX2JhY2tlbmRxAlUpZGphbmdvLmNvbnRyaWIuYXV0aC5iYWNrZW5k\ncy5Nb2RlbEJhY2tlbmRxA1UNX2F1dGhfdXNlcl9pZHEEigEBdS44MTZkMzg1MDZhMDRhZDc5Yzg4\nZDc0MzNhZWNkNjBmMw==\n','2011-06-07 15:52:35'),('56f85223c248cd98460fd15bea5c87c4','gAJ9cQEuODYyYjAwMDU5NzdkOTM5ZjBjODVjZmQ4YzEwNWM2ZGI=\n','2011-06-07 15:52:27'),('5355668738d648a0b0354055090378b9','gAJ9cQFVCnRlc3Rjb29raWVxAlUGd29ya2VkcQNzLmQwMzYzMzYyMzZjNzQwNDNjZGEwNjMyMjM1\nMjg4YjNj\n','2011-06-08 12:09:16'),('2370e1fe9a67a7d8a26b998381e74f6b','gAJ9cQEoVRJfYXV0aF91c2VyX2JhY2tlbmRxAlUpZGphbmdvLmNvbnRyaWIuYXV0aC5iYWNrZW5k\ncy5Nb2RlbEJhY2tlbmRxA1UNX2F1dGhfdXNlcl9pZHEEigEBdS44MTZkMzg1MDZhMDRhZDc5Yzg4\nZDc0MzNhZWNkNjBmMw==\n','2011-06-08 01:51:43'),('97517d026f41a8792b09aa8c8eefc565','gAJ9cQFVCnRlc3Rjb29raWVxAlUGd29ya2VkcQNzLmQwMzYzMzYyMzZjNzQwNDNjZGEwNjMyMjM1\nMjg4YjNj\n','2011-06-08 21:40:27'),('d6206a5202ec91d9ac6fb3556900e47f','gAJ9cQFVCnRlc3Rjb29raWVxAlUGd29ya2VkcQNzLmQwMzYzMzYyMzZjNzQwNDNjZGEwNjMyMjM1\nMjg4YjNj\n','2011-06-09 06:09:37'),('5d3f10e8247d36fa58fd863b83c882e9','gAJ9cQFVCnRlc3Rjb29raWVxAlUGd29ya2VkcQNzLmQwMzYzMzYyMzZjNzQwNDNjZGEwNjMyMjM1\nMjg4YjNj\n','2011-06-09 13:22:44'),('7437a86812c21bf4bfbbe57a0fc23cf5','gAJ9cQFVCnRlc3Rjb29raWVxAlUGd29ya2VkcQNzLmQwMzYzMzYyMzZjNzQwNDNjZGEwNjMyMjM1\nMjg4YjNj\n','2011-06-09 16:08:22'),('4f8df3681e8d703eb796bd15419638db','gAJ9cQFVCnRlc3Rjb29raWVxAlUGd29ya2VkcQNzLmQwMzYzMzYyMzZjNzQwNDNjZGEwNjMyMjM1\nMjg4YjNj\n','2011-06-10 12:01:32'),('49b2751ae437e7b9d1458e26d534eacf','gAJ9cQFVCnRlc3Rjb29raWVxAlUGd29ya2VkcQNzLmQwMzYzMzYyMzZjNzQwNDNjZGEwNjMyMjM1\nMjg4YjNj\n','2011-06-10 15:05:04'),('fb96572ed24b6fb076bffb4c7935f54b','gAJ9cQEoVRJfYXV0aF91c2VyX2JhY2tlbmRxAlUpZGphbmdvLmNvbnRyaWIuYXV0aC5iYWNrZW5k\ncy5Nb2RlbEJhY2tlbmRxA1UNX2F1dGhfdXNlcl9pZHEEigEBdS44MTZkMzg1MDZhMDRhZDc5Yzg4\nZDc0MzNhZWNkNjBmMw==\n','2011-06-10 14:30:19'),('bdc1d93d3912372ec664c2f1627c36f1','gAJ9cQFVCnRlc3Rjb29raWVxAlUGd29ya2VkcQNzLmQwMzYzMzYyMzZjNzQwNDNjZGEwNjMyMjM1\nMjg4YjNj\n','2011-06-11 04:54:07'),('e22469c31471e6906d31958aa00dac5b','gAJ9cQFVCnRlc3Rjb29raWVxAlUGd29ya2VkcQNzLmQwMzYzMzYyMzZjNzQwNDNjZGEwNjMyMjM1\nMjg4YjNj\n','2011-06-11 15:13:30'),('ac029c6080ef8493b0834dcae5b72518','gAJ9cQFVCnRlc3Rjb29raWVxAlUGd29ya2VkcQNzLmQwMzYzMzYyMzZjNzQwNDNjZGEwNjMyMjM1\nMjg4YjNj\n','2011-06-11 21:02:25'),('298d75a7453e79f715c13cc239dc4c79','gAJ9cQFVCnRlc3Rjb29raWVxAlUGd29ya2VkcQNzLmQwMzYzMzYyMzZjNzQwNDNjZGEwNjMyMjM1\nMjg4YjNj\n','2011-06-13 16:00:53'),('ccdefd426deafb5acd982ee2646ad6f6','gAJ9cQFVCnRlc3Rjb29raWVxAlUGd29ya2VkcQNzLmQwMzYzMzYyMzZjNzQwNDNjZGEwNjMyMjM1\nMjg4YjNj\n','2011-06-13 16:00:54'),('5883da4515a390b7c349c1877244c1d4','gAJ9cQFVCnRlc3Rjb29raWVxAlUGd29ya2VkcQNzLmQwMzYzMzYyMzZjNzQwNDNjZGEwNjMyMjM1\nMjg4YjNj\n','2011-06-13 16:02:47'),('231dcac2de366c497de5d7e787cf77a7','gAJ9cQFVCnRlc3Rjb29raWVxAlUGd29ya2VkcQNzLmQwMzYzMzYyMzZjNzQwNDNjZGEwNjMyMjM1\nMjg4YjNj\n','2011-06-13 16:15:05'),('2d36128f3051c4844b6c58ffbd4b99dd','gAJ9cQFVCnRlc3Rjb29raWVxAlUGd29ya2VkcQNzLmQwMzYzMzYyMzZjNzQwNDNjZGEwNjMyMjM1\nMjg4YjNj\n','2011-06-13 16:10:14'),('a025a7bc9c9c61f14949d9b9ba3fcab8','gAJ9cQFVCnRlc3Rjb29raWVxAlUGd29ya2VkcQNzLmQwMzYzMzYyMzZjNzQwNDNjZGEwNjMyMjM1\nMjg4YjNj\n','2011-06-13 16:24:54'),('a37065d7ebe2f0a346422c175c1d8d74','gAJ9cQFVCnRlc3Rjb29raWVxAlUGd29ya2VkcQNzLmQwMzYzMzYyMzZjNzQwNDNjZGEwNjMyMjM1\nMjg4YjNj\n','2011-06-13 23:56:27'),('0c4629fbaafc9ca5124ccc9d440cd846','gAJ9cQFVCnRlc3Rjb29raWVxAlUGd29ya2VkcQNzLmQwMzYzMzYyMzZjNzQwNDNjZGEwNjMyMjM1\nMjg4YjNj\n','2011-06-14 10:27:58'),('c47ae85f6dcf6f9dfbf8175d0ed930de','gAJ9cQFVCnRlc3Rjb29raWVxAlUGd29ya2VkcQNzLmQwMzYzMzYyMzZjNzQwNDNjZGEwNjMyMjM1\nMjg4YjNj\n','2011-06-15 22:25:01'),('2a15ce75c2c0b88a9d8c3c40f4d7abac','gAJ9cQEoVRJfYXV0aF91c2VyX2JhY2tlbmRxAlUpZGphbmdvLmNvbnRyaWIuYXV0aC5iYWNrZW5k\ncy5Nb2RlbEJhY2tlbmRxA1UNX2F1dGhfdXNlcl9pZHEEigEBdS44MTZkMzg1MDZhMDRhZDc5Yzg4\nZDc0MzNhZWNkNjBmMw==\n','2011-06-14 14:34:59'),('4ff398ec125b5739ec20da75b13e6b14','gAJ9cQFVCnRlc3Rjb29raWVxAlUGd29ya2VkcQNzLmQwMzYzMzYyMzZjNzQwNDNjZGEwNjMyMjM1\nMjg4YjNj\n','2011-06-15 22:25:09'),('fda4ad5a4bb1117af7d4292bd0c049ea','gAJ9cQFVCnRlc3Rjb29raWVxAlUGd29ya2VkcQNzLmQwMzYzMzYyMzZjNzQwNDNjZGEwNjMyMjM1\nMjg4YjNj\n','2011-06-15 22:25:21'),('6b854334bb0d3ecd70cd52a5265a5fa7','gAJ9cQFVCnRlc3Rjb29raWVxAlUGd29ya2VkcQNzLmQwMzYzMzYyMzZjNzQwNDNjZGEwNjMyMjM1\nMjg4YjNj\n','2011-06-15 22:49:40'),('3d4ba4a3c9dc779f5255255083cc6957','gAJ9cQFVCnRlc3Rjb29raWVxAlUGd29ya2VkcQNzLmQwMzYzMzYyMzZjNzQwNDNjZGEwNjMyMjM1\nMjg4YjNj\n','2011-06-16 06:11:50'),('9905db62131e453def0abe2b10098845','gAJ9cQFVCnRlc3Rjb29raWVxAlUGd29ya2VkcQNzLmQwMzYzMzYyMzZjNzQwNDNjZGEwNjMyMjM1\nMjg4YjNj\n','2011-06-16 13:48:39'),('ac23e328049d3dc0aa6d0809611a23a7','gAJ9cQFVCnRlc3Rjb29raWVxAlUGd29ya2VkcQNzLmQwMzYzMzYyMzZjNzQwNDNjZGEwNjMyMjM1\nMjg4YjNj\n','2011-06-16 13:48:40'),('cc143500d41fe50871a1e08f3a8dcacc','gAJ9cQFVCnRlc3Rjb29raWVxAlUGd29ya2VkcQNzLmQwMzYzMzYyMzZjNzQwNDNjZGEwNjMyMjM1\nMjg4YjNj\n','2011-06-18 01:57:29'),('f031ca81ccc10bd26b1f12b6dfecb5a3','gAJ9cQFVCnRlc3Rjb29raWVxAlUGd29ya2VkcQNzLmQwMzYzMzYyMzZjNzQwNDNjZGEwNjMyMjM1\nMjg4YjNj\n','2011-06-19 21:10:52'),('71269ca93098398c25a4e3e722f15cef','gAJ9cQFVCnRlc3Rjb29raWVxAlUGd29ya2VkcQNzLmQwMzYzMzYyMzZjNzQwNDNjZGEwNjMyMjM1\nMjg4YjNj\n','2011-06-19 21:57:00'),('6adecd0dd22e0a3b4d698ce6cb8d0d64','gAJ9cQFVCnRlc3Rjb29raWVxAlUGd29ya2VkcQNzLmQwMzYzMzYyMzZjNzQwNDNjZGEwNjMyMjM1\nMjg4YjNj\n','2011-06-20 02:48:51'),('800760bba4590141050af2f7abd561f6','gAJ9cQFVCnRlc3Rjb29raWVxAlUGd29ya2VkcQNzLmQwMzYzMzYyMzZjNzQwNDNjZGEwNjMyMjM1\nMjg4YjNj\n','2011-06-20 14:32:20'),('443f0d314a43c3774c27eb1d899227b2','gAJ9cQFVCnRlc3Rjb29raWVxAlUGd29ya2VkcQNzLmQwMzYzMzYyMzZjNzQwNDNjZGEwNjMyMjM1\nMjg4YjNj\n','2011-06-20 17:04:36'),('49ee490b46eb8431d39a1ac7435a57ca','gAJ9cQFVCnRlc3Rjb29raWVxAlUGd29ya2VkcQNzLmQwMzYzMzYyMzZjNzQwNDNjZGEwNjMyMjM1\nMjg4YjNj\n','2011-06-20 17:04:37'),('7cc534e85e34acba5c909b26240a29ae','gAJ9cQFVCnRlc3Rjb29raWVxAlUGd29ya2VkcQNzLmQwMzYzMzYyMzZjNzQwNDNjZGEwNjMyMjM1\nMjg4YjNj\n','2011-06-20 19:02:54'),('bd568495a2e44a7cf9b855d0104588e2','gAJ9cQFVCnRlc3Rjb29raWVxAlUGd29ya2VkcQNzLmQwMzYzMzYyMzZjNzQwNDNjZGEwNjMyMjM1\nMjg4YjNj\n','2011-06-21 14:29:04'),('24a6a85d46502259b14051f2537d6422','gAJ9cQFVCnRlc3Rjb29raWVxAlUGd29ya2VkcQNzLmQwMzYzMzYyMzZjNzQwNDNjZGEwNjMyMjM1\nMjg4YjNj\n','2011-06-21 14:29:06'),('ed624283752874a9ed1cd10963f3a916','gAJ9cQFVCnRlc3Rjb29raWVxAlUGd29ya2VkcQNzLmQwMzYzMzYyMzZjNzQwNDNjZGEwNjMyMjM1\nMjg4YjNj\n','2011-06-21 14:29:25'),('501589fbaa4f7f4f91b2b1cc70d7c0c5','gAJ9cQFVCnRlc3Rjb29raWVxAlUGd29ya2VkcQNzLmQwMzYzMzYyMzZjNzQwNDNjZGEwNjMyMjM1\nMjg4YjNj\n','2011-06-21 14:29:28'),('9620ced946591d225baf65d2a59278a8','gAJ9cQFVCnRlc3Rjb29raWVxAlUGd29ya2VkcQNzLmQwMzYzMzYyMzZjNzQwNDNjZGEwNjMyMjM1\nMjg4YjNj\n','2011-06-23 19:49:13'),('9383e642071736981a78bf598066dcc4','gAJ9cQEoVQljbGlwYm9hcmRxAl1xA1gDAAAAMTQ5cQRhVQ1fYXV0aF91c2VyX2lkcQWKAQFVEl9h\ndXRoX3VzZXJfYmFja2VuZHEGVSlkamFuZ28uY29udHJpYi5hdXRoLmJhY2tlbmRzLk1vZGVsQmFj\na2VuZHEHVRBjbGlwYm9hcmRfYWN0aW9ucQhLAXUuMGMyN2RmOTE4OWIyMWQ0MWNmNWYxNzQzYTVm\nOGM2NDc=\n','2011-06-29 01:45:55'),('c0b6b260f62dcd978de790b8be4755e1','gAJ9cQEoVRJfYXV0aF91c2VyX2JhY2tlbmRxAlUpZGphbmdvLmNvbnRyaWIuYXV0aC5iYWNrZW5k\ncy5Nb2RlbEJhY2tlbmRxA1UNX2F1dGhfdXNlcl9pZHEEigEBdS44MTZkMzg1MDZhMDRhZDc5Yzg4\nZDc0MzNhZWNkNjBmMw==\n','2011-06-22 13:06:29'),('f009bb383b20cdaac5bba930b3448055','gAJ9cQFVCnRlc3Rjb29raWVxAlUGd29ya2VkcQNzLmQwMzYzMzYyMzZjNzQwNDNjZGEwNjMyMjM1\nMjg4YjNj\n','2011-06-24 15:32:51'),('d06abf3a743371a5a8381a8efe2c1570','gAJ9cQFVCnRlc3Rjb29raWVxAlUGd29ya2VkcQNzLmQwMzYzMzYyMzZjNzQwNDNjZGEwNjMyMjM1\nMjg4YjNj\n','2011-06-24 15:32:53'),('09514b1345bcf6c059d7a90e59830b58','gAJ9cQFVCnRlc3Rjb29raWVxAlUGd29ya2VkcQNzLmQwMzYzMzYyMzZjNzQwNDNjZGEwNjMyMjM1\nMjg4YjNj\n','2011-06-24 15:33:13'),('94ec424d9fb0731f378ad4a19effb988','gAJ9cQFVCnRlc3Rjb29raWVxAlUGd29ya2VkcQNzLmQwMzYzMzYyMzZjNzQwNDNjZGEwNjMyMjM1\nMjg4YjNj\n','2011-06-24 15:33:15'),('79e7138fc934fca09b74061b4a12e2db','gAJ9cQFVCnRlc3Rjb29raWVxAlUGd29ya2VkcQNzLmQwMzYzMzYyMzZjNzQwNDNjZGEwNjMyMjM1\nMjg4YjNj\n','2011-06-24 23:32:47'),('e32a87f67a404f583fd46ab428d717f4','gAJ9cQFVCnRlc3Rjb29raWVxAlUGd29ya2VkcQNzLmQwMzYzMzYyMzZjNzQwNDNjZGEwNjMyMjM1\nMjg4YjNj\n','2011-06-26 02:32:39'),('dfd8ca42096f25dc50aedd158f1e4835','gAJ9cQFVCnRlc3Rjb29raWVxAlUGd29ya2VkcQNzLmQwMzYzMzYyMzZjNzQwNDNjZGEwNjMyMjM1\nMjg4YjNj\n','2011-06-26 07:10:50'),('d6e308b175cb9e5a67f4c2722a8a2956','gAJ9cQFVCnRlc3Rjb29raWVxAlUGd29ya2VkcQNzLmQwMzYzMzYyMzZjNzQwNDNjZGEwNjMyMjM1\nMjg4YjNj\n','2011-06-26 21:15:39'),('bcbde5b06b3a23f752ca8483e8415c42','gAJ9cQFVCnRlc3Rjb29raWVxAlUGd29ya2VkcQNzLmQwMzYzMzYyMzZjNzQwNDNjZGEwNjMyMjM1\nMjg4YjNj\n','2011-06-27 17:45:54'),('324d5633bc0b774da1db1f68b5e03032','gAJ9cQFVCnRlc3Rjb29raWVxAlUGd29ya2VkcQNzLmQwMzYzMzYyMzZjNzQwNDNjZGEwNjMyMjM1\nMjg4YjNj\n','2011-06-28 17:29:13'),('7ab7add1da9a281528781e2d92254054','gAJ9cQFVCnRlc3Rjb29raWVxAlUGd29ya2VkcQNzLmQwMzYzMzYyMzZjNzQwNDNjZGEwNjMyMjM1\nMjg4YjNj\n','2011-06-28 19:54:16'),('b77ef561a4326c9ca12a0373a0cfde3b','gAJ9cQEoVRJfYXV0aF91c2VyX2JhY2tlbmRxAlUpZGphbmdvLmNvbnRyaWIuYXV0aC5iYWNrZW5k\ncy5Nb2RlbEJhY2tlbmRxA1UNX2F1dGhfdXNlcl9pZHEEigEBdS44MTZkMzg1MDZhMDRhZDc5Yzg4\nZDc0MzNhZWNkNjBmMw==\n','2011-06-28 19:36:55'),('eca3d133693a39b5d90d4dd9a5cf4cf9','gAJ9cQFVCnRlc3Rjb29raWVxAlUGd29ya2VkcQNzLmQwMzYzMzYyMzZjNzQwNDNjZGEwNjMyMjM1\nMjg4YjNj\n','2011-06-30 13:12:47'),('a6303b4a25bac085990a3b817ce79572','gAJ9cQEoVQljbGlwYm9hcmRxAl1xA1gCAAAANTZxBGFVDV9hdXRoX3VzZXJfaWRxBYoBAVUSX2F1\ndGhfdXNlcl9iYWNrZW5kcQZVKWRqYW5nby5jb250cmliLmF1dGguYmFja2VuZHMuTW9kZWxCYWNr\nZW5kcQdVEGNsaXBib2FyZF9hY3Rpb25xCEsBdS5lZDk5NDhlODhhOTk2MDVmMzkyZTA3YTJhNDVh\nZDUyMQ==\n','2011-06-29 14:10:15'),('98af963fd542a309992ddbcdaacdf44b','gAJ9cQFVCnRlc3Rjb29raWVxAlUGd29ya2VkcQNzLmQwMzYzMzYyMzZjNzQwNDNjZGEwNjMyMjM1\nMjg4YjNj\n','2011-06-30 16:36:56'),('77cbb820410b87a327eb412e23c10cdc','gAJ9cQFVCnRlc3Rjb29raWVxAlUGd29ya2VkcQNzLmQwMzYzMzYyMzZjNzQwNDNjZGEwNjMyMjM1\nMjg4YjNj\n','2011-06-30 19:51:53'),('07d2c891e2bf8736a6e6bc37f70c4f01','gAJ9cQFVCnRlc3Rjb29raWVxAlUGd29ya2VkcQNzLmQwMzYzMzYyMzZjNzQwNDNjZGEwNjMyMjM1\nMjg4YjNj\n','2011-07-01 10:50:33'),('4e3802005b45a83df31d78a3639f64f8','gAJ9cQFVCnRlc3Rjb29raWVxAlUGd29ya2VkcQNzLmQwMzYzMzYyMzZjNzQwNDNjZGEwNjMyMjM1\nMjg4YjNj\n','2011-07-01 11:06:54'),('71ac3cd1a8c5dc8707cfb642379fd596','gAJ9cQFVCnRlc3Rjb29raWVxAlUGd29ya2VkcQNzLmQwMzYzMzYyMzZjNzQwNDNjZGEwNjMyMjM1\nMjg4YjNj\n','2011-07-01 16:27:28'),('74123cbd974b73450442aa03520a5542','gAJ9cQFVCnRlc3Rjb29raWVxAlUGd29ya2VkcQNzLmQwMzYzMzYyMzZjNzQwNDNjZGEwNjMyMjM1\nMjg4YjNj\n','2011-07-02 09:21:43'),('32e2a2125fdf37aad340fcb748bf197f','gAJ9cQFVCnRlc3Rjb29raWVxAlUGd29ya2VkcQNzLmQwMzYzMzYyMzZjNzQwNDNjZGEwNjMyMjM1\nMjg4YjNj\n','2011-07-02 17:38:28'),('f9e96e9edd750b43c0809ce8a7f0340d','gAJ9cQFVCnRlc3Rjb29raWVxAlUGd29ya2VkcQNzLmQwMzYzMzYyMzZjNzQwNDNjZGEwNjMyMjM1\nMjg4YjNj\n','2011-07-03 02:33:19'),('6058d14549acdbd998e8b72bd6897972','gAJ9cQFVCnRlc3Rjb29raWVxAlUGd29ya2VkcQNzLmQwMzYzMzYyMzZjNzQwNDNjZGEwNjMyMjM1\nMjg4YjNj\n','2011-07-03 10:34:01'),('d7040ebd17483200a870dd17b881b1d5','gAJ9cQFVCnRlc3Rjb29raWVxAlUGd29ya2VkcQNzLmQwMzYzMzYyMzZjNzQwNDNjZGEwNjMyMjM1\nMjg4YjNj\n','2011-07-03 15:18:15'),('837780f784eba1b8053345f5c5ceef7f','gAJ9cQFVCnRlc3Rjb29raWVxAlUGd29ya2VkcQNzLmQwMzYzMzYyMzZjNzQwNDNjZGEwNjMyMjM1\nMjg4YjNj\n','2011-07-04 09:24:28'),('840ba350d9c15ee6b9ac52181619aeb0','gAJ9cQFVCnRlc3Rjb29raWVxAlUGd29ya2VkcQNzLmQwMzYzMzYyMzZjNzQwNDNjZGEwNjMyMjM1\nMjg4YjNj\n','2011-07-05 07:06:26'),('9288285513f12e2941132dda44fc7aba','gAJ9cQFVCnRlc3Rjb29raWVxAlUGd29ya2VkcQNzLmQwMzYzMzYyMzZjNzQwNDNjZGEwNjMyMjM1\nMjg4YjNj\n','2011-07-05 08:59:37'),('edcffcbf72b9332bc221df5e975a4102','gAJ9cQFVCnRlc3Rjb29raWVxAlUGd29ya2VkcQNzLmQwMzYzMzYyMzZjNzQwNDNjZGEwNjMyMjM1\nMjg4YjNj\n','2011-07-05 09:19:27'),('a97a63185badd055cd53a1f353df7e09','gAJ9cQFVCnRlc3Rjb29raWVxAlUGd29ya2VkcQNzLmQwMzYzMzYyMzZjNzQwNDNjZGEwNjMyMjM1\nMjg4YjNj\n','2011-07-05 13:39:18'),('fbfe13a5a798213d4f4e280519ea2ba9','gAJ9cQEuODYyYjAwMDU5NzdkOTM5ZjBjODVjZmQ4YzEwNWM2ZGI=\n','2011-07-05 22:14:22'),('fb21388d6ddff507014262fa210566b1','gAJ9cQFVCnRlc3Rjb29raWVxAlUGd29ya2VkcQNzLmQwMzYzMzYyMzZjNzQwNDNjZGEwNjMyMjM1\nMjg4YjNj\n','2011-07-06 09:26:03'),('6e96db6a76195744194151bc9cb2b71d','gAJ9cQFVCnRlc3Rjb29raWVxAlUGd29ya2VkcQNzLmQwMzYzMzYyMzZjNzQwNDNjZGEwNjMyMjM1\nMjg4YjNj\n','2011-07-06 14:45:14'),('64e2a32925681fca25aa55afb111d2c7','gAJ9cQFVCnRlc3Rjb29raWVxAlUGd29ya2VkcQNzLmQwMzYzMzYyMzZjNzQwNDNjZGEwNjMyMjM1\nMjg4YjNj\n','2011-07-06 16:43:47'),('5ad932f123de8b918ac43502689d7628','gAJ9cQFVCnRlc3Rjb29raWVxAlUGd29ya2VkcQNzLmQwMzYzMzYyMzZjNzQwNDNjZGEwNjMyMjM1\nMjg4YjNj\n','2011-07-07 11:57:59'),('9b26bfe30073a3511b7f87f1d3bb3edb','gAJ9cQFVCnRlc3Rjb29raWVxAlUGd29ya2VkcQNzLmQwMzYzMzYyMzZjNzQwNDNjZGEwNjMyMjM1\nMjg4YjNj\n','2011-07-07 17:31:16'),('5811fb2e37d6fef6e817c64e29df9803','gAJ9cQFVCnRlc3Rjb29raWVxAlUGd29ya2VkcQNzLmQwMzYzMzYyMzZjNzQwNDNjZGEwNjMyMjM1\nMjg4YjNj\n','2011-07-07 20:01:28'),('c3efad917e656f902b12e2cab82b67e4','gAJ9cQFVCnRlc3Rjb29raWVxAlUGd29ya2VkcQNzLmQwMzYzMzYyMzZjNzQwNDNjZGEwNjMyMjM1\nMjg4YjNj\n','2011-07-08 07:02:47'),('3e5241e518ac29a1a70d7347567cfeb8','gAJ9cQFVCnRlc3Rjb29raWVxAlUGd29ya2VkcQNzLmQwMzYzMzYyMzZjNzQwNDNjZGEwNjMyMjM1\nMjg4YjNj\n','2011-07-08 15:08:27'),('c827d819718424fef6f863e3ba6e4757','gAJ9cQFVCnRlc3Rjb29raWVxAlUGd29ya2VkcQNzLmQwMzYzMzYyMzZjNzQwNDNjZGEwNjMyMjM1\nMjg4YjNj\n','2011-07-08 20:06:23'),('20dda4614d2dddcdb09e57f2abf8c920','gAJ9cQFVCnRlc3Rjb29raWVxAlUGd29ya2VkcQNzLmQwMzYzMzYyMzZjNzQwNDNjZGEwNjMyMjM1\nMjg4YjNj\n','2011-07-11 20:19:03'),('138f208fdd12805ad5a3ec3a43e15b76','gAJ9cQFVCnRlc3Rjb29raWVxAlUGd29ya2VkcQNzLmQwMzYzMzYyMzZjNzQwNDNjZGEwNjMyMjM1\nMjg4YjNj\n','2011-07-12 09:42:44'),('b234c77d850792af90c82f26315a3f23','gAJ9cQFVCnRlc3Rjb29raWVxAlUGd29ya2VkcQNzLmQwMzYzMzYyMzZjNzQwNDNjZGEwNjMyMjM1\nMjg4YjNj\n','2011-07-12 16:54:13'),('7ba75eee8efb1a3130f32cfdcf2d1dea','gAJ9cQFVCnRlc3Rjb29raWVxAlUGd29ya2VkcQNzLmQwMzYzMzYyMzZjNzQwNDNjZGEwNjMyMjM1\nMjg4YjNj\n','2011-07-12 19:58:54'),('7a0bd0460256d8f5e7a2e14615079daa','gAJ9cQFVCnRlc3Rjb29raWVxAlUGd29ya2VkcQNzLmQwMzYzMzYyMzZjNzQwNDNjZGEwNjMyMjM1\nMjg4YjNj\n','2011-07-13 06:49:27'),('9f5e6181a975e0a904bd192c9ecf4f12','gAJ9cQFVCnRlc3Rjb29raWVxAlUGd29ya2VkcQNzLmQwMzYzMzYyMzZjNzQwNDNjZGEwNjMyMjM1\nMjg4YjNj\n','2011-07-13 12:52:38'),('36146f498d4c0446228808bd8a0da878','gAJ9cQFVCnRlc3Rjb29raWVxAlUGd29ya2VkcQNzLmQwMzYzMzYyMzZjNzQwNDNjZGEwNjMyMjM1\nMjg4YjNj\n','2011-07-15 06:29:23'),('c55cfcdc7a52b11e857a717ee8f5ed68','gAJ9cQFVCnRlc3Rjb29raWVxAlUGd29ya2VkcQNzLmQwMzYzMzYyMzZjNzQwNDNjZGEwNjMyMjM1\nMjg4YjNj\n','2011-07-15 09:37:44'),('c83fd8cc87f79cf50853bfc4ce6ed25c','gAJ9cQFVCnRlc3Rjb29raWVxAlUGd29ya2VkcQNzLmQwMzYzMzYyMzZjNzQwNDNjZGEwNjMyMjM1\nMjg4YjNj\n','2011-07-16 13:02:51'),('58a81ae556a7d63ff60a7172e23c00f7','gAJ9cQFVCnRlc3Rjb29raWVxAlUGd29ya2VkcQNzLmQwMzYzMzYyMzZjNzQwNDNjZGEwNjMyMjM1\nMjg4YjNj\n','2011-07-17 16:34:36'),('03f73bcb51e6cf7f90ad5fd08c77dcaf','gAJ9cQFVCnRlc3Rjb29raWVxAlUGd29ya2VkcQNzLmQwMzYzMzYyMzZjNzQwNDNjZGEwNjMyMjM1\nMjg4YjNj\n','2011-07-18 20:31:04'),('c60bbfd49dae7d18ce7c76ae9c8c1e0e','gAJ9cQFVCnRlc3Rjb29raWVxAlUGd29ya2VkcQNzLmQwMzYzMzYyMzZjNzQwNDNjZGEwNjMyMjM1\nMjg4YjNj\n','2011-07-19 19:40:13'),('4d421002507119ec8ce75e8fcf7e2a76','gAJ9cQFVCnRlc3Rjb29raWVxAlUGd29ya2VkcQNzLmQwMzYzMzYyMzZjNzQwNDNjZGEwNjMyMjM1\nMjg4YjNj\n','2011-07-20 00:17:14'),('806ed5eeee0631f9f5fe8b7262661f0a','gAJ9cQFVCnRlc3Rjb29raWVxAlUGd29ya2VkcQNzLmQwMzYzMzYyMzZjNzQwNDNjZGEwNjMyMjM1\nMjg4YjNj\n','2011-07-21 04:06:24'),('ac86ea604ff3b507ea549f8310ffc484','gAJ9cQFVCnRlc3Rjb29raWVxAlUGd29ya2VkcQNzLmQwMzYzMzYyMzZjNzQwNDNjZGEwNjMyMjM1\nMjg4YjNj\n','2011-07-22 09:54:42'),('f43af7ec3d18e2aba2f2091f58a6f697','gAJ9cQFVCnRlc3Rjb29raWVxAlUGd29ya2VkcQNzLmQwMzYzMzYyMzZjNzQwNDNjZGEwNjMyMjM1\nMjg4YjNj\n','2011-07-22 13:08:37'),('1dd1d15f621ab5e9d2d80cf8ef0ed388','gAJ9cQFVCnRlc3Rjb29raWVxAlUGd29ya2VkcQNzLmQwMzYzMzYyMzZjNzQwNDNjZGEwNjMyMjM1\nMjg4YjNj\n','2011-07-22 18:37:17'),('31d3e6ee49cdddb7635873a3d7020147','gAJ9cQFVCnRlc3Rjb29raWVxAlUGd29ya2VkcQNzLmQwMzYzMzYyMzZjNzQwNDNjZGEwNjMyMjM1\nMjg4YjNj\n','2011-07-22 22:38:57'),('618cb8ffa97fef50669913d646d2a16c','gAJ9cQFVCnRlc3Rjb29raWVxAlUGd29ya2VkcQNzLmQwMzYzMzYyMzZjNzQwNDNjZGEwNjMyMjM1\nMjg4YjNj\n','2011-07-23 01:52:43'),('1730472bad19b9f0750d23e425f72825','gAJ9cQFVCnRlc3Rjb29raWVxAlUGd29ya2VkcQNzLmQwMzYzMzYyMzZjNzQwNDNjZGEwNjMyMjM1\nMjg4YjNj\n','2011-07-23 13:11:09'),('e73108a8a43ecaca1fe4f832ac983005','gAJ9cQFVCnRlc3Rjb29raWVxAlUGd29ya2VkcQNzLmQwMzYzMzYyMzZjNzQwNDNjZGEwNjMyMjM1\nMjg4YjNj\n','2011-07-24 17:59:36'),('c33f05dcb2ab2e6205393960d475b9ad','gAJ9cQFVCnRlc3Rjb29raWVxAlUGd29ya2VkcQNzLmQwMzYzMzYyMzZjNzQwNDNjZGEwNjMyMjM1\nMjg4YjNj\n','2011-07-25 01:23:41'),('433b9c23f68516a8c58da88beac6b594','gAJ9cQFVCnRlc3Rjb29raWVxAlUGd29ya2VkcQNzLmQwMzYzMzYyMzZjNzQwNDNjZGEwNjMyMjM1\nMjg4YjNj\n','2011-07-26 01:30:38'),('a47ac13ce947d41f14215b889572cae0','gAJ9cQFVCnRlc3Rjb29raWVxAlUGd29ya2VkcQNzLmQwMzYzMzYyMzZjNzQwNDNjZGEwNjMyMjM1\nMjg4YjNj\n','2011-08-01 04:01:42'),('1882cb58ab0d0bf9a5b28ae5f66abde5','gAJ9cQFVCnRlc3Rjb29raWVxAlUGd29ya2VkcQNzLmQwMzYzMzYyMzZjNzQwNDNjZGEwNjMyMjM1\nMjg4YjNj\n','2011-08-01 05:19:13'),('d447322220f5babe68cf839342d606e8','gAJ9cQFVCnRlc3Rjb29raWVxAlUGd29ya2VkcQNzLmQwMzYzMzYyMzZjNzQwNDNjZGEwNjMyMjM1\nMjg4YjNj\n','2011-08-03 07:40:07'),('6d8a876ac6d4e6bd0b14bdde95d9d079','gAJ9cQFVCnRlc3Rjb29raWVxAlUGd29ya2VkcQNzLmQwMzYzMzYyMzZjNzQwNDNjZGEwNjMyMjM1\nMjg4YjNj\n','2011-08-03 08:10:37'),('d8660875c50be13dbf973c990f36fab0','gAJ9cQFVCnRlc3Rjb29raWVxAlUGd29ya2VkcQNzLmQwMzYzMzYyMzZjNzQwNDNjZGEwNjMyMjM1\nMjg4YjNj\n','2011-08-03 09:34:35'),('5b81579df4cd1e421a09601e257ea25f','gAJ9cQFVCnRlc3Rjb29raWVxAlUGd29ya2VkcQNzLmQwMzYzMzYyMzZjNzQwNDNjZGEwNjMyMjM1\nMjg4YjNj\n','2011-08-05 16:13:07'),('559429688d54a35479e3f54f2967ee7c','gAJ9cQFVCnRlc3Rjb29raWVxAlUGd29ya2VkcQNzLmQwMzYzMzYyMzZjNzQwNDNjZGEwNjMyMjM1\nMjg4YjNj\n','2011-08-06 11:04:45'),('d53f8664715a4be77bb49166ec2e12a8','gAJ9cQFVCnRlc3Rjb29raWVxAlUGd29ya2VkcQNzLmQwMzYzMzYyMzZjNzQwNDNjZGEwNjMyMjM1\nMjg4YjNj\n','2011-08-07 19:23:04'),('9f3e182cf0773cb7dcfe775051677d61','gAJ9cQFVCnRlc3Rjb29raWVxAlUGd29ya2VkcQNzLmQwMzYzMzYyMzZjNzQwNDNjZGEwNjMyMjM1\nMjg4YjNj\n','2011-08-08 08:19:04'),('d332e05e257b14b356be5c372246cc5d','gAJ9cQFVCnRlc3Rjb29raWVxAlUGd29ya2VkcQNzLmQwMzYzMzYyMzZjNzQwNDNjZGEwNjMyMjM1\nMjg4YjNj\n','2011-08-10 06:38:26'),('c1ec96b35889a0fc3a5868a8988c8d41','gAJ9cQFVCnRlc3Rjb29raWVxAlUGd29ya2VkcQNzLmQwMzYzMzYyMzZjNzQwNDNjZGEwNjMyMjM1\nMjg4YjNj\n','2011-08-10 15:06:34'),('7ac3d6846acb4ab57e6e09a6afcae6c2','gAJ9cQFVCnRlc3Rjb29raWVxAlUGd29ya2VkcQNzLmQwMzYzMzYyMzZjNzQwNDNjZGEwNjMyMjM1\nMjg4YjNj\n','2011-08-11 14:46:38'),('b03c252cc80dde702a2020d1e692e9f9','gAJ9cQEoVRJfYXV0aF91c2VyX2JhY2tlbmRxAlUpZGphbmdvLmNvbnRyaWIuYXV0aC5iYWNrZW5k\ncy5Nb2RlbEJhY2tlbmRxA1UNX2F1dGhfdXNlcl9pZHEEigEDdS40OGMwYzAxMDljYjBkOGIzNjc3\nNzVkOGIwMGEyNGVhOA==\n','2011-08-11 00:45:09'),('3b234f131bdd5be2e2baf7a7d88cb896','gAJ9cQEoVRJfYXV0aF91c2VyX2JhY2tlbmRxAlUpZGphbmdvLmNvbnRyaWIuYXV0aC5iYWNrZW5k\ncy5Nb2RlbEJhY2tlbmRxA1UNX2F1dGhfdXNlcl9pZHEEigEBdS44MTZkMzg1MDZhMDRhZDc5Yzg4\nZDc0MzNhZWNkNjBmMw==\n','2011-08-11 00:58:55'),('b1e72c81477ed3dae87737a63f2cd0ff','gAJ9cQFVCnRlc3Rjb29raWVxAlUGd29ya2VkcQNzLmQwMzYzMzYyMzZjNzQwNDNjZGEwNjMyMjM1\nMjg4YjNj\n','2011-08-12 03:54:55'),('8666cff3859b8de5b149b710267998ee','gAJ9cQFVCnRlc3Rjb29raWVxAlUGd29ya2VkcQNzLmQwMzYzMzYyMzZjNzQwNDNjZGEwNjMyMjM1\nMjg4YjNj\n','2011-08-12 09:37:10'),('62dd8dc3f35f6fa52ed5f84898274d78','gAJ9cQFVCnRlc3Rjb29raWVxAlUGd29ya2VkcQNzLmQwMzYzMzYyMzZjNzQwNDNjZGEwNjMyMjM1\nMjg4YjNj\n','2011-08-12 10:59:45'),('206dbe473c349104edc20b1a4ef79158','gAJ9cQFVCnRlc3Rjb29raWVxAlUGd29ya2VkcQNzLmQwMzYzMzYyMzZjNzQwNDNjZGEwNjMyMjM1\nMjg4YjNj\n','2011-08-12 21:14:44'),('48705fc0b5157d04f63b2434a7d038a4','gAJ9cQEoVRJfYXV0aF91c2VyX2JhY2tlbmRxAlUpZGphbmdvLmNvbnRyaWIuYXV0aC5iYWNrZW5k\ncy5Nb2RlbEJhY2tlbmRxA1UNX2F1dGhfdXNlcl9pZHEEigECdS5lNzYwOTQ5MjlmYmE1MmUwYjVl\nNzNhYjU4MjhlOGEwZg==\n','2011-08-12 18:00:26'),('c203e45bb245e86e915646e52811d62c','gAJ9cQFVCnRlc3Rjb29raWVxAlUGd29ya2VkcQNzLmQwMzYzMzYyMzZjNzQwNDNjZGEwNjMyMjM1\nMjg4YjNj\n','2011-08-12 21:40:17'),('8b5fd48e8fd2fbcd2bdcaf53d7e443fd','gAJ9cQFVCnRlc3Rjb29raWVxAlUGd29ya2VkcQNzLmQwMzYzMzYyMzZjNzQwNDNjZGEwNjMyMjM1\nMjg4YjNj\n','2011-08-12 21:40:17'),('ad545fb13c8f5f5bcf5808c8cdbb8a93','gAJ9cQFVCnRlc3Rjb29raWVxAlUGd29ya2VkcQNzLmQwMzYzMzYyMzZjNzQwNDNjZGEwNjMyMjM1\nMjg4YjNj\n','2011-08-12 21:47:00'),('8128722c5a306f735b89e5e9094a9893','gAJ9cQFVCnRlc3Rjb29raWVxAlUGd29ya2VkcQNzLmQwMzYzMzYyMzZjNzQwNDNjZGEwNjMyMjM1\nMjg4YjNj\n','2011-08-12 22:39:54'),('8ceeb7e62bbcbfa223d51fc69e2c7293','gAJ9cQFVCnRlc3Rjb29raWVxAlUGd29ya2VkcQNzLmQwMzYzMzYyMzZjNzQwNDNjZGEwNjMyMjM1\nMjg4YjNj\n','2011-08-13 02:42:06'),('15a985ca5b565f7830ccd243a5dc35a4','gAJ9cQFVCnRlc3Rjb29raWVxAlUGd29ya2VkcQNzLmQwMzYzMzYyMzZjNzQwNDNjZGEwNjMyMjM1\nMjg4YjNj\n','2011-08-13 13:28:09'),('b13cd79133e8b6de5167df2ec1c9fbe8','gAJ9cQFVCnRlc3Rjb29raWVxAlUGd29ya2VkcQNzLmQwMzYzMzYyMzZjNzQwNDNjZGEwNjMyMjM1\nMjg4YjNj\n','2011-08-14 16:30:00'),('8229d758d91f345a76b3a2b3f7ae0597','gAJ9cQFVCnRlc3Rjb29raWVxAlUGd29ya2VkcQNzLmQwMzYzMzYyMzZjNzQwNDNjZGEwNjMyMjM1\nMjg4YjNj\n','2011-08-15 09:48:28'),('567f6a23142fa38afd75ae4489269ceb','gAJ9cQFVCnRlc3Rjb29raWVxAlUGd29ya2VkcQNzLmQwMzYzMzYyMzZjNzQwNDNjZGEwNjMyMjM1\nMjg4YjNj\n','2011-08-15 12:22:14'),('5b56f7904fc912cae052106fa7fb952a','gAJ9cQFVCnRlc3Rjb29raWVxAlUGd29ya2VkcQNzLmQwMzYzMzYyMzZjNzQwNDNjZGEwNjMyMjM1\nMjg4YjNj\n','2011-08-16 12:35:05'),('c96460f6c85aad1738b8209003996830','gAJ9cQFVCnRlc3Rjb29raWVxAlUGd29ya2VkcQNzLmQwMzYzMzYyMzZjNzQwNDNjZGEwNjMyMjM1\nMjg4YjNj\n','2011-08-17 07:02:59'),('234ba8ef23b67dc60522762bc370da88','gAJ9cQFVCnRlc3Rjb29raWVxAlUGd29ya2VkcQNzLmQwMzYzMzYyMzZjNzQwNDNjZGEwNjMyMjM1\nMjg4YjNj\n','2011-08-17 12:09:41'),('1c32840146b122297e597db209b4c79c','gAJ9cQFVCnRlc3Rjb29raWVxAlUGd29ya2VkcQNzLmQwMzYzMzYyMzZjNzQwNDNjZGEwNjMyMjM1\nMjg4YjNj\n','2011-08-18 08:01:41'),('34d47fd22607debd1a81968aadc8af74','gAJ9cQFVCnRlc3Rjb29raWVxAlUGd29ya2VkcQNzLmQwMzYzMzYyMzZjNzQwNDNjZGEwNjMyMjM1\nMjg4YjNj\n','2011-08-19 03:29:38'),('ec0c297f185f58c33934c62b5c731dc3','gAJ9cQFVCnRlc3Rjb29raWVxAlUGd29ya2VkcQNzLmQwMzYzMzYyMzZjNzQwNDNjZGEwNjMyMjM1\nMjg4YjNj\n','2011-08-21 16:31:20'),('937794ac255a73d9040a127a5121e68f','gAJ9cQFVCnRlc3Rjb29raWVxAlUGd29ya2VkcQNzLmQwMzYzMzYyMzZjNzQwNDNjZGEwNjMyMjM1\nMjg4YjNj\n','2011-08-26 17:52:03'),('0a306c50fa402b6376a0e11ed92ed6cc','gAJ9cQFVCnRlc3Rjb29raWVxAlUGd29ya2VkcQNzLmQwMzYzMzYyMzZjNzQwNDNjZGEwNjMyMjM1\nMjg4YjNj\n','2011-08-26 23:48:00'),('51a2721fe44ba88df51deb7b234906bf','gAJ9cQFVCnRlc3Rjb29raWVxAlUGd29ya2VkcQNzLmQwMzYzMzYyMzZjNzQwNDNjZGEwNjMyMjM1\nMjg4YjNj\n','2011-08-28 00:55:08'),('d24bddff8f32c74aa5a1e4c3b864f1a3','gAJ9cQFVCnRlc3Rjb29raWVxAlUGd29ya2VkcQNzLmQwMzYzMzYyMzZjNzQwNDNjZGEwNjMyMjM1\nMjg4YjNj\n','2011-08-28 04:42:31'),('014f53f7bf48649ce7931a6fa19261c0','gAJ9cQFVCnRlc3Rjb29raWVxAlUGd29ya2VkcQNzLmQwMzYzMzYyMzZjNzQwNDNjZGEwNjMyMjM1\nMjg4YjNj\n','2011-08-28 16:35:59'),('37f1440095b7df47a244f99e52f55fef','gAJ9cQFVCnRlc3Rjb29raWVxAlUGd29ya2VkcQNzLmQwMzYzMzYyMzZjNzQwNDNjZGEwNjMyMjM1\nMjg4YjNj\n','2011-08-31 04:43:46'),('e49395d2826c394197286654ae744e6c','gAJ9cQFVCnRlc3Rjb29raWVxAlUGd29ya2VkcQNzLmQwMzYzMzYyMzZjNzQwNDNjZGEwNjMyMjM1\nMjg4YjNj\n','2011-08-31 15:34:09'),('ef2eb5da4d3ac793c9f44b2138a92581','gAJ9cQFVCnRlc3Rjb29raWVxAlUGd29ya2VkcQNzLmQwMzYzMzYyMzZjNzQwNDNjZGEwNjMyMjM1\nMjg4YjNj\n','2011-09-01 04:30:48'),('7da22527b2fc53a367faf730ce2a1634','gAJ9cQFVCnRlc3Rjb29raWVxAlUGd29ya2VkcQNzLmQwMzYzMzYyMzZjNzQwNDNjZGEwNjMyMjM1\nMjg4YjNj\n','2011-09-02 04:21:03'),('0cfc880e99f8a240d93fc6f577507856','gAJ9cQFVCnRlc3Rjb29raWVxAlUGd29ya2VkcQNzLmQwMzYzMzYyMzZjNzQwNDNjZGEwNjMyMjM1\nMjg4YjNj\n','2011-09-04 13:17:00'),('da3b0854f6fac2f844054575efe805bc','gAJ9cQFVCnRlc3Rjb29raWVxAlUGd29ya2VkcQNzLmQwMzYzMzYyMzZjNzQwNDNjZGEwNjMyMjM1\nMjg4YjNj\n','2011-09-04 16:38:24'),('15d299856de41cc122c1b729b7421376','gAJ9cQFVCnRlc3Rjb29raWVxAlUGd29ya2VkcQNzLmQwMzYzMzYyMzZjNzQwNDNjZGEwNjMyMjM1\nMjg4YjNj\n','2011-09-04 22:55:23'),('0c32f87d04a86d4f437f088e232c73f3','gAJ9cQFVCnRlc3Rjb29raWVxAlUGd29ya2VkcQNzLmQwMzYzMzYyMzZjNzQwNDNjZGEwNjMyMjM1\nMjg4YjNj\n','2011-09-06 17:10:25'),('77c672bd7564796a694a08ac76e366ec','gAJ9cQFVCnRlc3Rjb29raWVxAlUGd29ya2VkcQNzLmQwMzYzMzYyMzZjNzQwNDNjZGEwNjMyMjM1\nMjg4YjNj\n','2011-09-09 11:32:05'),('fb7934fe5dd2fedbee25bfbad5219f3a','gAJ9cQFVCnRlc3Rjb29raWVxAlUGd29ya2VkcQNzLmQwMzYzMzYyMzZjNzQwNDNjZGEwNjMyMjM1\nMjg4YjNj\n','2011-09-10 05:27:11'),('6b6cd112e6797f438443ec74a425290a','gAJ9cQFVCnRlc3Rjb29raWVxAlUGd29ya2VkcQNzLmQwMzYzMzYyMzZjNzQwNDNjZGEwNjMyMjM1\nMjg4YjNj\n','2011-09-11 16:39:35'),('0913bcf9a42dcd9fe13157a41a9c04ae','gAJ9cQFVCnRlc3Rjb29raWVxAlUGd29ya2VkcQNzLmQwMzYzMzYyMzZjNzQwNDNjZGEwNjMyMjM1\nMjg4YjNj\n','2011-09-12 02:04:10'),('24f36f3f35752781c1740ecf53b32775','gAJ9cQFVCnRlc3Rjb29raWVxAlUGd29ya2VkcQNzLmQwMzYzMzYyMzZjNzQwNDNjZGEwNjMyMjM1\nMjg4YjNj\n','2011-09-12 05:55:13'),('516bfaa2de62d8d02133a7c15b10891b','gAJ9cQFVCnRlc3Rjb29raWVxAlUGd29ya2VkcQNzLmQwMzYzMzYyMzZjNzQwNDNjZGEwNjMyMjM1\nMjg4YjNj\n','2011-09-14 12:43:21'),('a010bde7c570ac4e9cda44dc02fe1d2e','gAJ9cQEoVQljbGlwYm9hcmRxAl1xA1gDAAAAMTc2cQRhVQ1fYXV0aF91c2VyX2lkcQWKAQJVEl9h\ndXRoX3VzZXJfYmFja2VuZHEGVSlkamFuZ28uY29udHJpYi5hdXRoLmJhY2tlbmRzLk1vZGVsQmFj\na2VuZHEHVRBjbGlwYm9hcmRfYWN0aW9ucQhLAXUuODdhOWNiZmE3ODBlZjdiZTY0NmRlMDM2YTA1\nOWJjOGU=\n','2011-09-21 16:56:56'),('fcacbb97d33c4fae319f324d169a388d','gAJ9cQFVCnRlc3Rjb29raWVxAlUGd29ya2VkcQNzLmQwMzYzMzYyMzZjNzQwNDNjZGEwNjMyMjM1\nMjg4YjNj\n','2011-09-15 14:24:18'),('45556907420d78c7dc5f372d9d8bc3cd','gAJ9cQFVCnRlc3Rjb29raWVxAlUGd29ya2VkcQNzLmQwMzYzMzYyMzZjNzQwNDNjZGEwNjMyMjM1\nMjg4YjNj\n','2011-09-15 14:24:19'),('884e1283efb9468b4bab492da9930eb8','gAJ9cQFVCnRlc3Rjb29raWVxAlUGd29ya2VkcQNzLmQwMzYzMzYyMzZjNzQwNDNjZGEwNjMyMjM1\nMjg4YjNj\n','2011-09-15 14:24:41'),('4aa8e77e6d7d28827b3209fbf7b7b2ca','gAJ9cQFVCnRlc3Rjb29raWVxAlUGd29ya2VkcQNzLmQwMzYzMzYyMzZjNzQwNDNjZGEwNjMyMjM1\nMjg4YjNj\n','2011-09-15 14:24:43'),('828416c528c6878b1e7d9fc7b6ca3f78','gAJ9cQFVCnRlc3Rjb29raWVxAlUGd29ya2VkcQNzLmQwMzYzMzYyMzZjNzQwNDNjZGEwNjMyMjM1\nMjg4YjNj\n','2011-09-15 17:52:49'),('2595c2009fee209e8e83c709ea24193b','gAJ9cQEoVQljbGlwYm9hcmRxAl1xA1gDAAAAMTc0cQRhVRJfYXV0aF91c2VyX2JhY2tlbmRxBVUp\nZGphbmdvLmNvbnRyaWIuYXV0aC5iYWNrZW5kcy5Nb2RlbEJhY2tlbmRxBlUNX2F1dGhfdXNlcl9p\nZHEHigECVRBjbGlwYm9hcmRfYWN0aW9ucQhLAXUuZTc2YmJjNDVjNDQ3MTIyNjQyYjBjMDBlMzQx\nM2MxMTE=\n','2011-09-15 15:17:31'),('b6c387c8f6c76de0c2b4317c34bd13c2','gAJ9cQFVCnRlc3Rjb29raWVxAlUGd29ya2VkcQNzLmQwMzYzMzYyMzZjNzQwNDNjZGEwNjMyMjM1\nMjg4YjNj\n','2011-09-16 13:10:43'),('f8e0ecd1b066e6876590f72c50175eb6','gAJ9cQFVCnRlc3Rjb29raWVxAlUGd29ya2VkcQNzLmQwMzYzMzYyMzZjNzQwNDNjZGEwNjMyMjM1\nMjg4YjNj\n','2011-09-18 16:47:18'),('29ec131a7841311afb86e1fc13833d03','gAJ9cQFVCnRlc3Rjb29raWVxAlUGd29ya2VkcQNzLmQwMzYzMzYyMzZjNzQwNDNjZGEwNjMyMjM1\nMjg4YjNj\n','2011-09-21 16:18:57'),('4cced63d3c6ff3f3f2b78021cbd4f95e','gAJ9cQEoVQ1fYXV0aF91c2VyX2lkcQKKAQFVEl9hdXRoX3VzZXJfYmFja2VuZHEDVSlkamFuZ28u\nY29udHJpYi5hdXRoLmJhY2tlbmRzLk1vZGVsQmFja2VuZHEEdS43MzQyMTUxYTBjODNjYzRmMGFh\nMDc1YWRlOTY2YzhjZQ==\n','2011-09-21 15:06:02'),('0410d629abb1e3f8a1b8d83c57238bdd','gAJ9cQFVCnRlc3Rjb29raWVxAlUGd29ya2VkcQNzLmQwMzYzMzYyMzZjNzQwNDNjZGEwNjMyMjM1\nMjg4YjNj\n','2011-09-22 18:33:51'),('0cc4e025bf08b7f5ee0e981458186ea1','gAJ9cQFVCnRlc3Rjb29raWVxAlUGd29ya2VkcQNzLmQwMzYzMzYyMzZjNzQwNDNjZGEwNjMyMjM1\nMjg4YjNj\n','2011-09-22 18:33:52'),('2f394db124534a66f6e4374383f09944','gAJ9cQFVCnRlc3Rjb29raWVxAlUGd29ya2VkcQNzLmQwMzYzMzYyMzZjNzQwNDNjZGEwNjMyMjM1\nMjg4YjNj\n','2011-09-22 18:34:15'),('e205d13cee0045870d44632dbfe6386f','gAJ9cQFVCnRlc3Rjb29raWVxAlUGd29ya2VkcQNzLmQwMzYzMzYyMzZjNzQwNDNjZGEwNjMyMjM1\nMjg4YjNj\n','2011-09-22 18:34:17'),('2817d523f9ea6f83e4493dad57056113','gAJ9cQFVCnRlc3Rjb29raWVxAlUGd29ya2VkcQNzLmQwMzYzMzYyMzZjNzQwNDNjZGEwNjMyMjM1\nMjg4YjNj\n','2011-09-24 18:42:34'),('74af4d04e961f3661bcd1b30eeff9957','gAJ9cQFVCnRlc3Rjb29raWVxAlUGd29ya2VkcQNzLmQwMzYzMzYyMzZjNzQwNDNjZGEwNjMyMjM1\nMjg4YjNj\n','2011-09-25 09:13:50'),('daaa751681927ba63d0fbded3f6d985f','gAJ9cQFVCnRlc3Rjb29raWVxAlUGd29ya2VkcQNzLmQwMzYzMzYyMzZjNzQwNDNjZGEwNjMyMjM1\nMjg4YjNj\n','2011-09-25 16:49:38'),('d2dfa2339da72ad9ddcd77f91385225c','gAJ9cQFVCnRlc3Rjb29raWVxAlUGd29ya2VkcQNzLmQwMzYzMzYyMzZjNzQwNDNjZGEwNjMyMjM1\nMjg4YjNj\n','2011-09-25 20:59:10'),('428121cd871905980ca9a4b9ab1160ac','gAJ9cQFVCnRlc3Rjb29raWVxAlUGd29ya2VkcQNzLmQwMzYzMzYyMzZjNzQwNDNjZGEwNjMyMjM1\nMjg4YjNj\n','2011-09-28 00:31:12'),('7f707647e3d6f9dd4a90fa45fef752b1','gAJ9cQEoVRJfYXV0aF91c2VyX2JhY2tlbmRxAlUpZGphbmdvLmNvbnRyaWIuYXV0aC5iYWNrZW5k\ncy5Nb2RlbEJhY2tlbmRxA1UNX2F1dGhfdXNlcl9pZHEEigECdS5lNzYwOTQ5MjlmYmE1MmUwYjVl\nNzNhYjU4MjhlOGEwZg==\n','2011-09-26 15:12:11'),('ccc5eef5d618367a060c9af94f95f8f7','gAJ9cQFVCnRlc3Rjb29raWVxAlUGd29ya2VkcQNzLmQwMzYzMzYyMzZjNzQwNDNjZGEwNjMyMjM1\nMjg4YjNj\n','2011-09-30 13:33:06'),('4f6f74bb1dfc2cad628e29eb65915fd6','gAJ9cQFVCnRlc3Rjb29raWVxAlUGd29ya2VkcQNzLmQwMzYzMzYyMzZjNzQwNDNjZGEwNjMyMjM1\nMjg4YjNj\n','2011-09-30 16:55:09'),('af8674c3eae9931022b807b2928a6458','gAJ9cQFVCnRlc3Rjb29raWVxAlUGd29ya2VkcQNzLmQwMzYzMzYyMzZjNzQwNDNjZGEwNjMyMjM1\nMjg4YjNj\n','2011-10-01 05:40:30'),('f1993a508bc9fab17f0ebd807d3d045e','gAJ9cQFVCnRlc3Rjb29raWVxAlUGd29ya2VkcQNzLmQwMzYzMzYyMzZjNzQwNDNjZGEwNjMyMjM1\nMjg4YjNj\n','2011-10-01 19:33:39'),('ffb622381b5493c92f9edbdcfaa0a8ff','gAJ9cQFVCnRlc3Rjb29raWVxAlUGd29ya2VkcQNzLmQwMzYzMzYyMzZjNzQwNDNjZGEwNjMyMjM1\nMjg4YjNj\n','2011-10-02 16:51:51'),('4091274e9eaf29ff49d4456637f5ce2b','gAJ9cQFVCnRlc3Rjb29raWVxAlUGd29ya2VkcQNzLmQwMzYzMzYyMzZjNzQwNDNjZGEwNjMyMjM1\nMjg4YjNj\n','2011-10-03 03:40:11'),('0106f1561f39496d2d2725cccc94d849','gAJ9cQFVCnRlc3Rjb29raWVxAlUGd29ya2VkcQNzLmQwMzYzMzYyMzZjNzQwNDNjZGEwNjMyMjM1\nMjg4YjNj\n','2011-10-04 10:14:50'),('3e1df7067d2bbe321d060d1dec0a2295','gAJ9cQFVCnRlc3Rjb29raWVxAlUGd29ya2VkcQNzLmQwMzYzMzYyMzZjNzQwNDNjZGEwNjMyMjM1\nMjg4YjNj\n','2011-10-04 14:13:41'),('ec3342e4b18d778e840a37e521433c5c','gAJ9cQFVCnRlc3Rjb29raWVxAlUGd29ya2VkcQNzLmQwMzYzMzYyMzZjNzQwNDNjZGEwNjMyMjM1\nMjg4YjNj\n','2011-10-04 18:58:35'),('03cc24fd378ab69cdf5467e7e3a14970','gAJ9cQFVCnRlc3Rjb29raWVxAlUGd29ya2VkcQNzLmQwMzYzMzYyMzZjNzQwNDNjZGEwNjMyMjM1\nMjg4YjNj\n','2011-10-04 20:27:47'),('a9a301ab71b391fceb96dc5357d7284b','gAJ9cQEoVRJfYXV0aF91c2VyX2JhY2tlbmRxAlUpZGphbmdvLmNvbnRyaWIuYXV0aC5iYWNrZW5k\ncy5Nb2RlbEJhY2tlbmRxA1UNX2F1dGhfdXNlcl9pZHEEigEBdS44MTZkMzg1MDZhMDRhZDc5Yzg4\nZDc0MzNhZWNkNjBmMw==\n','2011-10-04 19:57:02'),('523ed821b40a93593d618097017edebb','gAJ9cQEoVRJfYXV0aF91c2VyX2JhY2tlbmRxAlUpZGphbmdvLmNvbnRyaWIuYXV0aC5iYWNrZW5k\ncy5Nb2RlbEJhY2tlbmRxA1UNX2F1dGhfdXNlcl9pZHEEigECdS5lNzYwOTQ5MjlmYmE1MmUwYjVl\nNzNhYjU4MjhlOGEwZg==\n','2011-10-04 20:02:35'),('a826d99c663016363142e0ba319cf2bf','gAJ9cQEoVRJfYXV0aF91c2VyX2JhY2tlbmRxAlUpZGphbmdvLmNvbnRyaWIuYXV0aC5iYWNrZW5k\ncy5Nb2RlbEJhY2tlbmRxA1UNX2F1dGhfdXNlcl9pZHEEigEBdS44MTZkMzg1MDZhMDRhZDc5Yzg4\nZDc0MzNhZWNkNjBmMw==\n','2011-10-04 20:12:25'),('ab3072527b820ff67e3b4896b30f9c79','gAJ9cQFVCnRlc3Rjb29raWVxAlUGd29ya2VkcQNzLmQwMzYzMzYyMzZjNzQwNDNjZGEwNjMyMjM1\nMjg4YjNj\n','2011-10-06 11:39:26'),('deaa1fe864ceda04260d60f9c2be3097','gAJ9cQEoVRJfYXV0aF91c2VyX2JhY2tlbmRxAlUpZGphbmdvLmNvbnRyaWIuYXV0aC5iYWNrZW5k\ncy5Nb2RlbEJhY2tlbmRxA1UNX2F1dGhfdXNlcl9pZHEEigEBdS44MTZkMzg1MDZhMDRhZDc5Yzg4\nZDc0MzNhZWNkNjBmMw==\n','2011-10-05 20:53:42'),('08f5f12204e4bdb76ba633b72a0773f7','gAJ9cQFVCnRlc3Rjb29raWVxAlUGd29ya2VkcQNzLmQwMzYzMzYyMzZjNzQwNDNjZGEwNjMyMjM1\nMjg4YjNj\n','2011-10-07 17:37:40'),('561cf878d2fa0b3d8708cbbc6b558cd2','gAJ9cQFVCnRlc3Rjb29raWVxAlUGd29ya2VkcQNzLmQwMzYzMzYyMzZjNzQwNDNjZGEwNjMyMjM1\nMjg4YjNj\n','2011-10-09 16:53:55'),('a3ee05d49b1491400ca9935cfb222fe8','gAJ9cQFVCnRlc3Rjb29raWVxAlUGd29ya2VkcQNzLmQwMzYzMzYyMzZjNzQwNDNjZGEwNjMyMjM1\nMjg4YjNj\n','2011-10-10 07:56:27'),('e5ac992aca5c009c25addeb075115031','gAJ9cQFVCnRlc3Rjb29raWVxAlUGd29ya2VkcQNzLmQwMzYzMzYyMzZjNzQwNDNjZGEwNjMyMjM1\nMjg4YjNj\n','2011-10-10 07:56:35'),('0b1d22e5406f1bd2c9aad688bf3937ef','gAJ9cQFVCnRlc3Rjb29raWVxAlUGd29ya2VkcQNzLmQwMzYzMzYyMzZjNzQwNDNjZGEwNjMyMjM1\nMjg4YjNj\n','2011-10-09 12:24:35'),('5803fe8bc8d01f3f380839f56e578cfc','gAJ9cQFVCnRlc3Rjb29raWVxAlUGd29ya2VkcQNzLmQwMzYzMzYyMzZjNzQwNDNjZGEwNjMyMjM1\nMjg4YjNj\n','2011-10-10 07:56:46'),('e9b9274c0711f2a0ae184f88f9cce28d','gAJ9cQFVCnRlc3Rjb29raWVxAlUGd29ya2VkcQNzLmQwMzYzMzYyMzZjNzQwNDNjZGEwNjMyMjM1\nMjg4YjNj\n','2011-10-12 00:39:43'),('5f12bdf32e051e416ed9b627876cd0bb','gAJ9cQEuODYyYjAwMDU5NzdkOTM5ZjBjODVjZmQ4YzEwNWM2ZGI=\n','2011-10-11 03:19:50'),('c1ab2b0bbb96d9bf3f87de2cf0649534','gAJ9cQFVCnRlc3Rjb29raWVxAlUGd29ya2VkcQNzLmQwMzYzMzYyMzZjNzQwNDNjZGEwNjMyMjM1\nMjg4YjNj\n','2011-10-13 12:59:03'),('356dcca89b269f3d0fab54d18486b25b','gAJ9cQFVCnRlc3Rjb29raWVxAlUGd29ya2VkcQNzLmQwMzYzMzYyMzZjNzQwNDNjZGEwNjMyMjM1\nMjg4YjNj\n','2011-10-16 12:48:10'),('d7318983263d65f2a660935e8f84ef6d','gAJ9cQFVCnRlc3Rjb29raWVxAlUGd29ya2VkcQNzLmQwMzYzMzYyMzZjNzQwNDNjZGEwNjMyMjM1\nMjg4YjNj\n','2011-10-16 16:56:09'),('f6a17f6ec7c78189c50ea45e15b31214','gAJ9cQFVCnRlc3Rjb29raWVxAlUGd29ya2VkcQNzLmQwMzYzMzYyMzZjNzQwNDNjZGEwNjMyMjM1\nMjg4YjNj\n','2011-10-16 19:44:24'),('de9d89276b9a81c86ed28e21999db0e0','gAJ9cQFVCnRlc3Rjb29raWVxAlUGd29ya2VkcQNzLmQwMzYzMzYyMzZjNzQwNDNjZGEwNjMyMjM1\nMjg4YjNj\n','2011-10-16 21:45:13'),('cde45ad99ba99fe79964f91878f8487d','gAJ9cQFVCnRlc3Rjb29raWVxAlUGd29ya2VkcQNzLmQwMzYzMzYyMzZjNzQwNDNjZGEwNjMyMjM1\nMjg4YjNj\n','2011-10-16 23:05:24'),('5e4b579cbb0906a234fe02b2fa79187a','gAJ9cQFVCnRlc3Rjb29raWVxAlUGd29ya2VkcQNzLmQwMzYzMzYyMzZjNzQwNDNjZGEwNjMyMjM1\nMjg4YjNj\n','2011-10-17 01:22:38'),('aac83cf90122ad7f25088e1dda420e99','gAJ9cQFVCnRlc3Rjb29raWVxAlUGd29ya2VkcQNzLmQwMzYzMzYyMzZjNzQwNDNjZGEwNjMyMjM1\nMjg4YjNj\n','2011-10-17 01:37:00'),('035450ba357c6730729f64beaca22d54','gAJ9cQFVCnRlc3Rjb29raWVxAlUGd29ya2VkcQNzLmQwMzYzMzYyMzZjNzQwNDNjZGEwNjMyMjM1\nMjg4YjNj\n','2011-10-17 02:25:01'),('68c6fbe3408b1562183ebc9401e03928','gAJ9cQFVCnRlc3Rjb29raWVxAlUGd29ya2VkcQNzLmQwMzYzMzYyMzZjNzQwNDNjZGEwNjMyMjM1\nMjg4YjNj\n','2011-10-17 03:05:01'),('59170b0110cce193b8c1ee3eb34a2e88','gAJ9cQFVCnRlc3Rjb29raWVxAlUGd29ya2VkcQNzLmQwMzYzMzYyMzZjNzQwNDNjZGEwNjMyMjM1\nMjg4YjNj\n','2011-10-17 03:46:05'),('22551bbad99b4aec6dff06a739ab3ac1','gAJ9cQFVCnRlc3Rjb29raWVxAlUGd29ya2VkcQNzLmQwMzYzMzYyMzZjNzQwNDNjZGEwNjMyMjM1\nMjg4YjNj\n','2011-10-17 03:54:55'),('4f102dc4bb6515dcc6cbf71690460f60','gAJ9cQFVCnRlc3Rjb29raWVxAlUGd29ya2VkcQNzLmQwMzYzMzYyMzZjNzQwNDNjZGEwNjMyMjM1\nMjg4YjNj\n','2011-10-17 06:29:35'),('e8d635180b6fcd588fde89286cf56849','gAJ9cQFVCnRlc3Rjb29raWVxAlUGd29ya2VkcQNzLmQwMzYzMzYyMzZjNzQwNDNjZGEwNjMyMjM1\nMjg4YjNj\n','2011-10-17 07:58:52'),('9d2aad5753c16d89c211873ac3d0407a','gAJ9cQFVCnRlc3Rjb29raWVxAlUGd29ya2VkcQNzLmQwMzYzMzYyMzZjNzQwNDNjZGEwNjMyMjM1\nMjg4YjNj\n','2011-10-17 11:38:43'),('c2e3c6c6d3c20f96ee5b9502f9bfee6d','gAJ9cQFVCnRlc3Rjb29raWVxAlUGd29ya2VkcQNzLmQwMzYzMzYyMzZjNzQwNDNjZGEwNjMyMjM1\nMjg4YjNj\n','2011-10-17 12:18:45'),('d89cfe519bd4a385e613d2412f5f6a99','gAJ9cQFVCnRlc3Rjb29raWVxAlUGd29ya2VkcQNzLmQwMzYzMzYyMzZjNzQwNDNjZGEwNjMyMjM1\nMjg4YjNj\n','2011-10-17 14:49:21'),('bb4392926520915ba855304865526c89','gAJ9cQFVCnRlc3Rjb29raWVxAlUGd29ya2VkcQNzLmQwMzYzMzYyMzZjNzQwNDNjZGEwNjMyMjM1\nMjg4YjNj\n','2011-10-17 15:44:36'),('8d61f3c52f71817edc841263bb470cca','gAJ9cQFVCnRlc3Rjb29raWVxAlUGd29ya2VkcQNzLmQwMzYzMzYyMzZjNzQwNDNjZGEwNjMyMjM1\nMjg4YjNj\n','2011-10-17 15:46:48'),('3307a1f26f3366327a2bab72d8438a09','gAJ9cQFVCnRlc3Rjb29raWVxAlUGd29ya2VkcQNzLmQwMzYzMzYyMzZjNzQwNDNjZGEwNjMyMjM1\nMjg4YjNj\n','2011-10-17 15:52:54'),('36a2af41d5fcd1ec4b97da5c9150d7e9','gAJ9cQFVCnRlc3Rjb29raWVxAlUGd29ya2VkcQNzLmQwMzYzMzYyMzZjNzQwNDNjZGEwNjMyMjM1\nMjg4YjNj\n','2011-10-17 16:28:40'),('1db9fed32db54e458fe1cb745ca80186','gAJ9cQFVCnRlc3Rjb29raWVxAlUGd29ya2VkcQNzLmQwMzYzMzYyMzZjNzQwNDNjZGEwNjMyMjM1\nMjg4YjNj\n','2011-10-17 18:52:49'),('08da43c5a9cbc05f5074004b8cdc724b','gAJ9cQFVCnRlc3Rjb29raWVxAlUGd29ya2VkcQNzLmQwMzYzMzYyMzZjNzQwNDNjZGEwNjMyMjM1\nMjg4YjNj\n','2011-10-17 18:54:51'),('ee36818f14d33470307c8558fe9093ce','gAJ9cQFVCnRlc3Rjb29raWVxAlUGd29ya2VkcQNzLmQwMzYzMzYyMzZjNzQwNDNjZGEwNjMyMjM1\nMjg4YjNj\n','2011-10-17 21:19:59'),('ebd6b908a35c4b8d0ccdb95192f9d066','gAJ9cQFVCnRlc3Rjb29raWVxAlUGd29ya2VkcQNzLmQwMzYzMzYyMzZjNzQwNDNjZGEwNjMyMjM1\nMjg4YjNj\n','2011-10-17 21:32:52'),('d0b74b56ef0325775afbc347c83646a6','gAJ9cQFVCnRlc3Rjb29raWVxAlUGd29ya2VkcQNzLmQwMzYzMzYyMzZjNzQwNDNjZGEwNjMyMjM1\nMjg4YjNj\n','2011-10-17 22:46:44'),('63f271901e3d0bde3768632f3ff9e73a','gAJ9cQFVCnRlc3Rjb29raWVxAlUGd29ya2VkcQNzLmQwMzYzMzYyMzZjNzQwNDNjZGEwNjMyMjM1\nMjg4YjNj\n','2011-10-17 22:59:31'),('d4e97a51ab9463e10517bea276f14af7','gAJ9cQFVCnRlc3Rjb29raWVxAlUGd29ya2VkcQNzLmQwMzYzMzYyMzZjNzQwNDNjZGEwNjMyMjM1\nMjg4YjNj\n','2011-10-18 01:06:38'),('17e578251db2fa1f3f20a6574ac32c15','gAJ9cQFVCnRlc3Rjb29raWVxAlUGd29ya2VkcQNzLmQwMzYzMzYyMzZjNzQwNDNjZGEwNjMyMjM1\nMjg4YjNj\n','2011-10-18 01:14:25'),('90d22247140a08a57541cf4b48579a22','gAJ9cQFVCnRlc3Rjb29raWVxAlUGd29ya2VkcQNzLmQwMzYzMzYyMzZjNzQwNDNjZGEwNjMyMjM1\nMjg4YjNj\n','2011-10-18 01:42:30'),('95ce322a5b3c70b68c13aa252e57b4ae','gAJ9cQFVCnRlc3Rjb29raWVxAlUGd29ya2VkcQNzLmQwMzYzMzYyMzZjNzQwNDNjZGEwNjMyMjM1\nMjg4YjNj\n','2011-10-18 10:47:21'),('ea397aa3f05e3e30c7d792552c94ac47','gAJ9cQFVCnRlc3Rjb29raWVxAlUGd29ya2VkcQNzLmQwMzYzMzYyMzZjNzQwNDNjZGEwNjMyMjM1\nMjg4YjNj\n','2011-10-18 11:46:28'),('f64d782cfaa1d3c2a4e239f1214a0e3a','gAJ9cQFVCnRlc3Rjb29raWVxAlUGd29ya2VkcQNzLmQwMzYzMzYyMzZjNzQwNDNjZGEwNjMyMjM1\nMjg4YjNj\n','2011-10-18 12:30:02'),('0221db20726aabcf01bf0d0f07a45cdc','gAJ9cQFVCnRlc3Rjb29raWVxAlUGd29ya2VkcQNzLmQwMzYzMzYyMzZjNzQwNDNjZGEwNjMyMjM1\nMjg4YjNj\n','2011-10-20 01:44:40'),('199babafc1b9ff9c0b0e8046a07902e4','gAJ9cQFVCnRlc3Rjb29raWVxAlUGd29ya2VkcQNzLmQwMzYzMzYyMzZjNzQwNDNjZGEwNjMyMjM1\nMjg4YjNj\n','2011-10-18 16:39:28'),('a7012c1a5f8b25d07704a386326ac850','gAJ9cQFVCnRlc3Rjb29raWVxAlUGd29ya2VkcQNzLmQwMzYzMzYyMzZjNzQwNDNjZGEwNjMyMjM1\nMjg4YjNj\n','2011-10-18 17:02:14'),('cfba4b07e23206086cac9bcbc8340b82','gAJ9cQFVCnRlc3Rjb29raWVxAlUGd29ya2VkcQNzLmQwMzYzMzYyMzZjNzQwNDNjZGEwNjMyMjM1\nMjg4YjNj\n','2011-10-18 17:20:47'),('32485159edfa7ab978ea52e1105845c4','gAJ9cQFVCnRlc3Rjb29raWVxAlUGd29ya2VkcQNzLmQwMzYzMzYyMzZjNzQwNDNjZGEwNjMyMjM1\nMjg4YjNj\n','2011-10-18 20:36:03'),('ad991fe8458b1064c648cb7d6a3613a2','gAJ9cQFVCnRlc3Rjb29raWVxAlUGd29ya2VkcQNzLmQwMzYzMzYyMzZjNzQwNDNjZGEwNjMyMjM1\nMjg4YjNj\n','2011-10-18 20:37:31'),('9ab9edf7a8a83d4e291b30df84c98db2','gAJ9cQFVCnRlc3Rjb29raWVxAlUGd29ya2VkcQNzLmQwMzYzMzYyMzZjNzQwNDNjZGEwNjMyMjM1\nMjg4YjNj\n','2011-10-18 21:24:24'),('5af089dfa803d3f4178b1543b6eccda3','gAJ9cQFVCnRlc3Rjb29raWVxAlUGd29ya2VkcQNzLmQwMzYzMzYyMzZjNzQwNDNjZGEwNjMyMjM1\nMjg4YjNj\n','2011-10-19 00:18:21'),('7244024d956ab1fea1e01bcb77436eaf','gAJ9cQFVCnRlc3Rjb29raWVxAlUGd29ya2VkcQNzLmQwMzYzMzYyMzZjNzQwNDNjZGEwNjMyMjM1\nMjg4YjNj\n','2011-10-18 21:43:57'),('cef3929368984960f3cd1dc04604d4a8','gAJ9cQFVCnRlc3Rjb29raWVxAlUGd29ya2VkcQNzLmQwMzYzMzYyMzZjNzQwNDNjZGEwNjMyMjM1\nMjg4YjNj\n','2011-10-18 21:44:46'),('8f716acb428c02612705ca9c62d411a4','gAJ9cQFVCnRlc3Rjb29raWVxAlUGd29ya2VkcQNzLmQwMzYzMzYyMzZjNzQwNDNjZGEwNjMyMjM1\nMjg4YjNj\n','2011-10-18 22:27:07'),('6c73ab511fe5029cfccd3b05dda467c8','gAJ9cQFVCnRlc3Rjb29raWVxAlUGd29ya2VkcQNzLmQwMzYzMzYyMzZjNzQwNDNjZGEwNjMyMjM1\nMjg4YjNj\n','2011-10-18 22:31:22'),('8ef6f049c07e4d84a36447ab2fd4408a','gAJ9cQFVCnRlc3Rjb29raWVxAlUGd29ya2VkcQNzLmQwMzYzMzYyMzZjNzQwNDNjZGEwNjMyMjM1\nMjg4YjNj\n','2011-10-18 23:31:29'),('20d653781bb9b73f6b7dd5716fb02636','gAJ9cQFVCnRlc3Rjb29raWVxAlUGd29ya2VkcQNzLmQwMzYzMzYyMzZjNzQwNDNjZGEwNjMyMjM1\nMjg4YjNj\n','2011-10-18 23:54:36'),('59f9444c68b7cff1c4e32b34a49afbd2','gAJ9cQFVCnRlc3Rjb29raWVxAlUGd29ya2VkcQNzLmQwMzYzMzYyMzZjNzQwNDNjZGEwNjMyMjM1\nMjg4YjNj\n','2011-10-19 11:43:02'),('82dde6493397e652e6bcdf6b5be96c53','gAJ9cQFVCnRlc3Rjb29raWVxAlUGd29ya2VkcQNzLmQwMzYzMzYyMzZjNzQwNDNjZGEwNjMyMjM1\nMjg4YjNj\n','2011-10-19 09:45:12'),('dec5e97f4f1e2fb78a02060428224bca','gAJ9cQFVCnRlc3Rjb29raWVxAlUGd29ya2VkcQNzLmQwMzYzMzYyMzZjNzQwNDNjZGEwNjMyMjM1\nMjg4YjNj\n','2011-10-19 09:52:32'),('808179c74ac6a40b6f4a1c5b6a17d348','gAJ9cQFVCnRlc3Rjb29raWVxAlUGd29ya2VkcQNzLmQwMzYzMzYyMzZjNzQwNDNjZGEwNjMyMjM1\nMjg4YjNj\n','2011-10-19 10:28:48'),('98c39dc7aec52724db99cf68479a2665','gAJ9cQFVCnRlc3Rjb29raWVxAlUGd29ya2VkcQNzLmQwMzYzMzYyMzZjNzQwNDNjZGEwNjMyMjM1\nMjg4YjNj\n','2011-10-19 11:47:52'),('05bdc160a068ea590f79e5332514de3a','gAJ9cQFVCnRlc3Rjb29raWVxAlUGd29ya2VkcQNzLmQwMzYzMzYyMzZjNzQwNDNjZGEwNjMyMjM1\nMjg4YjNj\n','2011-10-19 11:53:27'),('a553e7b95356ccb4a683ddfe7ba2ac24','gAJ9cQFVCnRlc3Rjb29raWVxAlUGd29ya2VkcQNzLmQwMzYzMzYyMzZjNzQwNDNjZGEwNjMyMjM1\nMjg4YjNj\n','2011-10-19 12:54:27'),('47938c0e1c531aa750544c1e49d9bce9','gAJ9cQFVCnRlc3Rjb29raWVxAlUGd29ya2VkcQNzLmQwMzYzMzYyMzZjNzQwNDNjZGEwNjMyMjM1\nMjg4YjNj\n','2011-10-19 13:03:15'),('5263aa549282b70e39206c1772dec148','gAJ9cQFVCnRlc3Rjb29raWVxAlUGd29ya2VkcQNzLmQwMzYzMzYyMzZjNzQwNDNjZGEwNjMyMjM1\nMjg4YjNj\n','2011-10-19 13:08:03'),('d1fe951ffbb7968e7a38b75384b2cf80','gAJ9cQFVCnRlc3Rjb29raWVxAlUGd29ya2VkcQNzLmQwMzYzMzYyMzZjNzQwNDNjZGEwNjMyMjM1\nMjg4YjNj\n','2011-10-19 14:10:46'),('aed898d5550fc1ed9593c8b43d61a1e5','gAJ9cQFVCnRlc3Rjb29raWVxAlUGd29ya2VkcQNzLmQwMzYzMzYyMzZjNzQwNDNjZGEwNjMyMjM1\nMjg4YjNj\n','2011-10-19 16:20:22'),('c72fdb375f1fb08c14f8ab166268cfc8','gAJ9cQFVCnRlc3Rjb29raWVxAlUGd29ya2VkcQNzLmQwMzYzMzYyMzZjNzQwNDNjZGEwNjMyMjM1\nMjg4YjNj\n','2011-10-19 17:46:58'),('eb96d3243674cdd125ec6cdbe89930e1','gAJ9cQFVCnRlc3Rjb29raWVxAlUGd29ya2VkcQNzLmQwMzYzMzYyMzZjNzQwNDNjZGEwNjMyMjM1\nMjg4YjNj\n','2011-10-19 18:38:34'),('759f664b82637dc0dc1739dfba584295','gAJ9cQFVCnRlc3Rjb29raWVxAlUGd29ya2VkcQNzLmQwMzYzMzYyMzZjNzQwNDNjZGEwNjMyMjM1\nMjg4YjNj\n','2011-10-19 19:16:21'),('f94cbc90f095da66941e88dac30c8df8','gAJ9cQFVCnRlc3Rjb29raWVxAlUGd29ya2VkcQNzLmQwMzYzMzYyMzZjNzQwNDNjZGEwNjMyMjM1\nMjg4YjNj\n','2011-10-19 19:50:40'),('351082e201015b8c1a715eaee79bb974','gAJ9cQFVCnRlc3Rjb29raWVxAlUGd29ya2VkcQNzLmQwMzYzMzYyMzZjNzQwNDNjZGEwNjMyMjM1\nMjg4YjNj\n','2011-10-19 22:01:12'),('01bff225f2b03498751262fd30912e0c','gAJ9cQFVCnRlc3Rjb29raWVxAlUGd29ya2VkcQNzLmQwMzYzMzYyMzZjNzQwNDNjZGEwNjMyMjM1\nMjg4YjNj\n','2011-10-19 22:26:30'),('9f0473c169c361f73eeb6212958804f4','gAJ9cQFVCnRlc3Rjb29raWVxAlUGd29ya2VkcQNzLmQwMzYzMzYyMzZjNzQwNDNjZGEwNjMyMjM1\nMjg4YjNj\n','2011-10-19 23:17:33'),('6e34dce67836826e46bbe94cda25e176','gAJ9cQFVCnRlc3Rjb29raWVxAlUGd29ya2VkcQNzLmQwMzYzMzYyMzZjNzQwNDNjZGEwNjMyMjM1\nMjg4YjNj\n','2011-10-19 23:50:57'),('4193830672895b9f46c00abdc1cc933d','gAJ9cQFVCnRlc3Rjb29raWVxAlUGd29ya2VkcQNzLmQwMzYzMzYyMzZjNzQwNDNjZGEwNjMyMjM1\nMjg4YjNj\n','2011-10-20 01:55:24'),('c98b46598e9eea9e4cc2f4aa10b165f2','gAJ9cQFVCnRlc3Rjb29raWVxAlUGd29ya2VkcQNzLmQwMzYzMzYyMzZjNzQwNDNjZGEwNjMyMjM1\nMjg4YjNj\n','2011-10-20 02:19:30'),('f4063ccd69938f835297578d51611868','gAJ9cQFVCnRlc3Rjb29raWVxAlUGd29ya2VkcQNzLmQwMzYzMzYyMzZjNzQwNDNjZGEwNjMyMjM1\nMjg4YjNj\n','2011-10-20 06:03:42'),('28aab7807e25ef65108582d0173c90bc','gAJ9cQFVCnRlc3Rjb29raWVxAlUGd29ya2VkcQNzLmQwMzYzMzYyMzZjNzQwNDNjZGEwNjMyMjM1\nMjg4YjNj\n','2011-10-20 09:12:15'),('7a961d91afc704a629230d98ccd54838','gAJ9cQFVCnRlc3Rjb29raWVxAlUGd29ya2VkcQNzLmQwMzYzMzYyMzZjNzQwNDNjZGEwNjMyMjM1\nMjg4YjNj\n','2011-10-20 14:13:23'),('d8e22c26157a1c603e19f2dfda7ad203','gAJ9cQFVCnRlc3Rjb29raWVxAlUGd29ya2VkcQNzLmQwMzYzMzYyMzZjNzQwNDNjZGEwNjMyMjM1\nMjg4YjNj\n','2011-10-20 17:48:15'),('4f2a86d9afaddc39d1f60ffa16eabd48','gAJ9cQFVCnRlc3Rjb29raWVxAlUGd29ya2VkcQNzLmQwMzYzMzYyMzZjNzQwNDNjZGEwNjMyMjM1\nMjg4YjNj\n','2011-10-20 19:32:46'),('081c4951bb01b3d6fd28a517e84dd112','gAJ9cQFVCnRlc3Rjb29raWVxAlUGd29ya2VkcQNzLmQwMzYzMzYyMzZjNzQwNDNjZGEwNjMyMjM1\nMjg4YjNj\n','2011-10-20 20:01:42'),('058fabc6510493a57f2117b151774044','gAJ9cQFVCnRlc3Rjb29raWVxAlUGd29ya2VkcQNzLmQwMzYzMzYyMzZjNzQwNDNjZGEwNjMyMjM1\nMjg4YjNj\n','2011-10-21 08:40:36'),('d0ac5065d399a0af81629904976ff13c','gAJ9cQFVCnRlc3Rjb29raWVxAlUGd29ya2VkcQNzLmQwMzYzMzYyMzZjNzQwNDNjZGEwNjMyMjM1\nMjg4YjNj\n','2011-10-29 17:12:02'),('417fcfaf689b002ed1ba329b8c8b211b','gAJ9cQEoVRJfYXV0aF91c2VyX2JhY2tlbmRxAlUpZGphbmdvLmNvbnRyaWIuYXV0aC5iYWNrZW5k\ncy5Nb2RlbEJhY2tlbmRxA1UNX2F1dGhfdXNlcl9pZHEEigEBdS44MTZkMzg1MDZhMDRhZDc5Yzg4\nZDc0MzNhZWNkNjBmMw==\n','2011-10-26 00:24:16'),('83cfe8f2e64a5b82a6bc2df848503cee','gAJ9cQEoVRJfYXV0aF91c2VyX2JhY2tlbmRxAlUpZGphbmdvLmNvbnRyaWIuYXV0aC5iYWNrZW5k\ncy5Nb2RlbEJhY2tlbmRxA1UNX2F1dGhfdXNlcl9pZHEEigEBdS44MTZkMzg1MDZhMDRhZDc5Yzg4\nZDc0MzNhZWNkNjBmMw==\n','2011-10-26 00:18:49'),('435ad59f62c3f597e486528f14ec5731','gAJ9cQFVCnRlc3Rjb29raWVxAlUGd29ya2VkcQNzLmQwMzYzMzYyMzZjNzQwNDNjZGEwNjMyMjM1\nMjg4YjNj\n','2011-10-21 20:45:50'),('54f236de3a3faa80cd86948e6c1498f1','gAJ9cQFVCnRlc3Rjb29raWVxAlUGd29ya2VkcQNzLmQwMzYzMzYyMzZjNzQwNDNjZGEwNjMyMjM1\nMjg4YjNj\n','2011-10-22 01:47:05'),('b9a6c9b8c6b222bc790ee5c7cd213fd4','gAJ9cQFVCnRlc3Rjb29raWVxAlUGd29ya2VkcQNzLmQwMzYzMzYyMzZjNzQwNDNjZGEwNjMyMjM1\nMjg4YjNj\n','2011-10-22 17:35:13'),('03bccfcf0d3ceff73dab4bc5bbcb25c6','gAJ9cQFVCnRlc3Rjb29raWVxAlUGd29ya2VkcQNzLmQwMzYzMzYyMzZjNzQwNDNjZGEwNjMyMjM1\nMjg4YjNj\n','2011-10-23 21:10:13'),('c5ef822f032155f0fe1d992f53ff15be','gAJ9cQFVCnRlc3Rjb29raWVxAlUGd29ya2VkcQNzLmQwMzYzMzYyMzZjNzQwNDNjZGEwNjMyMjM1\nMjg4YjNj\n','2011-10-30 04:38:11'),('ccb0765a050824b6fad81d7fa303ba73','gAJ9cQFVCnRlc3Rjb29raWVxAlUGd29ya2VkcQNzLmQwMzYzMzYyMzZjNzQwNDNjZGEwNjMyMjM1\nMjg4YjNj\n','2011-10-30 14:01:48'),('a2eed21b4df299f36144f42dd3d95a4a','gAJ9cQFVCnRlc3Rjb29raWVxAlUGd29ya2VkcQNzLmQwMzYzMzYyMzZjNzQwNDNjZGEwNjMyMjM1\nMjg4YjNj\n','2011-10-31 19:39:27'),('ccfa2928e51df63c1123505720db3e3b','gAJ9cQFVCnRlc3Rjb29raWVxAlUGd29ya2VkcQNzLmQwMzYzMzYyMzZjNzQwNDNjZGEwNjMyMjM1\nMjg4YjNj\n','2011-11-01 18:25:32'),('7a0a69cd813aa28c0ea2d47006394c30','gAJ9cQEuODYyYjAwMDU5NzdkOTM5ZjBjODVjZmQ4YzEwNWM2ZGI=\n','2011-11-09 16:25:13'),('5945a8a42e71c9170eaa151613495f39','gAJ9cQFVCnRlc3Rjb29raWVxAlUGd29ya2VkcQNzLmQwMzYzMzYyMzZjNzQwNDNjZGEwNjMyMjM1\nMjg4YjNj\n','2011-11-05 18:29:20'),('7cf4b5b5ed0a9242cb1834c2cd9446b4','gAJ9cQFVCnRlc3Rjb29raWVxAlUGd29ya2VkcQNzLmQwMzYzMzYyMzZjNzQwNDNjZGEwNjMyMjM1\nMjg4YjNj\n','2011-11-05 18:29:21'),('fc6326630e49bc3632d1144420f30cde','gAJ9cQFVCnRlc3Rjb29raWVxAlUGd29ya2VkcQNzLmQwMzYzMzYyMzZjNzQwNDNjZGEwNjMyMjM1\nMjg4YjNj\n','2011-11-07 10:03:43'),('fade2c41d43cdcc0f8f3e4f4659f45db','gAJ9cQFVCnRlc3Rjb29raWVxAlUGd29ya2VkcQNzLmQwMzYzMzYyMzZjNzQwNDNjZGEwNjMyMjM1\nMjg4YjNj\n','2011-11-07 10:25:51'),('06473b8b8466bab73d1c118aa87395f5','gAJ9cQFVCnRlc3Rjb29raWVxAlUGd29ya2VkcQNzLmQwMzYzMzYyMzZjNzQwNDNjZGEwNjMyMjM1\nMjg4YjNj\n','2011-11-07 10:25:52'),('aefc523c07e516bd006da821cd5c9866','gAJ9cQFVCnRlc3Rjb29raWVxAlUGd29ya2VkcQNzLmQwMzYzMzYyMzZjNzQwNDNjZGEwNjMyMjM1\nMjg4YjNj\n','2011-11-07 12:25:57'),('1debd4815a69f341d129579102fa502e','gAJ9cQFVCnRlc3Rjb29raWVxAlUGd29ya2VkcQNzLmQwMzYzMzYyMzZjNzQwNDNjZGEwNjMyMjM1\nMjg4YjNj\n','2011-11-07 19:40:35'),('3c9d4c988de6e382c8e2b7d3286a80be','gAJ9cQFVCnRlc3Rjb29raWVxAlUGd29ya2VkcQNzLmQwMzYzMzYyMzZjNzQwNDNjZGEwNjMyMjM1\nMjg4YjNj\n','2011-11-11 01:48:14'),('abc26389725c7f68b54be61faf920363','gAJ9cQEoVRJfYXV0aF91c2VyX2JhY2tlbmRxAlUpZGphbmdvLmNvbnRyaWIuYXV0aC5iYWNrZW5k\ncy5Nb2RlbEJhY2tlbmRxA1UNX2F1dGhfdXNlcl9pZHEEigECdS5lNzYwOTQ5MjlmYmE1MmUwYjVl\nNzNhYjU4MjhlOGEwZg==\n','2011-11-09 16:26:32'),('1fd497937f1ac7497dc2c56fbe180f3f','gAJ9cQFVCnRlc3Rjb29raWVxAlUGd29ya2VkcQNzLmQwMzYzMzYyMzZjNzQwNDNjZGEwNjMyMjM1\nMjg4YjNj\n','2011-11-11 06:31:51'),('9add5fa56edc2e5697088d728e65674d','gAJ9cQFVCnRlc3Rjb29raWVxAlUGd29ya2VkcQNzLmQwMzYzMzYyMzZjNzQwNDNjZGEwNjMyMjM1\nMjg4YjNj\n','2011-11-11 23:15:37'),('4750fb740faa7daa8e0670deacf6066b','gAJ9cQFVCnRlc3Rjb29raWVxAlUGd29ya2VkcQNzLmQwMzYzMzYyMzZjNzQwNDNjZGEwNjMyMjM1\nMjg4YjNj\n','2011-11-12 01:16:47'),('092c4143fe6f3efff9497013e9225558','gAJ9cQEoVRJfYXV0aF91c2VyX2JhY2tlbmRxAlUpZGphbmdvLmNvbnRyaWIuYXV0aC5iYWNrZW5k\ncy5Nb2RlbEJhY2tlbmRxA1UNX2F1dGhfdXNlcl9pZHEEigEBdS44MTZkMzg1MDZhMDRhZDc5Yzg4\nZDc0MzNhZWNkNjBmMw==\n','2011-11-11 12:06:59'),('8d97185603ba3a128ca59d808360128a','gAJ9cQFVCnRlc3Rjb29raWVxAlUGd29ya2VkcQNzLmQwMzYzMzYyMzZjNzQwNDNjZGEwNjMyMjM1\nMjg4YjNj\n','2011-11-12 04:51:16'),('34aec61321b8961f97f88b05b3c37df5','gAJ9cQFVCnRlc3Rjb29raWVxAlUGd29ya2VkcQNzLmQwMzYzMzYyMzZjNzQwNDNjZGEwNjMyMjM1\nMjg4YjNj\n','2011-11-12 09:52:25'),('48515be3df2cf44c219ccdc2904c0c46','gAJ9cQFVCnRlc3Rjb29raWVxAlUGd29ya2VkcQNzLmQwMzYzMzYyMzZjNzQwNDNjZGEwNjMyMjM1\nMjg4YjNj\n','2011-11-12 23:04:18'),('da0cb587a1af2302595b9b1a95ff2661','gAJ9cQFVCnRlc3Rjb29raWVxAlUGd29ya2VkcQNzLmQwMzYzMzYyMzZjNzQwNDNjZGEwNjMyMjM1\nMjg4YjNj\n','2011-11-14 12:20:52'),('e9401cad67d2daad99e2034c223dcacb','gAJ9cQFVCnRlc3Rjb29raWVxAlUGd29ya2VkcQNzLmQwMzYzMzYyMzZjNzQwNDNjZGEwNjMyMjM1\nMjg4YjNj\n','2011-11-16 07:46:15'),('7271772da6c1ae729c5fa0f4b59956f4','gAJ9cQFVCnRlc3Rjb29raWVxAlUGd29ya2VkcQNzLmQwMzYzMzYyMzZjNzQwNDNjZGEwNjMyMjM1\nMjg4YjNj\n','2011-11-16 14:39:51'),('202ecb202726c633bc26117874a065cc','gAJ9cQFVCnRlc3Rjb29raWVxAlUGd29ya2VkcQNzLmQwMzYzMzYyMzZjNzQwNDNjZGEwNjMyMjM1\nMjg4YjNj\n','2011-11-17 01:23:39'),('43fbe48bef8d3c5465354f4b5c6e136d','gAJ9cQFVCnRlc3Rjb29raWVxAlUGd29ya2VkcQNzLmQwMzYzMzYyMzZjNzQwNDNjZGEwNjMyMjM1\nMjg4YjNj\n','2011-11-18 04:18:19'),('dadbf2c29699f24c93d6c4a653d77b36','gAJ9cQFVCnRlc3Rjb29raWVxAlUGd29ya2VkcQNzLmQwMzYzMzYyMzZjNzQwNDNjZGEwNjMyMjM1\nMjg4YjNj\n','2011-11-18 16:54:24'),('63e7aaac952ce6286bbc4928b4acdc7c','gAJ9cQFVCnRlc3Rjb29raWVxAlUGd29ya2VkcQNzLmQwMzYzMzYyMzZjNzQwNDNjZGEwNjMyMjM1\nMjg4YjNj\n','2011-11-18 18:10:26'),('37e055064e0c77b3887c1e822f8d701c','gAJ9cQFVCnRlc3Rjb29raWVxAlUGd29ya2VkcQNzLmQwMzYzMzYyMzZjNzQwNDNjZGEwNjMyMjM1\nMjg4YjNj\n','2011-11-19 08:01:40'),('1e96f43854e2e2a4bb379d0ee94e3de6','gAJ9cQFVCnRlc3Rjb29raWVxAlUGd29ya2VkcQNzLmQwMzYzMzYyMzZjNzQwNDNjZGEwNjMyMjM1\nMjg4YjNj\n','2011-11-20 21:23:08'),('f6d2f87284d6d7cc6e4d18bef8879277','gAJ9cQFVCnRlc3Rjb29raWVxAlUGd29ya2VkcQNzLmQwMzYzMzYyMzZjNzQwNDNjZGEwNjMyMjM1\nMjg4YjNj\n','2011-11-22 09:59:00'),('7ef5b98fd72a9a6a3b2b3e69239dad48','gAJ9cQFVCnRlc3Rjb29raWVxAlUGd29ya2VkcQNzLmQwMzYzMzYyMzZjNzQwNDNjZGEwNjMyMjM1\nMjg4YjNj\n','2011-11-22 13:36:10'),('096f5112dc7c1c2d9492acf0d956ff10','gAJ9cQFVCnRlc3Rjb29raWVxAlUGd29ya2VkcQNzLmQwMzYzMzYyMzZjNzQwNDNjZGEwNjMyMjM1\nMjg4YjNj\n','2011-11-23 01:51:19'),('4cbcca8a5c4cf95849cff1980bae8c32','gAJ9cQFVCnRlc3Rjb29raWVxAlUGd29ya2VkcQNzLmQwMzYzMzYyMzZjNzQwNDNjZGEwNjMyMjM1\nMjg4YjNj\n','2011-11-23 09:19:48'),('a4f7388cdf904a4177828dcf2524235f','gAJ9cQFVCnRlc3Rjb29raWVxAlUGd29ya2VkcQNzLmQwMzYzMzYyMzZjNzQwNDNjZGEwNjMyMjM1\nMjg4YjNj\n','2011-11-24 07:51:45'),('01d591d9e70816686d30bf164dadb425','gAJ9cQFVCnRlc3Rjb29raWVxAlUGd29ya2VkcQNzLmQwMzYzMzYyMzZjNzQwNDNjZGEwNjMyMjM1\nMjg4YjNj\n','2011-11-24 17:51:38'),('b94073408cf849818f28528b537596b2','gAJ9cQFVCnRlc3Rjb29raWVxAlUGd29ya2VkcQNzLmQwMzYzMzYyMzZjNzQwNDNjZGEwNjMyMjM1\nMjg4YjNj\n','2011-11-25 04:59:47'),('b753922f240aa02be7ea7505614c0e7b','gAJ9cQFVCnRlc3Rjb29raWVxAlUGd29ya2VkcQNzLmQwMzYzMzYyMzZjNzQwNDNjZGEwNjMyMjM1\nMjg4YjNj\n','2011-11-25 17:05:25'),('0713ce0b04e8d892168ea401f742630d','gAJ9cQFVCnRlc3Rjb29raWVxAlUGd29ya2VkcQNzLmQwMzYzMzYyMzZjNzQwNDNjZGEwNjMyMjM1\nMjg4YjNj\n','2011-11-27 01:36:55'),('f34fe48af8e0fbeff1fbc482d4f7b5e0','gAJ9cQFVCnRlc3Rjb29raWVxAlUGd29ya2VkcQNzLmQwMzYzMzYyMzZjNzQwNDNjZGEwNjMyMjM1\nMjg4YjNj\n','2011-11-27 08:02:07'),('c9839695004708b61e10a9444ecb2093','gAJ9cQFVCnRlc3Rjb29raWVxAlUGd29ya2VkcQNzLmQwMzYzMzYyMzZjNzQwNDNjZGEwNjMyMjM1\nMjg4YjNj\n','2011-11-27 08:48:01'),('e60717705eabe911f872a5dec1333605','gAJ9cQFVCnRlc3Rjb29raWVxAlUGd29ya2VkcQNzLmQwMzYzMzYyMzZjNzQwNDNjZGEwNjMyMjM1\nMjg4YjNj\n','2011-11-27 16:59:59'),('efcc6b28edd8aca5fff9d1b900f05bce','gAJ9cQFVCnRlc3Rjb29raWVxAlUGd29ya2VkcQNzLmQwMzYzMzYyMzZjNzQwNDNjZGEwNjMyMjM1\nMjg4YjNj\n','2011-11-28 11:44:43'),('5773084828229060e75d2df540c6e20a','gAJ9cQFVCnRlc3Rjb29raWVxAlUGd29ya2VkcQNzLmQwMzYzMzYyMzZjNzQwNDNjZGEwNjMyMjM1\nMjg4YjNj\n','2011-11-28 18:05:19'),('ef0ec2944a26f222ecb17149af4d8df3','gAJ9cQFVCnRlc3Rjb29raWVxAlUGd29ya2VkcQNzLmQwMzYzMzYyMzZjNzQwNDNjZGEwNjMyMjM1\nMjg4YjNj\n','2011-11-28 19:41:18'),('b5da134e3653f76b2d45bc7db6be8b61','gAJ9cQFVCnRlc3Rjb29raWVxAlUGd29ya2VkcQNzLmQwMzYzMzYyMzZjNzQwNDNjZGEwNjMyMjM1\nMjg4YjNj\n','2011-11-28 23:08:42'),('ef5924ef8a6c42172b7db25a1af68cdf','gAJ9cQFVCnRlc3Rjb29raWVxAlUGd29ya2VkcQNzLmQwMzYzMzYyMzZjNzQwNDNjZGEwNjMyMjM1\nMjg4YjNj\n','2011-11-29 19:07:42'),('fc3cd4153f31331d22c2d6ccbda1c575','gAJ9cQFVCnRlc3Rjb29raWVxAlUGd29ya2VkcQNzLmQwMzYzMzYyMzZjNzQwNDNjZGEwNjMyMjM1\nMjg4YjNj\n','2011-11-29 20:41:10'),('d01dccd0d42f84eca633fa9b695b482d','gAJ9cQFVCnRlc3Rjb29raWVxAlUGd29ya2VkcQNzLmQwMzYzMzYyMzZjNzQwNDNjZGEwNjMyMjM1\nMjg4YjNj\n','2011-11-29 22:03:16'),('fb53e83da487e54c4d1df08bdac22d14','gAJ9cQFVCnRlc3Rjb29raWVxAlUGd29ya2VkcQNzLmQwMzYzMzYyMzZjNzQwNDNjZGEwNjMyMjM1\nMjg4YjNj\n','2011-11-30 00:58:35'),('e7c19c76e7207eba8154fde459355918','gAJ9cQFVCnRlc3Rjb29raWVxAlUGd29ya2VkcQNzLmQwMzYzMzYyMzZjNzQwNDNjZGEwNjMyMjM1\nMjg4YjNj\n','2011-11-30 01:22:17'),('ed1f0cbed26ef0b04f919626befb6a98','gAJ9cQFVCnRlc3Rjb29raWVxAlUGd29ya2VkcQNzLmQwMzYzMzYyMzZjNzQwNDNjZGEwNjMyMjM1\nMjg4YjNj\n','2011-11-30 20:00:48'),('d530c4518d9b98117ad45e61d6fb4e9c','gAJ9cQEoVQljbGlwYm9hcmRxAl1xA1gDAAAAMTY1cQRhVQ1fYXV0aF91c2VyX2lkcQWKAQJVEl9h\ndXRoX3VzZXJfYmFja2VuZHEGVSlkamFuZ28uY29udHJpYi5hdXRoLmJhY2tlbmRzLk1vZGVsQmFj\na2VuZHEHVRBjbGlwYm9hcmRfYWN0aW9ucQhLAXUuYWVjYTkwMDE0MTYyNzU0NGU1NjU0MmJlNGRh\nYWJjZGM=\n','2011-11-30 15:38:50'),('550fa41fa94dac058198aba30844e7ef','gAJ9cQEoVRJfYXV0aF91c2VyX2JhY2tlbmRxAlUpZGphbmdvLmNvbnRyaWIuYXV0aC5iYWNrZW5k\ncy5Nb2RlbEJhY2tlbmRxA1UNX2F1dGhfdXNlcl9pZHEEigEBdS44MTZkMzg1MDZhMDRhZDc5Yzg4\nZDc0MzNhZWNkNjBmMw==\n','2011-12-03 01:26:15'),('253a2c26d83a79d8c3529267c262c71d','gAJ9cQFVCnRlc3Rjb29raWVxAlUGd29ya2VkcQNzLmQwMzYzMzYyMzZjNzQwNDNjZGEwNjMyMjM1\nMjg4YjNj\n','2011-11-30 20:36:13'),('03e2422161bb3e47e8026bdb8630d023','gAJ9cQFVCnRlc3Rjb29raWVxAlUGd29ya2VkcQNzLmQwMzYzMzYyMzZjNzQwNDNjZGEwNjMyMjM1\nMjg4YjNj\n','2011-11-30 22:15:06'),('502f9a80d4c271b8c6b7a8182942a0c5','gAJ9cQFVCnRlc3Rjb29raWVxAlUGd29ya2VkcQNzLmQwMzYzMzYyMzZjNzQwNDNjZGEwNjMyMjM1\nMjg4YjNj\n','2011-12-01 15:19:46'),('b068b858106fe240d26297f8058f38b5','gAJ9cQFVCnRlc3Rjb29raWVxAlUGd29ya2VkcQNzLmQwMzYzMzYyMzZjNzQwNDNjZGEwNjMyMjM1\nMjg4YjNj\n','2011-12-01 16:27:20'),('f2a4e77e8bc2ff9ec71bdfc314b744af','gAJ9cQFVCnRlc3Rjb29raWVxAlUGd29ya2VkcQNzLmQwMzYzMzYyMzZjNzQwNDNjZGEwNjMyMjM1\nMjg4YjNj\n','2011-12-02 15:10:58'),('da893489eccbd6961b010c8dc2cb1dba','gAJ9cQFVCnRlc3Rjb29raWVxAlUGd29ya2VkcQNzLmQwMzYzMzYyMzZjNzQwNDNjZGEwNjMyMjM1\nMjg4YjNj\n','2011-12-02 21:12:33'),('99b195e805636782ed979563ff4b2aae','gAJ9cQFVCnRlc3Rjb29raWVxAlUGd29ya2VkcQNzLmQwMzYzMzYyMzZjNzQwNDNjZGEwNjMyMjM1\nMjg4YjNj\n','2011-12-03 03:09:13'),('eb1369b0afd42b8a9aa450eab6c87be1','gAJ9cQFVCnRlc3Rjb29raWVxAlUGd29ya2VkcQNzLmQwMzYzMzYyMzZjNzQwNDNjZGEwNjMyMjM1\nMjg4YjNj\n','2011-12-03 23:11:29'),('e05163b3e0f1954c1889aee05195d408','gAJ9cQEoVRJfYXV0aF91c2VyX2JhY2tlbmRxAlUpZGphbmdvLmNvbnRyaWIuYXV0aC5iYWNrZW5k\ncy5Nb2RlbEJhY2tlbmRxA1UNX2F1dGhfdXNlcl9pZHEEigEBdS44MTZkMzg1MDZhMDRhZDc5Yzg4\nZDc0MzNhZWNkNjBmMw==\n','2011-12-16 12:33:06'),('661df7fca48c94b891fa3681bf3c47bb','gAJ9cQFVCnRlc3Rjb29raWVxAlUGd29ya2VkcQNzLmQwMzYzMzYyMzZjNzQwNDNjZGEwNjMyMjM1\nMjg4YjNj\n','2011-12-04 01:40:50'),('afcfca0ac11fe6076ec1ecf47391946f','gAJ9cQFVCnRlc3Rjb29raWVxAlUGd29ya2VkcQNzLmQwMzYzMzYyMzZjNzQwNDNjZGEwNjMyMjM1\nMjg4YjNj\n','2011-12-04 09:17:21'),('4988b37a651a6642dcbf1a341268113c','gAJ9cQFVCnRlc3Rjb29raWVxAlUGd29ya2VkcQNzLmQwMzYzMzYyMzZjNzQwNDNjZGEwNjMyMjM1\nMjg4YjNj\n','2011-12-04 23:51:54'),('563250dbcb07d9419bef3542fe3c2ce3','gAJ9cQFVCnRlc3Rjb29raWVxAlUGd29ya2VkcQNzLmQwMzYzMzYyMzZjNzQwNDNjZGEwNjMyMjM1\nMjg4YjNj\n','2011-12-05 12:15:11'),('ce49d22376791d147ae15d27d99651e1','gAJ9cQEoVRJfYXV0aF91c2VyX2JhY2tlbmRxAlUpZGphbmdvLmNvbnRyaWIuYXV0aC5iYWNrZW5k\ncy5Nb2RlbEJhY2tlbmRxA1UNX2F1dGhfdXNlcl9pZHEEigEBdS44MTZkMzg1MDZhMDRhZDc5Yzg4\nZDc0MzNhZWNkNjBmMw==\n','2011-12-05 01:29:56'),('385692c0b7a4d725afaf4bca306716c8','gAJ9cQFVCnRlc3Rjb29raWVxAlUGd29ya2VkcQNzLmQwMzYzMzYyMzZjNzQwNDNjZGEwNjMyMjM1\nMjg4YjNj\n','2011-12-05 21:35:41'),('13b2daaa194d0cee2ab39c4d9f25c196','gAJ9cQEoVRJfYXV0aF91c2VyX2JhY2tlbmRxAlUpZGphbmdvLmNvbnRyaWIuYXV0aC5iYWNrZW5k\ncy5Nb2RlbEJhY2tlbmRxA1UNX2F1dGhfdXNlcl9pZHEEigEBdS44MTZkMzg1MDZhMDRhZDc5Yzg4\nZDc0MzNhZWNkNjBmMw==\n','2011-12-05 13:37:37'),('81f9da9f4b8d8e873a3380fa87279d18','gAJ9cQFVCnRlc3Rjb29raWVxAlUGd29ya2VkcQNzLmQwMzYzMzYyMzZjNzQwNDNjZGEwNjMyMjM1\nMjg4YjNj\n','2011-12-06 09:16:41'),('d91c188c5efa76a744546c0a6464959e','gAJ9cQFVCnRlc3Rjb29raWVxAlUGd29ya2VkcQNzLmQwMzYzMzYyMzZjNzQwNDNjZGEwNjMyMjM1\nMjg4YjNj\n','2011-12-06 22:33:59'),('cf2b5d089a05bafdd5501eb2943979a6','gAJ9cQFVCnRlc3Rjb29raWVxAlUGd29ya2VkcQNzLmQwMzYzMzYyMzZjNzQwNDNjZGEwNjMyMjM1\nMjg4YjNj\n','2011-12-06 23:29:39'),('27792dd72b1316e115338bc7ee842446','gAJ9cQFVCnRlc3Rjb29raWVxAlUGd29ya2VkcQNzLmQwMzYzMzYyMzZjNzQwNDNjZGEwNjMyMjM1\nMjg4YjNj\n','2011-12-07 07:31:35'),('36df256ad1ade21b12c734fb6292e27d','gAJ9cQFVCnRlc3Rjb29raWVxAlUGd29ya2VkcQNzLmQwMzYzMzYyMzZjNzQwNDNjZGEwNjMyMjM1\nMjg4YjNj\n','2011-12-07 15:42:17'),('826ddbad74a98b995fb2015460fd850b','gAJ9cQFVCnRlc3Rjb29raWVxAlUGd29ya2VkcQNzLmQwMzYzMzYyMzZjNzQwNDNjZGEwNjMyMjM1\nMjg4YjNj\n','2011-12-07 16:15:34'),('30d8b025b9e4a19fd3f101eb2daf7422','gAJ9cQFVCnRlc3Rjb29raWVxAlUGd29ya2VkcQNzLmQwMzYzMzYyMzZjNzQwNDNjZGEwNjMyMjM1\nMjg4YjNj\n','2011-12-08 11:23:23'),('406705b70ed7c887cd2e735ee8d9c5ed','gAJ9cQEoVRJfYXV0aF91c2VyX2JhY2tlbmRxAlUpZGphbmdvLmNvbnRyaWIuYXV0aC5iYWNrZW5k\ncy5Nb2RlbEJhY2tlbmRxA1UNX2F1dGhfdXNlcl9pZHEEigECdS5lNzYwOTQ5MjlmYmE1MmUwYjVl\nNzNhYjU4MjhlOGEwZg==\n','2011-12-07 16:58:16'),('aa5e19b09824536e3a140143544bef07','gAJ9cQFVCnRlc3Rjb29raWVxAlUGd29ya2VkcQNzLmQwMzYzMzYyMzZjNzQwNDNjZGEwNjMyMjM1\nMjg4YjNj\n','2011-12-08 11:23:24'),('c74e4ada3e840e353f3624b356a7bc80','gAJ9cQFVCnRlc3Rjb29raWVxAlUGd29ya2VkcQNzLmQwMzYzMzYyMzZjNzQwNDNjZGEwNjMyMjM1\nMjg4YjNj\n','2011-12-08 16:34:06'),('7b1813cd2b0b23f587de82f8dcd61127','gAJ9cQEoVRJfYXV0aF91c2VyX2JhY2tlbmRxAlUpZGphbmdvLmNvbnRyaWIuYXV0aC5iYWNrZW5k\ncy5Nb2RlbEJhY2tlbmRxA1UNX2F1dGhfdXNlcl9pZHEEigECdS5lNzYwOTQ5MjlmYmE1MmUwYjVl\nNzNhYjU4MjhlOGEwZg==\n','2011-12-08 14:42:18'),('c8a2e8a9f8c1bc6215154efb80b66b44','gAJ9cQFVCnRlc3Rjb29raWVxAlUGd29ya2VkcQNzLmQwMzYzMzYyMzZjNzQwNDNjZGEwNjMyMjM1\nMjg4YjNj\n','2011-12-09 03:46:41'),('9c5a2811f6b17c0d23e098e160f7a8ff','gAJ9cQFVCnRlc3Rjb29raWVxAlUGd29ya2VkcQNzLmQwMzYzMzYyMzZjNzQwNDNjZGEwNjMyMjM1\nMjg4YjNj\n','2011-12-09 06:05:23'),('78ce88859a16114981887df5839dbb60','gAJ9cQFVCnRlc3Rjb29raWVxAlUGd29ya2VkcQNzLmQwMzYzMzYyMzZjNzQwNDNjZGEwNjMyMjM1\nMjg4YjNj\n','2011-12-09 08:25:15'),('451ab6bc54bdd155f2f90d9ed0fb15a9','gAJ9cQFVCnRlc3Rjb29raWVxAlUGd29ya2VkcQNzLmQwMzYzMzYyMzZjNzQwNDNjZGEwNjMyMjM1\nMjg4YjNj\n','2011-12-09 16:30:45'),('f8ef89cdbe065a7fcdda76394e2aa901','gAJ9cQFVCnRlc3Rjb29raWVxAlUGd29ya2VkcQNzLmQwMzYzMzYyMzZjNzQwNDNjZGEwNjMyMjM1\nMjg4YjNj\n','2011-12-09 16:30:46'),('22c3a48f03a0d3c49d4d4a59ebd28988','gAJ9cQFVCnRlc3Rjb29raWVxAlUGd29ya2VkcQNzLmQwMzYzMzYyMzZjNzQwNDNjZGEwNjMyMjM1\nMjg4YjNj\n','2011-12-09 20:16:21'),('b221d9fe2cd76c45928f35579b1f2162','gAJ9cQFVCnRlc3Rjb29raWVxAlUGd29ya2VkcQNzLmQwMzYzMzYyMzZjNzQwNDNjZGEwNjMyMjM1\nMjg4YjNj\n','2011-12-10 01:40:28'),('ee2ae5ce5dfbbdc78f27ba0607d7370e','gAJ9cQFVCnRlc3Rjb29raWVxAlUGd29ya2VkcQNzLmQwMzYzMzYyMzZjNzQwNDNjZGEwNjMyMjM1\nMjg4YjNj\n','2011-12-10 03:51:34'),('dda46c8fe616f0b06e2c5bebee88274d','gAJ9cQFVCnRlc3Rjb29raWVxAlUGd29ya2VkcQNzLmQwMzYzMzYyMzZjNzQwNDNjZGEwNjMyMjM1\nMjg4YjNj\n','2011-12-11 11:16:46'),('381300abb82859e03bef304df98c1d31','gAJ9cQFVCnRlc3Rjb29raWVxAlUGd29ya2VkcQNzLmQwMzYzMzYyMzZjNzQwNDNjZGEwNjMyMjM1\nMjg4YjNj\n','2011-12-11 17:55:18'),('3f1b992556227ab097a09fad4a1ae1c4','gAJ9cQFVCnRlc3Rjb29raWVxAlUGd29ya2VkcQNzLmQwMzYzMzYyMzZjNzQwNDNjZGEwNjMyMjM1\nMjg4YjNj\n','2011-12-11 21:11:31'),('5aeee29b2224cb872c21030d2583c290','gAJ9cQFVCnRlc3Rjb29raWVxAlUGd29ya2VkcQNzLmQwMzYzMzYyMzZjNzQwNDNjZGEwNjMyMjM1\nMjg4YjNj\n','2011-12-12 09:27:44'),('d119e16a80463b9dcf6ce58ec2fd4b99','gAJ9cQFVCnRlc3Rjb29raWVxAlUGd29ya2VkcQNzLmQwMzYzMzYyMzZjNzQwNDNjZGEwNjMyMjM1\nMjg4YjNj\n','2011-12-13 17:50:39'),('32277cad94444f5837d4b38dc9f3d14a','gAJ9cQFVCnRlc3Rjb29raWVxAlUGd29ya2VkcQNzLmQwMzYzMzYyMzZjNzQwNDNjZGEwNjMyMjM1\nMjg4YjNj\n','2011-12-14 01:20:28'),('c6cc7740a0b2345cf441378543153c9b','gAJ9cQFVCnRlc3Rjb29raWVxAlUGd29ya2VkcQNzLmQwMzYzMzYyMzZjNzQwNDNjZGEwNjMyMjM1\nMjg4YjNj\n','2011-12-14 20:08:36'),('b926bfcd7cd27164d4298b04ed0b3609','gAJ9cQFVCnRlc3Rjb29raWVxAlUGd29ya2VkcQNzLmQwMzYzMzYyMzZjNzQwNDNjZGEwNjMyMjM1\nMjg4YjNj\n','2011-12-14 23:04:29'),('e7a074d61dd60e40b14f935fcb1cba6e','gAJ9cQFVCnRlc3Rjb29raWVxAlUGd29ya2VkcQNzLmQwMzYzMzYyMzZjNzQwNDNjZGEwNjMyMjM1\nMjg4YjNj\n','2011-12-15 01:37:41'),('0bf41878cf858ebe4487511586a2c87b','gAJ9cQFVCnRlc3Rjb29raWVxAlUGd29ya2VkcQNzLmQwMzYzMzYyMzZjNzQwNDNjZGEwNjMyMjM1\nMjg4YjNj\n','2011-12-15 02:56:23'),('e3121610fd9e0aec593fe288d257470a','gAJ9cQFVCnRlc3Rjb29raWVxAlUGd29ya2VkcQNzLmQwMzYzMzYyMzZjNzQwNDNjZGEwNjMyMjM1\nMjg4YjNj\n','2011-12-15 15:12:53'),('734b10dfa0c9c3bec6a69502606ccb8e','gAJ9cQFVCnRlc3Rjb29raWVxAlUGd29ya2VkcQNzLmQwMzYzMzYyMzZjNzQwNDNjZGEwNjMyMjM1\nMjg4YjNj\n','2011-12-15 15:12:53'),('3b9414d5c56fbc783a19f515020e7de8','gAJ9cQFVCnRlc3Rjb29raWVxAlUGd29ya2VkcQNzLmQwMzYzMzYyMzZjNzQwNDNjZGEwNjMyMjM1\nMjg4YjNj\n','2011-12-15 15:13:39'),('d478a141439dba3258b25998a9528610','gAJ9cQFVCnRlc3Rjb29raWVxAlUGd29ya2VkcQNzLmQwMzYzMzYyMzZjNzQwNDNjZGEwNjMyMjM1\nMjg4YjNj\n','2011-12-15 15:24:49'),('a912f9d0d9e046feb577f5a02a087b48','gAJ9cQFVCnRlc3Rjb29raWVxAlUGd29ya2VkcQNzLmQwMzYzMzYyMzZjNzQwNDNjZGEwNjMyMjM1\nMjg4YjNj\n','2011-12-15 15:24:49'),('392416df2e08105bf8c3966f9af224ce','gAJ9cQFVCnRlc3Rjb29raWVxAlUGd29ya2VkcQNzLmQwMzYzMzYyMzZjNzQwNDNjZGEwNjMyMjM1\nMjg4YjNj\n','2011-12-15 15:27:06'),('ad90f3515c946a21f1d881ead1261ff4','gAJ9cQFVCnRlc3Rjb29raWVxAlUGd29ya2VkcQNzLmQwMzYzMzYyMzZjNzQwNDNjZGEwNjMyMjM1\nMjg4YjNj\n','2011-12-15 15:27:07'),('4a90328c4f8c7e498358e8062935aed2','gAJ9cQFVCnRlc3Rjb29raWVxAlUGd29ya2VkcQNzLmQwMzYzMzYyMzZjNzQwNDNjZGEwNjMyMjM1\nMjg4YjNj\n','2011-12-15 15:38:46'),('e36f74d4ab0eccf5eb6fe1f3c58fee2f','gAJ9cQFVCnRlc3Rjb29raWVxAlUGd29ya2VkcQNzLmQwMzYzMzYyMzZjNzQwNDNjZGEwNjMyMjM1\nMjg4YjNj\n','2011-12-15 15:38:47'),('cb8c53813afa9f4caee5fa6ec2c9d9ac','gAJ9cQFVCnRlc3Rjb29raWVxAlUGd29ya2VkcQNzLmQwMzYzMzYyMzZjNzQwNDNjZGEwNjMyMjM1\nMjg4YjNj\n','2011-12-15 15:49:57'),('c82a028dd24adf53202f32bebdac817c','gAJ9cQFVCnRlc3Rjb29raWVxAlUGd29ya2VkcQNzLmQwMzYzMzYyMzZjNzQwNDNjZGEwNjMyMjM1\nMjg4YjNj\n','2011-12-15 15:49:57'),('aa61acbae07a8f80c3dc95af818f1960','gAJ9cQFVCnRlc3Rjb29raWVxAlUGd29ya2VkcQNzLmQwMzYzMzYyMzZjNzQwNDNjZGEwNjMyMjM1\nMjg4YjNj\n','2011-12-15 16:01:04'),('e73f9d869db8d84cff67a943187ed731','gAJ9cQFVCnRlc3Rjb29raWVxAlUGd29ya2VkcQNzLmQwMzYzMzYyMzZjNzQwNDNjZGEwNjMyMjM1\nMjg4YjNj\n','2011-12-15 16:01:04'),('a8ed45765c6c43c6a4b9316b603c2a0f','gAJ9cQFVCnRlc3Rjb29raWVxAlUGd29ya2VkcQNzLmQwMzYzMzYyMzZjNzQwNDNjZGEwNjMyMjM1\nMjg4YjNj\n','2011-12-15 16:06:44'),('ef5386cca1ef2ceb9728c4c679c41411','gAJ9cQFVCnRlc3Rjb29raWVxAlUGd29ya2VkcQNzLmQwMzYzMzYyMzZjNzQwNDNjZGEwNjMyMjM1\nMjg4YjNj\n','2011-12-15 16:13:26'),('a7f289acc38b37ce37e6fd3464aa6ba6','gAJ9cQFVCnRlc3Rjb29raWVxAlUGd29ya2VkcQNzLmQwMzYzMzYyMzZjNzQwNDNjZGEwNjMyMjM1\nMjg4YjNj\n','2011-12-15 16:13:26'),('889cd09064adc73c6c4f883ee8c1e008','gAJ9cQFVCnRlc3Rjb29raWVxAlUGd29ya2VkcQNzLmQwMzYzMzYyMzZjNzQwNDNjZGEwNjMyMjM1\nMjg4YjNj\n','2011-12-15 16:17:12'),('8cd3229f6e41244765b23163c9a43bf9','gAJ9cQFVCnRlc3Rjb29raWVxAlUGd29ya2VkcQNzLmQwMzYzMzYyMzZjNzQwNDNjZGEwNjMyMjM1\nMjg4YjNj\n','2011-12-15 16:25:00'),('45b726258ec26ebb27df3f9aa40438a4','gAJ9cQFVCnRlc3Rjb29raWVxAlUGd29ya2VkcQNzLmQwMzYzMzYyMzZjNzQwNDNjZGEwNjMyMjM1\nMjg4YjNj\n','2011-12-15 16:25:01'),('483f0ac0570c2c25408ce163dc8c1159','gAJ9cQFVCnRlc3Rjb29raWVxAlUGd29ya2VkcQNzLmQwMzYzMzYyMzZjNzQwNDNjZGEwNjMyMjM1\nMjg4YjNj\n','2011-12-15 16:38:13'),('3a078678a0a63639ad4a696c5655fcb7','gAJ9cQFVCnRlc3Rjb29raWVxAlUGd29ya2VkcQNzLmQwMzYzMzYyMzZjNzQwNDNjZGEwNjMyMjM1\nMjg4YjNj\n','2011-12-15 16:38:13'),('ce0747ee70412aca3771cc49bbf6d979','gAJ9cQFVCnRlc3Rjb29raWVxAlUGd29ya2VkcQNzLmQwMzYzMzYyMzZjNzQwNDNjZGEwNjMyMjM1\nMjg4YjNj\n','2011-12-15 17:21:21'),('0126df3b32e870c11542a361f78a56c7','gAJ9cQFVCnRlc3Rjb29raWVxAlUGd29ya2VkcQNzLmQwMzYzMzYyMzZjNzQwNDNjZGEwNjMyMjM1\nMjg4YjNj\n','2011-12-15 17:27:46'),('481032751858ba407d974ee111941e70','gAJ9cQFVCnRlc3Rjb29raWVxAlUGd29ya2VkcQNzLmQwMzYzMzYyMzZjNzQwNDNjZGEwNjMyMjM1\nMjg4YjNj\n','2011-12-15 17:35:11'),('feca28d8503cfe2f696811ea26c45e9b','gAJ9cQFVCnRlc3Rjb29raWVxAlUGd29ya2VkcQNzLmQwMzYzMzYyMzZjNzQwNDNjZGEwNjMyMjM1\nMjg4YjNj\n','2011-12-15 17:35:11'),('51e745b3a6b2fdf4d74b54a7233390bc','gAJ9cQFVCnRlc3Rjb29raWVxAlUGd29ya2VkcQNzLmQwMzYzMzYyMzZjNzQwNDNjZGEwNjMyMjM1\nMjg4YjNj\n','2011-12-15 17:54:26'),('123cab1a9b5fb00229eb25817e049d5e','gAJ9cQFVCnRlc3Rjb29raWVxAlUGd29ya2VkcQNzLmQwMzYzMzYyMzZjNzQwNDNjZGEwNjMyMjM1\nMjg4YjNj\n','2011-12-15 18:09:04'),('8929c749d1c58491f49275ff388341b2','gAJ9cQFVCnRlc3Rjb29raWVxAlUGd29ya2VkcQNzLmQwMzYzMzYyMzZjNzQwNDNjZGEwNjMyMjM1\nMjg4YjNj\n','2011-12-15 18:09:04'),('499aa9baddbccd371fe1ef73f18649a3','gAJ9cQFVCnRlc3Rjb29raWVxAlUGd29ya2VkcQNzLmQwMzYzMzYyMzZjNzQwNDNjZGEwNjMyMjM1\nMjg4YjNj\n','2011-12-15 18:09:14'),('7cda921111df8ff09be5dcb993f81b6e','gAJ9cQFVCnRlc3Rjb29raWVxAlUGd29ya2VkcQNzLmQwMzYzMzYyMzZjNzQwNDNjZGEwNjMyMjM1\nMjg4YjNj\n','2011-12-15 18:21:19'),('6aaba46daca90ba62c2db0f94dd91af6','gAJ9cQFVCnRlc3Rjb29raWVxAlUGd29ya2VkcQNzLmQwMzYzMzYyMzZjNzQwNDNjZGEwNjMyMjM1\nMjg4YjNj\n','2011-12-15 18:21:20'),('3e41ed0ee75d0ea44827a449f14db58e','gAJ9cQFVCnRlc3Rjb29raWVxAlUGd29ya2VkcQNzLmQwMzYzMzYyMzZjNzQwNDNjZGEwNjMyMjM1\nMjg4YjNj\n','2011-12-15 18:35:23'),('c11e86fe25009e43dc3f3ba6bb0bd061','gAJ9cQFVCnRlc3Rjb29raWVxAlUGd29ya2VkcQNzLmQwMzYzMzYyMzZjNzQwNDNjZGEwNjMyMjM1\nMjg4YjNj\n','2011-12-15 18:35:23'),('41854c5e57a7be6ce0e12588e83c30b1','gAJ9cQFVCnRlc3Rjb29raWVxAlUGd29ya2VkcQNzLmQwMzYzMzYyMzZjNzQwNDNjZGEwNjMyMjM1\nMjg4YjNj\n','2011-12-15 18:48:26'),('ad8ffbd4cf54a3b5efc8b3d71993a486','gAJ9cQFVCnRlc3Rjb29raWVxAlUGd29ya2VkcQNzLmQwMzYzMzYyMzZjNzQwNDNjZGEwNjMyMjM1\nMjg4YjNj\n','2011-12-15 18:48:27'),('cecba44863e3dbbd662eeb070acc1667','gAJ9cQFVCnRlc3Rjb29raWVxAlUGd29ya2VkcQNzLmQwMzYzMzYyMzZjNzQwNDNjZGEwNjMyMjM1\nMjg4YjNj\n','2011-12-15 18:56:37'),('356890644ec39ddc4e18657ffb5e7b0a','gAJ9cQFVCnRlc3Rjb29raWVxAlUGd29ya2VkcQNzLmQwMzYzMzYyMzZjNzQwNDNjZGEwNjMyMjM1\nMjg4YjNj\n','2011-12-15 19:01:40'),('a3d1f69dbd6c01fadd3ea554147989b5','gAJ9cQFVCnRlc3Rjb29raWVxAlUGd29ya2VkcQNzLmQwMzYzMzYyMzZjNzQwNDNjZGEwNjMyMjM1\nMjg4YjNj\n','2011-12-15 19:01:41'),('4896760f2af27a70179247c7e758ed8b','gAJ9cQFVCnRlc3Rjb29raWVxAlUGd29ya2VkcQNzLmQwMzYzMzYyMzZjNzQwNDNjZGEwNjMyMjM1\nMjg4YjNj\n','2011-12-15 19:15:25'),('312c631961bfb0fad16f3f04b728b8ea','gAJ9cQFVCnRlc3Rjb29raWVxAlUGd29ya2VkcQNzLmQwMzYzMzYyMzZjNzQwNDNjZGEwNjMyMjM1\nMjg4YjNj\n','2011-12-15 19:15:25'),('536e7fd140958c082a8b985093cc68e2','gAJ9cQFVCnRlc3Rjb29raWVxAlUGd29ya2VkcQNzLmQwMzYzMzYyMzZjNzQwNDNjZGEwNjMyMjM1\nMjg4YjNj\n','2011-12-15 19:25:44'),('fb752fa7e586e6753d3e7704346499b7','gAJ9cQFVCnRlc3Rjb29raWVxAlUGd29ya2VkcQNzLmQwMzYzMzYyMzZjNzQwNDNjZGEwNjMyMjM1\nMjg4YjNj\n','2011-12-15 19:26:56'),('4b454313164346511fc3821faf83fa65','gAJ9cQFVCnRlc3Rjb29raWVxAlUGd29ya2VkcQNzLmQwMzYzMzYyMzZjNzQwNDNjZGEwNjMyMjM1\nMjg4YjNj\n','2011-12-15 19:27:49'),('f668bca7e42a8d3763fa4aeff2af7569','gAJ9cQFVCnRlc3Rjb29raWVxAlUGd29ya2VkcQNzLmQwMzYzMzYyMzZjNzQwNDNjZGEwNjMyMjM1\nMjg4YjNj\n','2011-12-15 19:38:34'),('54dd27fcd4b47ada40ed1a8a3a3f95ab','gAJ9cQFVCnRlc3Rjb29raWVxAlUGd29ya2VkcQNzLmQwMzYzMzYyMzZjNzQwNDNjZGEwNjMyMjM1\nMjg4YjNj\n','2011-12-15 19:38:40'),('19bec9f97b84ab01264be972102ef74a','gAJ9cQFVCnRlc3Rjb29raWVxAlUGd29ya2VkcQNzLmQwMzYzMzYyMzZjNzQwNDNjZGEwNjMyMjM1\nMjg4YjNj\n','2011-12-15 19:42:08'),('272f44400050fb700a936e321ba9c960','gAJ9cQFVCnRlc3Rjb29raWVxAlUGd29ya2VkcQNzLmQwMzYzMzYyMzZjNzQwNDNjZGEwNjMyMjM1\nMjg4YjNj\n','2011-12-15 19:42:09'),('ffea84db3e87d65655129cfcb0c6d8a2','gAJ9cQFVCnRlc3Rjb29raWVxAlUGd29ya2VkcQNzLmQwMzYzMzYyMzZjNzQwNDNjZGEwNjMyMjM1\nMjg4YjNj\n','2011-12-15 19:48:58'),('2d69a0e426bb24b81391536cead64248','gAJ9cQFVCnRlc3Rjb29raWVxAlUGd29ya2VkcQNzLmQwMzYzMzYyMzZjNzQwNDNjZGEwNjMyMjM1\nMjg4YjNj\n','2011-12-15 19:48:59'),('1807818188c81c92b8239d9d17caec11','gAJ9cQFVCnRlc3Rjb29raWVxAlUGd29ya2VkcQNzLmQwMzYzMzYyMzZjNzQwNDNjZGEwNjMyMjM1\nMjg4YjNj\n','2011-12-15 19:58:58'),('097ba120e825e3ad594761067d453125','gAJ9cQFVCnRlc3Rjb29raWVxAlUGd29ya2VkcQNzLmQwMzYzMzYyMzZjNzQwNDNjZGEwNjMyMjM1\nMjg4YjNj\n','2011-12-15 19:58:59'),('7dcaeddd1ada7f4510a68244dc27f5b9','gAJ9cQFVCnRlc3Rjb29raWVxAlUGd29ya2VkcQNzLmQwMzYzMzYyMzZjNzQwNDNjZGEwNjMyMjM1\nMjg4YjNj\n','2011-12-15 19:59:15'),('ca2380c8007186d35db2161737be114d','gAJ9cQFVCnRlc3Rjb29raWVxAlUGd29ya2VkcQNzLmQwMzYzMzYyMzZjNzQwNDNjZGEwNjMyMjM1\nMjg4YjNj\n','2011-12-15 19:59:48'),('62c17e3de81ab34a348dea8ef71eca67','gAJ9cQFVCnRlc3Rjb29raWVxAlUGd29ya2VkcQNzLmQwMzYzMzYyMzZjNzQwNDNjZGEwNjMyMjM1\nMjg4YjNj\n','2011-12-15 20:09:03'),('04165ca89644bb4ce3806ee108989d0b','gAJ9cQFVCnRlc3Rjb29raWVxAlUGd29ya2VkcQNzLmQwMzYzMzYyMzZjNzQwNDNjZGEwNjMyMjM1\nMjg4YjNj\n','2011-12-15 20:09:04'),('5d2ce55d96f6459584af66f6ad44b6d7','gAJ9cQFVCnRlc3Rjb29raWVxAlUGd29ya2VkcQNzLmQwMzYzMzYyMzZjNzQwNDNjZGEwNjMyMjM1\nMjg4YjNj\n','2011-12-15 20:19:50'),('035923e2a53ea6c42058ad1e5f8212b0','gAJ9cQFVCnRlc3Rjb29raWVxAlUGd29ya2VkcQNzLmQwMzYzMzYyMzZjNzQwNDNjZGEwNjMyMjM1\nMjg4YjNj\n','2011-12-15 20:19:51'),('88629812afd7c9558155b67ac297cc25','gAJ9cQFVCnRlc3Rjb29raWVxAlUGd29ya2VkcQNzLmQwMzYzMzYyMzZjNzQwNDNjZGEwNjMyMjM1\nMjg4YjNj\n','2011-12-15 20:32:17'),('37f72c7b0540a967fd505941af7ef015','gAJ9cQFVCnRlc3Rjb29raWVxAlUGd29ya2VkcQNzLmQwMzYzMzYyMzZjNzQwNDNjZGEwNjMyMjM1\nMjg4YjNj\n','2011-12-15 20:32:17'),('31a28d88f0071a2792ebd708c79c0a8b','gAJ9cQFVCnRlc3Rjb29raWVxAlUGd29ya2VkcQNzLmQwMzYzMzYyMzZjNzQwNDNjZGEwNjMyMjM1\nMjg4YjNj\n','2011-12-15 20:43:31'),('ad7bef613c72ce34b171e8d71011af02','gAJ9cQFVCnRlc3Rjb29raWVxAlUGd29ya2VkcQNzLmQwMzYzMzYyMzZjNzQwNDNjZGEwNjMyMjM1\nMjg4YjNj\n','2011-12-15 20:43:33'),('e021ba6e27d3f7f8b22724998cccb86f','gAJ9cQFVCnRlc3Rjb29raWVxAlUGd29ya2VkcQNzLmQwMzYzMzYyMzZjNzQwNDNjZGEwNjMyMjM1\nMjg4YjNj\n','2011-12-15 20:55:54'),('5a1ca37f43cdac437e17298cb1e9fd97','gAJ9cQFVCnRlc3Rjb29raWVxAlUGd29ya2VkcQNzLmQwMzYzMzYyMzZjNzQwNDNjZGEwNjMyMjM1\nMjg4YjNj\n','2011-12-15 20:55:54'),('17d7fa307024d7f52d422f12474b1be0','gAJ9cQFVCnRlc3Rjb29raWVxAlUGd29ya2VkcQNzLmQwMzYzMzYyMzZjNzQwNDNjZGEwNjMyMjM1\nMjg4YjNj\n','2011-12-15 21:07:38'),('2ca3f1174ca3479125036e8b4426007a','gAJ9cQFVCnRlc3Rjb29raWVxAlUGd29ya2VkcQNzLmQwMzYzMzYyMzZjNzQwNDNjZGEwNjMyMjM1\nMjg4YjNj\n','2011-12-15 21:07:39'),('eb1365cc9c6c518fbe5b010e17d811ce','gAJ9cQFVCnRlc3Rjb29raWVxAlUGd29ya2VkcQNzLmQwMzYzMzYyMzZjNzQwNDNjZGEwNjMyMjM1\nMjg4YjNj\n','2011-12-15 21:21:06'),('508fc84e7ed18644f496a5acc04c009d','gAJ9cQFVCnRlc3Rjb29raWVxAlUGd29ya2VkcQNzLmQwMzYzMzYyMzZjNzQwNDNjZGEwNjMyMjM1\nMjg4YjNj\n','2011-12-15 21:21:06'),('303306d5dbd2f8b98511b19fdc628dea','gAJ9cQFVCnRlc3Rjb29raWVxAlUGd29ya2VkcQNzLmQwMzYzMzYyMzZjNzQwNDNjZGEwNjMyMjM1\nMjg4YjNj\n','2011-12-15 21:33:10'),('d4e2cea21785f3de0c531511a2ce37d1','gAJ9cQFVCnRlc3Rjb29raWVxAlUGd29ya2VkcQNzLmQwMzYzMzYyMzZjNzQwNDNjZGEwNjMyMjM1\nMjg4YjNj\n','2011-12-15 21:33:11'),('ee3f027841fdd641a1faea2c0c7d8a2b','gAJ9cQFVCnRlc3Rjb29raWVxAlUGd29ya2VkcQNzLmQwMzYzMzYyMzZjNzQwNDNjZGEwNjMyMjM1\nMjg4YjNj\n','2011-12-15 21:44:12'),('aa90bf14d751ad1a3d409fdd29aa436f','gAJ9cQFVCnRlc3Rjb29raWVxAlUGd29ya2VkcQNzLmQwMzYzMzYyMzZjNzQwNDNjZGEwNjMyMjM1\nMjg4YjNj\n','2011-12-15 21:44:12'),('7c9086f8bd9b100e2e9531fcf587c3a5','gAJ9cQFVCnRlc3Rjb29raWVxAlUGd29ya2VkcQNzLmQwMzYzMzYyMzZjNzQwNDNjZGEwNjMyMjM1\nMjg4YjNj\n','2011-12-15 21:59:21'),('81951eb5bebcfeef03af7868594185ab','gAJ9cQFVCnRlc3Rjb29raWVxAlUGd29ya2VkcQNzLmQwMzYzMzYyMzZjNzQwNDNjZGEwNjMyMjM1\nMjg4YjNj\n','2011-12-15 21:59:21'),('89b8111edc26ada140875d7f3c8a306e','gAJ9cQFVCnRlc3Rjb29raWVxAlUGd29ya2VkcQNzLmQwMzYzMzYyMzZjNzQwNDNjZGEwNjMyMjM1\nMjg4YjNj\n','2011-12-15 22:13:22'),('1a00905f757bfad6a70198b3a6ce1f27','gAJ9cQFVCnRlc3Rjb29raWVxAlUGd29ya2VkcQNzLmQwMzYzMzYyMzZjNzQwNDNjZGEwNjMyMjM1\nMjg4YjNj\n','2011-12-15 22:13:22'),('5eb7262943115fbf7a97683d18355589','gAJ9cQFVCnRlc3Rjb29raWVxAlUGd29ya2VkcQNzLmQwMzYzMzYyMzZjNzQwNDNjZGEwNjMyMjM1\nMjg4YjNj\n','2011-12-15 22:25:37'),('bba5a967a99e56c9e11e14ef00b4cd9e','gAJ9cQFVCnRlc3Rjb29raWVxAlUGd29ya2VkcQNzLmQwMzYzMzYyMzZjNzQwNDNjZGEwNjMyMjM1\nMjg4YjNj\n','2011-12-15 22:25:37'),('804e338354ec39ee95a40329e1bc712f','gAJ9cQFVCnRlc3Rjb29raWVxAlUGd29ya2VkcQNzLmQwMzYzMzYyMzZjNzQwNDNjZGEwNjMyMjM1\nMjg4YjNj\n','2011-12-15 22:37:31'),('1f111cd5a0f6850239f1e535b28c6140','gAJ9cQFVCnRlc3Rjb29raWVxAlUGd29ya2VkcQNzLmQwMzYzMzYyMzZjNzQwNDNjZGEwNjMyMjM1\nMjg4YjNj\n','2011-12-15 22:37:34'),('8803399ccb445cad6636838e353bef68','gAJ9cQFVCnRlc3Rjb29raWVxAlUGd29ya2VkcQNzLmQwMzYzMzYyMzZjNzQwNDNjZGEwNjMyMjM1\nMjg4YjNj\n','2011-12-15 22:49:12'),('4baf2377c92cd82eeec0b5aac1bc0f8c','gAJ9cQFVCnRlc3Rjb29raWVxAlUGd29ya2VkcQNzLmQwMzYzMzYyMzZjNzQwNDNjZGEwNjMyMjM1\nMjg4YjNj\n','2011-12-15 22:49:13'),('5709d97ca568d1ebbb2840d0b0796f58','gAJ9cQFVCnRlc3Rjb29raWVxAlUGd29ya2VkcQNzLmQwMzYzMzYyMzZjNzQwNDNjZGEwNjMyMjM1\nMjg4YjNj\n','2011-12-15 23:00:24'),('b6c46dacebefffc123e33526c8dae69c','gAJ9cQFVCnRlc3Rjb29raWVxAlUGd29ya2VkcQNzLmQwMzYzMzYyMzZjNzQwNDNjZGEwNjMyMjM1\nMjg4YjNj\n','2011-12-15 22:58:09'),('93f391c21ebf393a4baff925e4cea406','gAJ9cQEoVRJfYXV0aF91c2VyX2JhY2tlbmRxAlUpZGphbmdvLmNvbnRyaWIuYXV0aC5iYWNrZW5k\ncy5Nb2RlbEJhY2tlbmRxA1UNX2F1dGhfdXNlcl9pZHEEigEBdS44MTZkMzg1MDZhMDRhZDc5Yzg4\nZDc0MzNhZWNkNjBmMw==\n','2011-12-15 23:00:15'),('035433732e82c447a45f7dfff01706ad','gAJ9cQFVCnRlc3Rjb29raWVxAlUGd29ya2VkcQNzLmQwMzYzMzYyMzZjNzQwNDNjZGEwNjMyMjM1\nMjg4YjNj\n','2011-12-15 23:01:41'),('74e8c86486d20e605d8dc1749b2e8463','gAJ9cQFVCnRlc3Rjb29raWVxAlUGd29ya2VkcQNzLmQwMzYzMzYyMzZjNzQwNDNjZGEwNjMyMjM1\nMjg4YjNj\n','2011-12-16 13:50:45'),('96942fabf15e499d3b7c9b9be42412ac','gAJ9cQFVCnRlc3Rjb29raWVxAlUGd29ya2VkcQNzLmQwMzYzMzYyMzZjNzQwNDNjZGEwNjMyMjM1\nMjg4YjNj\n','2011-12-17 01:05:22'),('c3ac338ffcf5964c4c86487075ca32c7','gAJ9cQFVCnRlc3Rjb29raWVxAlUGd29ya2VkcQNzLmQwMzYzMzYyMzZjNzQwNDNjZGEwNjMyMjM1\nMjg4YjNj\n','2011-12-17 01:05:23'),('cd5092e5c571bc47063e5274deee9104','gAJ9cQFVCnRlc3Rjb29raWVxAlUGd29ya2VkcQNzLmQwMzYzMzYyMzZjNzQwNDNjZGEwNjMyMjM1\nMjg4YjNj\n','2011-12-17 04:34:31'),('981e8b8f561fdf63bda21478e8d852d4','gAJ9cQFVCnRlc3Rjb29raWVxAlUGd29ya2VkcQNzLmQwMzYzMzYyMzZjNzQwNDNjZGEwNjMyMjM1\nMjg4YjNj\n','2011-12-17 05:26:55'),('a03e7352203cc9a11f509043f21aca5c','gAJ9cQFVCnRlc3Rjb29raWVxAlUGd29ya2VkcQNzLmQwMzYzMzYyMzZjNzQwNDNjZGEwNjMyMjM1\nMjg4YjNj\n','2011-12-17 23:17:48'),('27a1c0a33ef70df9c6935b8eaae5b615','gAJ9cQFVCnRlc3Rjb29raWVxAlUGd29ya2VkcQNzLmQwMzYzMzYyMzZjNzQwNDNjZGEwNjMyMjM1\nMjg4YjNj\n','2011-12-18 10:54:22'),('264391967b3e6ebfbc48e86d1082bce0','gAJ9cQFVCnRlc3Rjb29raWVxAlUGd29ya2VkcQNzLmQwMzYzMzYyMzZjNzQwNDNjZGEwNjMyMjM1\nMjg4YjNj\n','2011-12-19 08:03:32'),('b60e8d39d2d224ee3ec554a21bf35326','gAJ9cQFVCnRlc3Rjb29raWVxAlUGd29ya2VkcQNzLmQwMzYzMzYyMzZjNzQwNDNjZGEwNjMyMjM1\nMjg4YjNj\n','2011-12-19 16:09:48'),('d05756edf06f0abeec0b2e1d4c29f2fd','gAJ9cQFVCnRlc3Rjb29raWVxAlUGd29ya2VkcQNzLmQwMzYzMzYyMzZjNzQwNDNjZGEwNjMyMjM1\nMjg4YjNj\n','2011-12-19 20:55:55'),('f3a8f8ebb26d55c6fa48c04e5afea73d','gAJ9cQFVCnRlc3Rjb29raWVxAlUGd29ya2VkcQNzLmQwMzYzMzYyMzZjNzQwNDNjZGEwNjMyMjM1\nMjg4YjNj\n','2011-12-21 01:04:39'),('f57204298486926a680e7f242994130a','gAJ9cQEuODYyYjAwMDU5NzdkOTM5ZjBjODVjZmQ4YzEwNWM2ZGI=\n','2011-12-20 22:16:00'),('c4d9abb9cc4c311285c36cf942032386','gAJ9cQFVCnRlc3Rjb29raWVxAlUGd29ya2VkcQNzLmQwMzYzMzYyMzZjNzQwNDNjZGEwNjMyMjM1\nMjg4YjNj\n','2011-12-20 16:34:57'),('758bce89952a283c9aca5a9bbf8b81be','gAJ9cQFVCnRlc3Rjb29raWVxAlUGd29ya2VkcQNzLmQwMzYzMzYyMzZjNzQwNDNjZGEwNjMyMjM1\nMjg4YjNj\n','2011-12-21 04:27:51'),('cf7f2df563a76625aebb1d1f4e1ea499','gAJ9cQFVCnRlc3Rjb29raWVxAlUGd29ya2VkcQNzLmQwMzYzMzYyMzZjNzQwNDNjZGEwNjMyMjM1\nMjg4YjNj\n','2011-12-21 17:46:27'),('1a145c96ed2c4a76b6583d1891f74c78','gAJ9cQFVCnRlc3Rjb29raWVxAlUGd29ya2VkcQNzLmQwMzYzMzYyMzZjNzQwNDNjZGEwNjMyMjM1\nMjg4YjNj\n','2011-12-22 03:54:04'),('fec9ef25257a9e8dcab066da695a58ea','gAJ9cQFVCnRlc3Rjb29raWVxAlUGd29ya2VkcQNzLmQwMzYzMzYyMzZjNzQwNDNjZGEwNjMyMjM1\nMjg4YjNj\n','2011-12-23 02:03:42'),('ba2515af596724f4d4db5925ffa9bb59','gAJ9cQFVCnRlc3Rjb29raWVxAlUGd29ya2VkcQNzLmQwMzYzMzYyMzZjNzQwNDNjZGEwNjMyMjM1\nMjg4YjNj\n','2011-12-23 23:18:44'),('d493990c87edd889568c47d2aa24c812','gAJ9cQFVCnRlc3Rjb29raWVxAlUGd29ya2VkcQNzLmQwMzYzMzYyMzZjNzQwNDNjZGEwNjMyMjM1\nMjg4YjNj\n','2011-12-24 13:07:35'),('e79ae3962063b23bb622406a433c8d4d','gAJ9cQFVCnRlc3Rjb29raWVxAlUGd29ya2VkcQNzLmQwMzYzMzYyMzZjNzQwNDNjZGEwNjMyMjM1\nMjg4YjNj\n','2011-12-24 22:00:23'),('80fedafafdd4da0ea88ce5838218536e','gAJ9cQFVCnRlc3Rjb29raWVxAlUGd29ya2VkcQNzLmQwMzYzMzYyMzZjNzQwNDNjZGEwNjMyMjM1\nMjg4YjNj\n','2011-12-26 00:49:03'),('c80c1da598a5f34cade6122018c610bf','gAJ9cQFVCnRlc3Rjb29raWVxAlUGd29ya2VkcQNzLmQwMzYzMzYyMzZjNzQwNDNjZGEwNjMyMjM1\nMjg4YjNj\n','2011-12-26 22:23:28'),('4dc7976a54f364b5cb080112dd8a5adc','gAJ9cQFVCnRlc3Rjb29raWVxAlUGd29ya2VkcQNzLmQwMzYzMzYyMzZjNzQwNDNjZGEwNjMyMjM1\nMjg4YjNj\n','2011-12-27 00:09:35'),('6bd44c18b2c8ae1b0ec409613b04ee98','gAJ9cQFVCnRlc3Rjb29raWVxAlUGd29ya2VkcQNzLmQwMzYzMzYyMzZjNzQwNDNjZGEwNjMyMjM1\nMjg4YjNj\n','2011-12-27 00:14:25'),('75773b356a53cda3b21fa7e097ce5c1a','gAJ9cQFVCnRlc3Rjb29raWVxAlUGd29ya2VkcQNzLmQwMzYzMzYyMzZjNzQwNDNjZGEwNjMyMjM1\nMjg4YjNj\n','2011-12-27 02:50:38'),('fc6f9e3cc6641480bdb16ff12d801e60','gAJ9cQFVCnRlc3Rjb29raWVxAlUGd29ya2VkcQNzLmQwMzYzMzYyMzZjNzQwNDNjZGEwNjMyMjM1\nMjg4YjNj\n','2011-12-27 02:50:39'),('d294fe7cd250cd0d661dffac0e346bfb','gAJ9cQFVCnRlc3Rjb29raWVxAlUGd29ya2VkcQNzLmQwMzYzMzYyMzZjNzQwNDNjZGEwNjMyMjM1\nMjg4YjNj\n','2011-12-27 16:30:21'),('0c08dcb2b156afe20c29f333862a20f5','gAJ9cQFVCnRlc3Rjb29raWVxAlUGd29ya2VkcQNzLmQwMzYzMzYyMzZjNzQwNDNjZGEwNjMyMjM1\nMjg4YjNj\n','2011-12-27 20:17:59'),('923811cd21083cb2c7348300ff858bc3','gAJ9cQFVCnRlc3Rjb29raWVxAlUGd29ya2VkcQNzLmQwMzYzMzYyMzZjNzQwNDNjZGEwNjMyMjM1\nMjg4YjNj\n','2011-12-27 20:52:19'),('1e428c3ffe4b9e2d57b517e62bf78fe1','gAJ9cQFVCnRlc3Rjb29raWVxAlUGd29ya2VkcQNzLmQwMzYzMzYyMzZjNzQwNDNjZGEwNjMyMjM1\nMjg4YjNj\n','2011-12-28 02:25:52'),('6812baeec84b1ab34513aebd0930f6aa','gAJ9cQFVCnRlc3Rjb29raWVxAlUGd29ya2VkcQNzLmQwMzYzMzYyMzZjNzQwNDNjZGEwNjMyMjM1\nMjg4YjNj\n','2011-12-28 03:36:58'),('f982341858d2e0dcef1bf2c74ea83a79','gAJ9cQFVCnRlc3Rjb29raWVxAlUGd29ya2VkcQNzLmQwMzYzMzYyMzZjNzQwNDNjZGEwNjMyMjM1\nMjg4YjNj\n','2011-12-28 05:27:42'),('71efb8e0f0b3ac818a3ba47f0d0b0852','gAJ9cQFVCnRlc3Rjb29raWVxAlUGd29ya2VkcQNzLmQwMzYzMzYyMzZjNzQwNDNjZGEwNjMyMjM1\nMjg4YjNj\n','2011-12-29 01:24:09'),('169a4a5be2eaacd678e4eec549d0b198','gAJ9cQFVCnRlc3Rjb29raWVxAlUGd29ya2VkcQNzLmQwMzYzMzYyMzZjNzQwNDNjZGEwNjMyMjM1\nMjg4YjNj\n','2011-12-29 04:37:09'),('1a470c223cd4e4db10d3ecb92eb3f07c','gAJ9cQFVCnRlc3Rjb29raWVxAlUGd29ya2VkcQNzLmQwMzYzMzYyMzZjNzQwNDNjZGEwNjMyMjM1\nMjg4YjNj\n','2011-12-29 22:24:15'),('81b32144349368ad6de5c31bb8fdbb41','gAJ9cQFVCnRlc3Rjb29raWVxAlUGd29ya2VkcQNzLmQwMzYzMzYyMzZjNzQwNDNjZGEwNjMyMjM1\nMjg4YjNj\n','2011-12-30 11:27:07'),('7ab4d29b6328c17145435ae3a64d411c','gAJ9cQFVCnRlc3Rjb29raWVxAlUGd29ya2VkcQNzLmQwMzYzMzYyMzZjNzQwNDNjZGEwNjMyMjM1\nMjg4YjNj\n','2011-12-30 14:58:34'),('ab1ff8158737af1f73faf6d080d1b376','gAJ9cQFVCnRlc3Rjb29raWVxAlUGd29ya2VkcQNzLmQwMzYzMzYyMzZjNzQwNDNjZGEwNjMyMjM1\nMjg4YjNj\n','2011-12-30 18:02:06'),('221ed3201c3a2f06b2df1a57d5d26826','gAJ9cQFVCnRlc3Rjb29raWVxAlUGd29ya2VkcQNzLmQwMzYzMzYyMzZjNzQwNDNjZGEwNjMyMjM1\nMjg4YjNj\n','2011-12-31 08:31:05'),('287f991529e7ab5a0cc3dce0b138b666','gAJ9cQFVCnRlc3Rjb29raWVxAlUGd29ya2VkcQNzLmQwMzYzMzYyMzZjNzQwNDNjZGEwNjMyMjM1\nMjg4YjNj\n','2012-01-01 02:56:32'),('7e0b1ebd4b7f63610248fab5bac664b8','gAJ9cQFVCnRlc3Rjb29raWVxAlUGd29ya2VkcQNzLmQwMzYzMzYyMzZjNzQwNDNjZGEwNjMyMjM1\nMjg4YjNj\n','2012-01-01 06:33:12'),('a1caae8505189d8714dd194db843c181','gAJ9cQFVCnRlc3Rjb29raWVxAlUGd29ya2VkcQNzLmQwMzYzMzYyMzZjNzQwNDNjZGEwNjMyMjM1\nMjg4YjNj\n','2012-01-01 14:38:07'),('c6243c58da8da66139f7c47de18ee894','gAJ9cQFVCnRlc3Rjb29raWVxAlUGd29ya2VkcQNzLmQwMzYzMzYyMzZjNzQwNDNjZGEwNjMyMjM1\nMjg4YjNj\n','2012-01-01 21:49:23'),('51b5031a340f2048ff390d38917e257f','gAJ9cQFVCnRlc3Rjb29raWVxAlUGd29ya2VkcQNzLmQwMzYzMzYyMzZjNzQwNDNjZGEwNjMyMjM1\nMjg4YjNj\n','2012-01-02 04:56:11'),('eceed799ae4c3f25fc7b2a501f6cc301','gAJ9cQFVCnRlc3Rjb29raWVxAlUGd29ya2VkcQNzLmQwMzYzMzYyMzZjNzQwNDNjZGEwNjMyMjM1\nMjg4YjNj\n','2012-01-03 08:37:12'),('fe2e780a16de84632642ed3f541f14f8','gAJ9cQFVCnRlc3Rjb29raWVxAlUGd29ya2VkcQNzLmQwMzYzMzYyMzZjNzQwNDNjZGEwNjMyMjM1\nMjg4YjNj\n','2012-01-03 17:19:29'),('afc012732a64b85c68d22c94c2178daf','gAJ9cQFVCnRlc3Rjb29raWVxAlUGd29ya2VkcQNzLmQwMzYzMzYyMzZjNzQwNDNjZGEwNjMyMjM1\nMjg4YjNj\n','2012-01-03 18:20:01'),('2a5f1a4a836c9ff79241da6af5ff1859','gAJ9cQFVCnRlc3Rjb29raWVxAlUGd29ya2VkcQNzLmQwMzYzMzYyMzZjNzQwNDNjZGEwNjMyMjM1\nMjg4YjNj\n','2012-01-03 21:28:18'),('04c12bd99cb07804952423a8db4cc510','gAJ9cQFVCnRlc3Rjb29raWVxAlUGd29ya2VkcQNzLmQwMzYzMzYyMzZjNzQwNDNjZGEwNjMyMjM1\nMjg4YjNj\n','2012-01-04 18:13:23'),('058cf8b319596dd0259b8b9c08125467','gAJ9cQFVCnRlc3Rjb29raWVxAlUGd29ya2VkcQNzLmQwMzYzMzYyMzZjNzQwNDNjZGEwNjMyMjM1\nMjg4YjNj\n','2012-01-05 02:25:49'),('77ec5508708bb21590eff59a8c76a70c','gAJ9cQFVCnRlc3Rjb29raWVxAlUGd29ya2VkcQNzLmQwMzYzMzYyMzZjNzQwNDNjZGEwNjMyMjM1\nMjg4YjNj\n','2012-01-05 04:52:35'),('0b25a7c16bae5d69d5ccbca1a461c1c9','gAJ9cQFVCnRlc3Rjb29raWVxAlUGd29ya2VkcQNzLmQwMzYzMzYyMzZjNzQwNDNjZGEwNjMyMjM1\nMjg4YjNj\n','2012-01-08 16:14:15'),('f5d55783b101c858b00fcaa4d2be51b3','gAJ9cQFVCnRlc3Rjb29raWVxAlUGd29ya2VkcQNzLmQwMzYzMzYyMzZjNzQwNDNjZGEwNjMyMjM1\nMjg4YjNj\n','2012-01-05 19:26:22'),('7f796b6a9cd2f779a4f13f1c6ce84453','gAJ9cQFVCnRlc3Rjb29raWVxAlUGd29ya2VkcQNzLmQwMzYzMzYyMzZjNzQwNDNjZGEwNjMyMjM1\nMjg4YjNj\n','2012-01-05 21:28:29'),('bb35881f3abc4202aa82fcfd1da02562','gAJ9cQFVCnRlc3Rjb29raWVxAlUGd29ya2VkcQNzLmQwMzYzMzYyMzZjNzQwNDNjZGEwNjMyMjM1\nMjg4YjNj\n','2012-01-07 06:38:02'),('9e2202ae6047e405424a41366b9785fc','gAJ9cQFVCnRlc3Rjb29raWVxAlUGd29ya2VkcQNzLmQwMzYzMzYyMzZjNzQwNDNjZGEwNjMyMjM1\nMjg4YjNj\n','2012-01-07 07:38:25'),('09453e3ddc85dea83e1612dbb855e987','gAJ9cQFVCnRlc3Rjb29raWVxAlUGd29ya2VkcQNzLmQwMzYzMzYyMzZjNzQwNDNjZGEwNjMyMjM1\nMjg4YjNj\n','2012-01-08 09:25:59'),('92ce7c26bcb0d4b0b79af1a97dbe326f','gAJ9cQFVCnRlc3Rjb29raWVxAlUGd29ya2VkcQNzLmQwMzYzMzYyMzZjNzQwNDNjZGEwNjMyMjM1\nMjg4YjNj\n','2012-01-09 04:35:49'),('a0259ecd24e12b7dcf8dccb8c42662dd','gAJ9cQFVCnRlc3Rjb29raWVxAlUGd29ya2VkcQNzLmQwMzYzMzYyMzZjNzQwNDNjZGEwNjMyMjM1\nMjg4YjNj\n','2012-01-09 13:57:25'),('8c2708f329acc0a509f48bf2b60aa92a','gAJ9cQFVCnRlc3Rjb29raWVxAlUGd29ya2VkcQNzLmQwMzYzMzYyMzZjNzQwNDNjZGEwNjMyMjM1\nMjg4YjNj\n','2012-01-10 00:44:29'),('81ab9c59833263af9c8574eaf37f55e3','gAJ9cQFVCnRlc3Rjb29raWVxAlUGd29ya2VkcQNzLmQwMzYzMzYyMzZjNzQwNDNjZGEwNjMyMjM1\nMjg4YjNj\n','2012-01-10 18:27:11'),('7a200ae2efb1ab957e444be0a1c9ce89','gAJ9cQFVCnRlc3Rjb29raWVxAlUGd29ya2VkcQNzLmQwMzYzMzYyMzZjNzQwNDNjZGEwNjMyMjM1\nMjg4YjNj\n','2012-01-11 10:14:26'),('4db5a1d78990f044f058ca83a20236f8','gAJ9cQFVCnRlc3Rjb29raWVxAlUGd29ya2VkcQNzLmQwMzYzMzYyMzZjNzQwNDNjZGEwNjMyMjM1\nMjg4YjNj\n','2012-01-11 16:05:44'),('bff787899500ab8a96089887cdd452f8','gAJ9cQFVCnRlc3Rjb29raWVxAlUGd29ya2VkcQNzLmQwMzYzMzYyMzZjNzQwNDNjZGEwNjMyMjM1\nMjg4YjNj\n','2012-01-11 17:07:42'),('ee65c86810517c95509e48612efb7e81','gAJ9cQFVCnRlc3Rjb29raWVxAlUGd29ya2VkcQNzLmQwMzYzMzYyMzZjNzQwNDNjZGEwNjMyMjM1\nMjg4YjNj\n','2012-01-13 02:52:17'),('48eb7133d41f1855823882c5d7ca23c2','gAJ9cQEoVQljbGlwYm9hcmRxAl1xA1gDAAAAMTg1cQRhVQ1fYXV0aF91c2VyX2lkcQWKAQJVEl9h\ndXRoX3VzZXJfYmFja2VuZHEGVSlkamFuZ28uY29udHJpYi5hdXRoLmJhY2tlbmRzLk1vZGVsQmFj\na2VuZHEHVRBjbGlwYm9hcmRfYWN0aW9ucQhLAXUuYmNlZmI1ZGVlNjdhZTFhMTE4MDBhNzlmNDcw\nMjdjZmY=\n','2012-01-11 23:13:48'),('b7fe466f0be15237e8fb2e54ee265141','gAJ9cQFVCnRlc3Rjb29raWVxAlUGd29ya2VkcQNzLmQwMzYzMzYyMzZjNzQwNDNjZGEwNjMyMjM1\nMjg4YjNj\n','2012-02-03 17:57:19'),('176b2ef90c8e2aa5805d1d857ea0f91c','gAJ9cQFVCnRlc3Rjb29raWVxAlUGd29ya2VkcQNzLmQwMzYzMzYyMzZjNzQwNDNjZGEwNjMyMjM1\nMjg4YjNj\n','2012-01-12 12:23:11'),('a958082403ad1c1f6a969dd529c76caa','gAJ9cQFVCnRlc3Rjb29raWVxAlUGd29ya2VkcQNzLmQwMzYzMzYyMzZjNzQwNDNjZGEwNjMyMjM1\nMjg4YjNj\n','2012-01-13 10:17:48'),('e133f3fec999299746d5d8c74be8e0ee','gAJ9cQFVCnRlc3Rjb29raWVxAlUGd29ya2VkcQNzLmQwMzYzMzYyMzZjNzQwNDNjZGEwNjMyMjM1\nMjg4YjNj\n','2012-01-14 15:15:03'),('66d014a3d2aae27cd0bdc7111121e4bb','gAJ9cQEuODYyYjAwMDU5NzdkOTM5ZjBjODVjZmQ4YzEwNWM2ZGI=\n','2012-01-14 00:37:16'),('067e99d8845c1ffd4b072e92593bb191','gAJ9cQFVCnRlc3Rjb29raWVxAlUGd29ya2VkcQNzLmQwMzYzMzYyMzZjNzQwNDNjZGEwNjMyMjM1\nMjg4YjNj\n','2012-01-14 06:38:59'),('71e743102b1b4165c2f98df1739e2652','gAJ9cQFVCnRlc3Rjb29raWVxAlUGd29ya2VkcQNzLmQwMzYzMzYyMzZjNzQwNDNjZGEwNjMyMjM1\nMjg4YjNj\n','2012-01-14 17:54:34'),('e0826ef7c32239c8ffbab7214c5d5a9b','gAJ9cQFVCnRlc3Rjb29raWVxAlUGd29ya2VkcQNzLmQwMzYzMzYyMzZjNzQwNDNjZGEwNjMyMjM1\nMjg4YjNj\n','2012-01-15 06:25:23'),('bcc60c20adca04b8beda99f511dbaeda','gAJ9cQFVCnRlc3Rjb29raWVxAlUGd29ya2VkcQNzLmQwMzYzMzYyMzZjNzQwNDNjZGEwNjMyMjM1\nMjg4YjNj\n','2012-01-16 17:52:22'),('a6289a54f9fefb543f539408170f834b','gAJ9cQFVCnRlc3Rjb29raWVxAlUGd29ya2VkcQNzLmQwMzYzMzYyMzZjNzQwNDNjZGEwNjMyMjM1\nMjg4YjNj\n','2012-01-15 17:19:47'),('88b6b74c4ef8bbcc38de9fb0c65588f2','gAJ9cQFVCnRlc3Rjb29raWVxAlUGd29ya2VkcQNzLmQwMzYzMzYyMzZjNzQwNDNjZGEwNjMyMjM1\nMjg4YjNj\n','2012-01-16 06:32:52'),('f20ecdcdb6c5466706aa0f5c3a24502c','gAJ9cQEoVRJfYXV0aF91c2VyX2JhY2tlbmRxAlUpZGphbmdvLmNvbnRyaWIuYXV0aC5iYWNrZW5k\ncy5Nb2RlbEJhY2tlbmRxA1UNX2F1dGhfdXNlcl9pZHEEigEBdS44MTZkMzg1MDZhMDRhZDc5Yzg4\nZDc0MzNhZWNkNjBmMw==\n','2012-01-15 18:18:53'),('b61217dfbb6e75dfd872a1c576223f48','gAJ9cQFVCnRlc3Rjb29raWVxAlUGd29ya2VkcQNzLmQwMzYzMzYyMzZjNzQwNDNjZGEwNjMyMjM1\nMjg4YjNj\n','2012-01-16 10:30:10'),('b7e2888806095d3203434f6d3e2f0900','gAJ9cQFVCnRlc3Rjb29raWVxAlUGd29ya2VkcQNzLmQwMzYzMzYyMzZjNzQwNDNjZGEwNjMyMjM1\nMjg4YjNj\n','2012-01-17 00:52:59'),('88cddea4190fed1ade7a3daddf2c0788','gAJ9cQFVCnRlc3Rjb29raWVxAlUGd29ya2VkcQNzLmQwMzYzMzYyMzZjNzQwNDNjZGEwNjMyMjM1\nMjg4YjNj\n','2012-01-17 22:26:38'),('d22f06e5cc9d4490b61f22d7eb72ed07','gAJ9cQFVCnRlc3Rjb29raWVxAlUGd29ya2VkcQNzLmQwMzYzMzYyMzZjNzQwNDNjZGEwNjMyMjM1\nMjg4YjNj\n','2012-01-17 12:42:39'),('963a5d9bc68f9a70d2fef63d147cf3f1','gAJ9cQFVCnRlc3Rjb29raWVxAlUGd29ya2VkcQNzLmQwMzYzMzYyMzZjNzQwNDNjZGEwNjMyMjM1\nMjg4YjNj\n','2012-01-17 20:16:41'),('19614cafc426bd6d76809d0f36bbe7f2','gAJ9cQFVCnRlc3Rjb29raWVxAlUGd29ya2VkcQNzLmQwMzYzMzYyMzZjNzQwNDNjZGEwNjMyMjM1\nMjg4YjNj\n','2012-01-18 14:25:53'),('0ec483716f85ee8f6484e93c5fe69653','gAJ9cQFVCnRlc3Rjb29raWVxAlUGd29ya2VkcQNzLmQwMzYzMzYyMzZjNzQwNDNjZGEwNjMyMjM1\nMjg4YjNj\n','2012-01-19 11:21:05'),('86a62d366df9e4809ccccb448f431cb9','gAJ9cQFVCnRlc3Rjb29raWVxAlUGd29ya2VkcQNzLmQwMzYzMzYyMzZjNzQwNDNjZGEwNjMyMjM1\nMjg4YjNj\n','2012-01-20 16:08:48'),('18ed5ba5c87d1e94bc51d0cf578b614d','gAJ9cQFVCnRlc3Rjb29raWVxAlUGd29ya2VkcQNzLmQwMzYzMzYyMzZjNzQwNDNjZGEwNjMyMjM1\nMjg4YjNj\n','2012-01-21 00:16:30'),('d0b68e7c1ae311565b7704503bc2ab77','gAJ9cQFVCnRlc3Rjb29raWVxAlUGd29ya2VkcQNzLmQwMzYzMzYyMzZjNzQwNDNjZGEwNjMyMjM1\nMjg4YjNj\n','2012-01-24 11:11:20'),('8888a7fad35d98697faa845e93ec12bb','gAJ9cQFVCnRlc3Rjb29raWVxAlUGd29ya2VkcQNzLmQwMzYzMzYyMzZjNzQwNDNjZGEwNjMyMjM1\nMjg4YjNj\n','2012-01-21 06:24:59'),('fc2fce6ce580fa677bb7c66ad8b0ea6d','gAJ9cQFVCnRlc3Rjb29raWVxAlUGd29ya2VkcQNzLmQwMzYzMzYyMzZjNzQwNDNjZGEwNjMyMjM1\nMjg4YjNj\n','2012-01-20 22:35:36'),('6c7d19cecd6bebe342e02d0352f74b14','gAJ9cQFVCnRlc3Rjb29raWVxAlUGd29ya2VkcQNzLmQwMzYzMzYyMzZjNzQwNDNjZGEwNjMyMjM1\nMjg4YjNj\n','2012-01-21 01:10:00'),('09fa20b430719a4fc7d037c1c8b6b796','gAJ9cQEoVRJfYXV0aF91c2VyX2JhY2tlbmRxAlUpZGphbmdvLmNvbnRyaWIuYXV0aC5iYWNrZW5k\ncy5Nb2RlbEJhY2tlbmRxA1UNX2F1dGhfdXNlcl9pZHEEigEBdS44MTZkMzg1MDZhMDRhZDc5Yzg4\nZDc0MzNhZWNkNjBmMw==\n','2012-01-20 23:47:07'),('214503b6259650316d154039d08d5d0a','gAJ9cQEoVQljbGlwYm9hcmRxAl1xA1gDAAAAMjI4cQRhVQ1fYXV0aF91c2VyX2lkcQWKAQFVEl9h\ndXRoX3VzZXJfYmFja2VuZHEGVSlkamFuZ28uY29udHJpYi5hdXRoLmJhY2tlbmRzLk1vZGVsQmFj\na2VuZHEHVRBjbGlwYm9hcmRfYWN0aW9ucQhLAXUuNWQyNDExNTYxOTAzNDg4NjFhMjE1NWY3MzNk\nODJhMDM=\n','2012-01-21 02:41:32'),('3178b9790191361e4fc2c8c34d1ba4fa','gAJ9cQFVCnRlc3Rjb29raWVxAlUGd29ya2VkcQNzLmQwMzYzMzYyMzZjNzQwNDNjZGEwNjMyMjM1\nMjg4YjNj\n','2012-01-21 06:52:24'),('2c21d4bb24724f09cddede666aff87b5','gAJ9cQEoVRJfYXV0aF91c2VyX2JhY2tlbmRxAlUpZGphbmdvLmNvbnRyaWIuYXV0aC5iYWNrZW5k\ncy5Nb2RlbEJhY2tlbmRxA1UNX2F1dGhfdXNlcl9pZHEEigEBdS44MTZkMzg1MDZhMDRhZDc5Yzg4\nZDc0MzNhZWNkNjBmMw==\n','2012-01-21 01:15:43'),('f66874cbdcd4f477db0704337af0b864','gAJ9cQFVCnRlc3Rjb29raWVxAlUGd29ya2VkcQNzLmQwMzYzMzYyMzZjNzQwNDNjZGEwNjMyMjM1\nMjg4YjNj\n','2012-01-22 02:07:28'),('6e9de1ee14486c68cb1a6c5dba44b301','gAJ9cQFVCnRlc3Rjb29raWVxAlUGd29ya2VkcQNzLmQwMzYzMzYyMzZjNzQwNDNjZGEwNjMyMjM1\nMjg4YjNj\n','2012-01-22 12:45:47'),('ff4f840787a688b71a42af843dc6bda2','gAJ9cQFVCnRlc3Rjb29raWVxAlUGd29ya2VkcQNzLmQwMzYzMzYyMzZjNzQwNDNjZGEwNjMyMjM1\nMjg4YjNj\n','2012-01-22 14:26:22'),('f02cb271b22a8db23ebd699730cf407c','gAJ9cQFVCnRlc3Rjb29raWVxAlUGd29ya2VkcQNzLmQwMzYzMzYyMzZjNzQwNDNjZGEwNjMyMjM1\nMjg4YjNj\n','2012-01-22 17:46:55'),('7970a14a8d9eeea50466e86fc54ac29f','gAJ9cQFVCnRlc3Rjb29raWVxAlUGd29ya2VkcQNzLmQwMzYzMzYyMzZjNzQwNDNjZGEwNjMyMjM1\nMjg4YjNj\n','2012-01-22 19:59:07'),('eeef756b27f789ea75deab81fe447e77','gAJ9cQFVCnRlc3Rjb29raWVxAlUGd29ya2VkcQNzLmQwMzYzMzYyMzZjNzQwNDNjZGEwNjMyMjM1\nMjg4YjNj\n','2012-01-23 06:25:34'),('e64af7b790d3de13cfe49f317d170fd8','gAJ9cQFVCnRlc3Rjb29raWVxAlUGd29ya2VkcQNzLmQwMzYzMzYyMzZjNzQwNDNjZGEwNjMyMjM1\nMjg4YjNj\n','2012-01-23 12:09:10'),('34fdccd34b03419609ff039ccb741e82','gAJ9cQEuODYyYjAwMDU5NzdkOTM5ZjBjODVjZmQ4YzEwNWM2ZGI=\n','2012-01-23 18:48:51'),('b15a3843be8b37980585aa8bdf53db08','gAJ9cQFVCnRlc3Rjb29raWVxAlUGd29ya2VkcQNzLmQwMzYzMzYyMzZjNzQwNDNjZGEwNjMyMjM1\nMjg4YjNj\n','2012-01-24 02:32:49'),('8ad4ffc7c6b1306a4e9af35090529858','gAJ9cQFVCnRlc3Rjb29raWVxAlUGd29ya2VkcQNzLmQwMzYzMzYyMzZjNzQwNDNjZGEwNjMyMjM1\nMjg4YjNj\n','2012-01-24 21:04:37'),('367a46ae4af45adb855cdc40cfde9a70','gAJ9cQFVCnRlc3Rjb29raWVxAlUGd29ya2VkcQNzLmQwMzYzMzYyMzZjNzQwNDNjZGEwNjMyMjM1\nMjg4YjNj\n','2012-01-24 22:19:56'),('86349dbf49f1eb5a8fb8e00fa0a105a8','gAJ9cQFVCnRlc3Rjb29raWVxAlUGd29ya2VkcQNzLmQwMzYzMzYyMzZjNzQwNDNjZGEwNjMyMjM1\nMjg4YjNj\n','2012-01-25 08:00:11'),('47d995aa5920c03cb7adc1fa312e7f1c','gAJ9cQFVCnRlc3Rjb29raWVxAlUGd29ya2VkcQNzLmQwMzYzMzYyMzZjNzQwNDNjZGEwNjMyMjM1\nMjg4YjNj\n','2012-01-25 08:38:57'),('09590b878f3d4fccd090a48552053979','gAJ9cQFVCnRlc3Rjb29raWVxAlUGd29ya2VkcQNzLmQwMzYzMzYyMzZjNzQwNDNjZGEwNjMyMjM1\nMjg4YjNj\n','2012-02-04 15:56:10'),('5f02f2bb873aee30fd60e4f88e9d5fb3','gAJ9cQEoVRJfYXV0aF91c2VyX2JhY2tlbmRxAlUpZGphbmdvLmNvbnRyaWIuYXV0aC5iYWNrZW5k\ncy5Nb2RlbEJhY2tlbmRxA1UNX2F1dGhfdXNlcl9pZHEEigEBdS44MTZkMzg1MDZhMDRhZDc5Yzg4\nZDc0MzNhZWNkNjBmMw==\n','2012-01-25 22:08:31'),('8a618154b438380b6243eb81746ff405','gAJ9cQFVCnRlc3Rjb29raWVxAlUGd29ya2VkcQNzLmQwMzYzMzYyMzZjNzQwNDNjZGEwNjMyMjM1\nMjg4YjNj\n','2012-02-05 12:12:45'),('15f114d23a4b8cf4331e414634a7884b','gAJ9cQEuODYyYjAwMDU5NzdkOTM5ZjBjODVjZmQ4YzEwNWM2ZGI=\n','2012-01-25 22:51:55'),('bd91e359362a0eab8b1ddb1b88d990ec','gAJ9cQFVCnRlc3Rjb29raWVxAlUGd29ya2VkcQNzLmQwMzYzMzYyMzZjNzQwNDNjZGEwNjMyMjM1\nMjg4YjNj\n','2012-01-26 05:46:12'),('20ea91974a4dfb28ef72bc1df6692eda','gAJ9cQEoVRJfYXV0aF91c2VyX2JhY2tlbmRxAlUpZGphbmdvLmNvbnRyaWIuYXV0aC5iYWNrZW5k\ncy5Nb2RlbEJhY2tlbmRxA1UNX2F1dGhfdXNlcl9pZHEEigEDdS40OGMwYzAxMDljYjBkOGIzNjc3\nNzVkOGIwMGEyNGVhOA==\n','2012-01-26 17:19:28'),('1212b72b61a76095223f263820bf7b14','gAJ9cQFVCnRlc3Rjb29raWVxAlUGd29ya2VkcQNzLmQwMzYzMzYyMzZjNzQwNDNjZGEwNjMyMjM1\nMjg4YjNj\n','2012-01-26 18:22:55'),('be3530499c955332a6c044c8f09b5ed3','gAJ9cQFVCnRlc3Rjb29raWVxAlUGd29ya2VkcQNzLmQwMzYzMzYyMzZjNzQwNDNjZGEwNjMyMjM1\nMjg4YjNj\n','2012-01-27 14:41:46'),('e45fdc6e60769b203412e1e5b832adeb','gAJ9cQFVCnRlc3Rjb29raWVxAlUGd29ya2VkcQNzLmQwMzYzMzYyMzZjNzQwNDNjZGEwNjMyMjM1\nMjg4YjNj\n','2012-01-27 17:59:24'),('b6149cbda557afbcd15f5a63e15c4d58','gAJ9cQFVCnRlc3Rjb29raWVxAlUGd29ya2VkcQNzLmQwMzYzMzYyMzZjNzQwNDNjZGEwNjMyMjM1\nMjg4YjNj\n','2012-01-28 13:42:41'),('aa936b847e38f8b4bc88c58ee7ae4544','gAJ9cQFVCnRlc3Rjb29raWVxAlUGd29ya2VkcQNzLmQwMzYzMzYyMzZjNzQwNDNjZGEwNjMyMjM1\nMjg4YjNj\n','2012-01-29 12:13:28'),('f8b2d8ebee3e21e96c6ced84db73017a','gAJ9cQFVCnRlc3Rjb29raWVxAlUGd29ya2VkcQNzLmQwMzYzMzYyMzZjNzQwNDNjZGEwNjMyMjM1\nMjg4YjNj\n','2012-01-29 16:19:42'),('18486fab71d0bfb53f44de22b98b54e7','gAJ9cQFVCnRlc3Rjb29raWVxAlUGd29ya2VkcQNzLmQwMzYzMzYyMzZjNzQwNDNjZGEwNjMyMjM1\nMjg4YjNj\n','2012-01-29 22:26:44'),('4f216b4cad97b172597d282eb1cf4f84','gAJ9cQFVCnRlc3Rjb29raWVxAlUGd29ya2VkcQNzLmQwMzYzMzYyMzZjNzQwNDNjZGEwNjMyMjM1\nMjg4YjNj\n','2012-01-30 03:13:10'),('71e9dce0a6b3ae4932c9c9d1805cab6f','gAJ9cQFVCnRlc3Rjb29raWVxAlUGd29ya2VkcQNzLmQwMzYzMzYyMzZjNzQwNDNjZGEwNjMyMjM1\nMjg4YjNj\n','2012-01-30 10:34:27'),('088ba376a7afc8925fde0c2908d43cbd','gAJ9cQFVCnRlc3Rjb29raWVxAlUGd29ya2VkcQNzLmQwMzYzMzYyMzZjNzQwNDNjZGEwNjMyMjM1\nMjg4YjNj\n','2012-01-30 16:43:26'),('85168d5a082898dd0ce99cdaaaf88dcf','gAJ9cQFVCnRlc3Rjb29raWVxAlUGd29ya2VkcQNzLmQwMzYzMzYyMzZjNzQwNDNjZGEwNjMyMjM1\nMjg4YjNj\n','2012-01-31 02:02:47'),('b847ac9f28860a2b997bacd42d92bbe4','gAJ9cQFVCnRlc3Rjb29raWVxAlUGd29ya2VkcQNzLmQwMzYzMzYyMzZjNzQwNDNjZGEwNjMyMjM1\nMjg4YjNj\n','2012-01-31 19:00:21'),('c0cc2347130f16c2fdd24138b6e2d98d','gAJ9cQFVCnRlc3Rjb29raWVxAlUGd29ya2VkcQNzLmQwMzYzMzYyMzZjNzQwNDNjZGEwNjMyMjM1\nMjg4YjNj\n','2012-01-31 21:33:50'),('7fb93af1c005554e3af7242cd51e1792','gAJ9cQFVCnRlc3Rjb29raWVxAlUGd29ya2VkcQNzLmQwMzYzMzYyMzZjNzQwNDNjZGEwNjMyMjM1\nMjg4YjNj\n','2012-02-01 05:59:31'),('149a316b06c5d9c804bc85abb0252f70','gAJ9cQFVCnRlc3Rjb29raWVxAlUGd29ya2VkcQNzLmQwMzYzMzYyMzZjNzQwNDNjZGEwNjMyMjM1\nMjg4YjNj\n','2012-02-01 06:05:16'),('5a66a77a3590726a0db33036b084f2be','gAJ9cQFVCnRlc3Rjb29raWVxAlUGd29ya2VkcQNzLmQwMzYzMzYyMzZjNzQwNDNjZGEwNjMyMjM1\nMjg4YjNj\n','2012-02-02 16:09:52'),('d5d4185530fa76d0b215185b62517d54','gAJ9cQFVCnRlc3Rjb29raWVxAlUGd29ya2VkcQNzLmQwMzYzMzYyMzZjNzQwNDNjZGEwNjMyMjM1\nMjg4YjNj\n','2012-02-02 17:57:37'),('2070ff0608263eccaed2c5220443a5fe','gAJ9cQFVCnRlc3Rjb29raWVxAlUGd29ya2VkcQNzLmQwMzYzMzYyMzZjNzQwNDNjZGEwNjMyMjM1\nMjg4YjNj\n','2012-02-02 19:39:50'),('ce2de853ee52dbdb62b4c96180e49b66','gAJ9cQFVCnRlc3Rjb29raWVxAlUGd29ya2VkcQNzLmQwMzYzMzYyMzZjNzQwNDNjZGEwNjMyMjM1\nMjg4YjNj\n','2012-02-03 11:14:27'),('6dbe205d10be2e31199d21b78f083fed','gAJ9cQFVCnRlc3Rjb29raWVxAlUGd29ya2VkcQNzLmQwMzYzMzYyMzZjNzQwNDNjZGEwNjMyMjM1\nMjg4YjNj\n','2012-02-03 15:16:18'),('54ddb2bfe147f27283164200e7b85b1e','gAJ9cQEoVRJfYXV0aF91c2VyX2JhY2tlbmRxAlUpZGphbmdvLmNvbnRyaWIuYXV0aC5iYWNrZW5k\ncy5Nb2RlbEJhY2tlbmRxA1UNX2F1dGhfdXNlcl9pZHEEigECdS5lNzYwOTQ5MjlmYmE1MmUwYjVl\nNzNhYjU4MjhlOGEwZg==\n','2012-02-03 12:47:44'),('c8a72ce33672f36f48cfd53c2c7179e1','gAJ9cQFVCnRlc3Rjb29raWVxAlUGd29ya2VkcQNzLmQwMzYzMzYyMzZjNzQwNDNjZGEwNjMyMjM1\nMjg4YjNj\n','2012-02-04 19:16:20'),('0dc966b2f87b2ddf0ee5a8779ff779c2','gAJ9cQEuODYyYjAwMDU5NzdkOTM5ZjBjODVjZmQ4YzEwNWM2ZGI=\n','2012-02-05 09:47:22'),('1583ca25f782cd5605fc65852c219c94','gAJ9cQFVCnRlc3Rjb29raWVxAlUGd29ya2VkcQNzLmQwMzYzMzYyMzZjNzQwNDNjZGEwNjMyMjM1\nMjg4YjNj\n','2012-02-06 16:39:31'),('fcde532d3c568c1ca3fe76f5f0fcb7f5','gAJ9cQFVCnRlc3Rjb29raWVxAlUGd29ya2VkcQNzLmQwMzYzMzYyMzZjNzQwNDNjZGEwNjMyMjM1\nMjg4YjNj\n','2012-02-05 08:26:26'),('e62a4e6366428fd755c774c19eacf993','gAJ9cQFVCnRlc3Rjb29raWVxAlUGd29ya2VkcQNzLmQwMzYzMzYyMzZjNzQwNDNjZGEwNjMyMjM1\nMjg4YjNj\n','2012-02-16 14:40:49'),('1bc93e0b01bc6700249c25771754fe7d','gAJ9cQFVCnRlc3Rjb29raWVxAlUGd29ya2VkcQNzLmQwMzYzMzYyMzZjNzQwNDNjZGEwNjMyMjM1\nMjg4YjNj\n','2012-02-05 21:56:18'),('96b426677e1cbca42552bdb535e791c9','gAJ9cQFVCnRlc3Rjb29raWVxAlUGd29ya2VkcQNzLmQwMzYzMzYyMzZjNzQwNDNjZGEwNjMyMjM1\nMjg4YjNj\n','2012-02-06 23:19:39'),('c70f1f2906a80d20b9f2e73420738db5','gAJ9cQFVCnRlc3Rjb29raWVxAlUGd29ya2VkcQNzLmQwMzYzMzYyMzZjNzQwNDNjZGEwNjMyMjM1\nMjg4YjNj\n','2012-02-29 09:40:08'),('333b25bf0e51ed39d83b9625a772c7c8','gAJ9cQFVCnRlc3Rjb29raWVxAlUGd29ya2VkcQNzLmQwMzYzMzYyMzZjNzQwNDNjZGEwNjMyMjM1\nMjg4YjNj\n','2012-02-11 02:19:17'),('311781c6ce297a2f6452d1568612f92c','gAJ9cQFVCnRlc3Rjb29raWVxAlUGd29ya2VkcQNzLmQwMzYzMzYyMzZjNzQwNDNjZGEwNjMyMjM1\nMjg4YjNj\n','2012-02-07 15:28:11'),('99217b0c2c6284cf725c1ce876651b81','gAJ9cQFVCnRlc3Rjb29raWVxAlUGd29ya2VkcQNzLmQwMzYzMzYyMzZjNzQwNDNjZGEwNjMyMjM1\nMjg4YjNj\n','2012-02-08 04:56:32'),('a5a334ac3e166bf99b203a800e465ad4','gAJ9cQFVCnRlc3Rjb29raWVxAlUGd29ya2VkcQNzLmQwMzYzMzYyMzZjNzQwNDNjZGEwNjMyMjM1\nMjg4YjNj\n','2012-02-09 00:42:29'),('351aff7d7b7d4a568076b75fa92042aa','gAJ9cQFVCnRlc3Rjb29raWVxAlUGd29ya2VkcQNzLmQwMzYzMzYyMzZjNzQwNDNjZGEwNjMyMjM1\nMjg4YjNj\n','2012-02-09 06:31:43'),('099991c7cf9b5de06e5d9748173e52f4','gAJ9cQFVCnRlc3Rjb29raWVxAlUGd29ya2VkcQNzLmQwMzYzMzYyMzZjNzQwNDNjZGEwNjMyMjM1\nMjg4YjNj\n','2012-02-09 17:17:25'),('58f82db2eea6a9cfc76ebefeb26ac5a8','gAJ9cQFVCnRlc3Rjb29raWVxAlUGd29ya2VkcQNzLmQwMzYzMzYyMzZjNzQwNDNjZGEwNjMyMjM1\nMjg4YjNj\n','2012-02-09 17:41:34'),('347a701a2eee26ce7ba9496b35ae08ae','gAJ9cQFVCnRlc3Rjb29raWVxAlUGd29ya2VkcQNzLmQwMzYzMzYyMzZjNzQwNDNjZGEwNjMyMjM1\nMjg4YjNj\n','2012-02-10 00:39:44'),('370f20608482397fc70f43c1b93d5d18','gAJ9cQEoVRJfYXV0aF91c2VyX2JhY2tlbmRxAlUpZGphbmdvLmNvbnRyaWIuYXV0aC5iYWNrZW5k\ncy5Nb2RlbEJhY2tlbmRxA1UNX2F1dGhfdXNlcl9pZHEEigEDdS40OGMwYzAxMDljYjBkOGIzNjc3\nNzVkOGIwMGEyNGVhOA==\n','2012-02-20 19:51:03'),('225eb3f53584e0891677fce8a52abc9c','gAJ9cQFVCnRlc3Rjb29raWVxAlUGd29ya2VkcQNzLmQwMzYzMzYyMzZjNzQwNDNjZGEwNjMyMjM1\nMjg4YjNj\n','2012-02-10 13:31:51'),('cde8de2d948fd259dba7f8ae97897b3f','gAJ9cQFVCnRlc3Rjb29raWVxAlUGd29ya2VkcQNzLmQwMzYzMzYyMzZjNzQwNDNjZGEwNjMyMjM1\nMjg4YjNj\n','2012-02-11 08:31:00'),('8e0940cee5e43daab05e4091b9a3a20d','gAJ9cQFVCnRlc3Rjb29raWVxAlUGd29ya2VkcQNzLmQwMzYzMzYyMzZjNzQwNDNjZGEwNjMyMjM1\nMjg4YjNj\n','2012-02-12 00:56:07'),('8f79120772d9730c2dd969f8d1b434e2','gAJ9cQFVCnRlc3Rjb29raWVxAlUGd29ya2VkcQNzLmQwMzYzMzYyMzZjNzQwNDNjZGEwNjMyMjM1\nMjg4YjNj\n','2012-02-12 11:37:30'),('489105f19fce766d26d79d8d8c39aec9','gAJ9cQFVCnRlc3Rjb29raWVxAlUGd29ya2VkcQNzLmQwMzYzMzYyMzZjNzQwNDNjZGEwNjMyMjM1\nMjg4YjNj\n','2012-02-13 09:51:09'),('da945446e4a7523b7334e7d672f44a19','gAJ9cQFVCnRlc3Rjb29raWVxAlUGd29ya2VkcQNzLmQwMzYzMzYyMzZjNzQwNDNjZGEwNjMyMjM1\nMjg4YjNj\n','2012-02-14 08:54:10'),('f948838a3449ed6554cf5dd2cc31c36a','gAJ9cQFVCnRlc3Rjb29raWVxAlUGd29ya2VkcQNzLmQwMzYzMzYyMzZjNzQwNDNjZGEwNjMyMjM1\nMjg4YjNj\n','2012-02-14 11:08:14'),('4f8bf965a12c22b3b5d1da1bf060454d','gAJ9cQFVCnRlc3Rjb29raWVxAlUGd29ya2VkcQNzLmQwMzYzMzYyMzZjNzQwNDNjZGEwNjMyMjM1\nMjg4YjNj\n','2012-02-14 23:31:00'),('597fa7ed792d16debad4a7d0c297d9ed','gAJ9cQFVCnRlc3Rjb29raWVxAlUGd29ya2VkcQNzLmQwMzYzMzYyMzZjNzQwNDNjZGEwNjMyMjM1\nMjg4YjNj\n','2012-02-15 08:17:42'),('625014b1b174a01cf1263445fd9a505c','gAJ9cQFVCnRlc3Rjb29raWVxAlUGd29ya2VkcQNzLmQwMzYzMzYyMzZjNzQwNDNjZGEwNjMyMjM1\nMjg4YjNj\n','2012-02-15 10:08:43'),('ba573886e892668b26736cbccf508ae6','gAJ9cQFVCnRlc3Rjb29raWVxAlUGd29ya2VkcQNzLmQwMzYzMzYyMzZjNzQwNDNjZGEwNjMyMjM1\nMjg4YjNj\n','2012-02-16 06:45:56'),('5aa2f313b4c8f8a436f13463f998ed4a','gAJ9cQEoVRJfYXV0aF91c2VyX2JhY2tlbmRxAlUpZGphbmdvLmNvbnRyaWIuYXV0aC5iYWNrZW5k\ncy5Nb2RlbEJhY2tlbmRxA1UNX2F1dGhfdXNlcl9pZHEEigEBdS44MTZkMzg1MDZhMDRhZDc5Yzg4\nZDc0MzNhZWNkNjBmMw==\n','2012-02-16 10:50:40'),('58f93603152871eb5dd0d38e82ab749d','gAJ9cQFVCnRlc3Rjb29raWVxAlUGd29ya2VkcQNzLmQwMzYzMzYyMzZjNzQwNDNjZGEwNjMyMjM1\nMjg4YjNj\n','2012-02-17 15:07:49'),('9c2b9302e9c1afe3348a4ba6cb0311e2','gAJ9cQEoVRJfYXV0aF91c2VyX2JhY2tlbmRxAlUpZGphbmdvLmNvbnRyaWIuYXV0aC5iYWNrZW5k\ncy5Nb2RlbEJhY2tlbmRxA1UNX2F1dGhfdXNlcl9pZHEEigECdS5lNzYwOTQ5MjlmYmE1MmUwYjVl\nNzNhYjU4MjhlOGEwZg==\n','2012-02-17 15:01:21'),('149e256686e4308874ee2b379d3e87b5','gAJ9cQFVCnRlc3Rjb29raWVxAlUGd29ya2VkcQNzLmQwMzYzMzYyMzZjNzQwNDNjZGEwNjMyMjM1\nMjg4YjNj\n','2012-02-17 16:21:31'),('671166a0598775a3b76c01244c662ce7','gAJ9cQFVCnRlc3Rjb29raWVxAlUGd29ya2VkcQNzLmQwMzYzMzYyMzZjNzQwNDNjZGEwNjMyMjM1\nMjg4YjNj\n','2012-02-17 16:21:39'),('1d02161c6c7b05bd4764739b2e8244f5','gAJ9cQFVCnRlc3Rjb29raWVxAlUGd29ya2VkcQNzLmQwMzYzMzYyMzZjNzQwNDNjZGEwNjMyMjM1\nMjg4YjNj\n','2012-02-17 16:21:51'),('6f4ec88e656537d90b33f22125d4ca06','gAJ9cQFVCnRlc3Rjb29raWVxAlUGd29ya2VkcQNzLmQwMzYzMzYyMzZjNzQwNDNjZGEwNjMyMjM1\nMjg4YjNj\n','2012-02-17 16:39:00'),('69650bd65af4ece427a6c943001a75d0','gAJ9cQFVCnRlc3Rjb29raWVxAlUGd29ya2VkcQNzLmQwMzYzMzYyMzZjNzQwNDNjZGEwNjMyMjM1\nMjg4YjNj\n','2012-02-17 19:27:47'),('6e5a2e5469fbf53d742df3935213ce77','gAJ9cQFVCnRlc3Rjb29raWVxAlUGd29ya2VkcQNzLmQwMzYzMzYyMzZjNzQwNDNjZGEwNjMyMjM1\nMjg4YjNj\n','2012-02-18 12:11:33'),('49834886797e814be0eb1376b1bc4c28','gAJ9cQFVCnRlc3Rjb29raWVxAlUGd29ya2VkcQNzLmQwMzYzMzYyMzZjNzQwNDNjZGEwNjMyMjM1\nMjg4YjNj\n','2012-02-18 12:40:11'),('9b9651ee9995163a42e2c78a909c4fd2','gAJ9cQFVCnRlc3Rjb29raWVxAlUGd29ya2VkcQNzLmQwMzYzMzYyMzZjNzQwNDNjZGEwNjMyMjM1\nMjg4YjNj\n','2012-02-18 14:39:47'),('765e5aab6d9299720a6afa8632411cf6','gAJ9cQFVCnRlc3Rjb29raWVxAlUGd29ya2VkcQNzLmQwMzYzMzYyMzZjNzQwNDNjZGEwNjMyMjM1\nMjg4YjNj\n','2012-02-18 16:25:51'),('040840515d48db979832c778b7e8f835','gAJ9cQFVCnRlc3Rjb29raWVxAlUGd29ya2VkcQNzLmQwMzYzMzYyMzZjNzQwNDNjZGEwNjMyMjM1\nMjg4YjNj\n','2012-02-19 00:38:24'),('6e87dd4cd66e385691cafc0fc73ff247','gAJ9cQFVCnRlc3Rjb29raWVxAlUGd29ya2VkcQNzLmQwMzYzMzYyMzZjNzQwNDNjZGEwNjMyMjM1\nMjg4YjNj\n','2012-02-19 11:59:17'),('3adb8caa64050ec7a8cde1a5f2ab92d9','gAJ9cQEuODYyYjAwMDU5NzdkOTM5ZjBjODVjZmQ4YzEwNWM2ZGI=\n','2012-02-28 22:02:52'),('0394302f99ac4095eda3ac3c02181f44','gAJ9cQFVCnRlc3Rjb29raWVxAlUGd29ya2VkcQNzLmQwMzYzMzYyMzZjNzQwNDNjZGEwNjMyMjM1\nMjg4YjNj\n','2012-02-20 10:15:59'),('b9078391fa558b3940cf936a0fb8e628','gAJ9cQFVCnRlc3Rjb29raWVxAlUGd29ya2VkcQNzLmQwMzYzMzYyMzZjNzQwNDNjZGEwNjMyMjM1\nMjg4YjNj\n','2012-02-20 16:07:42'),('13289ee4766d828b54e2e4c7af2d72fc','gAJ9cQFVCnRlc3Rjb29raWVxAlUGd29ya2VkcQNzLmQwMzYzMzYyMzZjNzQwNDNjZGEwNjMyMjM1\nMjg4YjNj\n','2012-02-20 21:35:10'),('c9a556aab96f220c80167c84f995150c','gAJ9cQFVCnRlc3Rjb29raWVxAlUGd29ya2VkcQNzLmQwMzYzMzYyMzZjNzQwNDNjZGEwNjMyMjM1\nMjg4YjNj\n','2012-02-20 23:51:59'),('aeaccd40ea74719b7e6a5a3bf3f7d9b9','gAJ9cQFVCnRlc3Rjb29raWVxAlUGd29ya2VkcQNzLmQwMzYzMzYyMzZjNzQwNDNjZGEwNjMyMjM1\nMjg4YjNj\n','2012-02-21 07:57:22'),('3a73ff1823ba2156874f839be33a710c','gAJ9cQFVCnRlc3Rjb29raWVxAlUGd29ya2VkcQNzLmQwMzYzMzYyMzZjNzQwNDNjZGEwNjMyMjM1\nMjg4YjNj\n','2012-02-22 04:53:10'),('869d6831511d9f6c9a6349b0adad7ced','gAJ9cQFVCnRlc3Rjb29raWVxAlUGd29ya2VkcQNzLmQwMzYzMzYyMzZjNzQwNDNjZGEwNjMyMjM1\nMjg4YjNj\n','2012-02-22 12:00:52'),('6f327b60aeac902a24b9ac0123a3140c','gAJ9cQFVCnRlc3Rjb29raWVxAlUGd29ya2VkcQNzLmQwMzYzMzYyMzZjNzQwNDNjZGEwNjMyMjM1\nMjg4YjNj\n','2012-02-22 15:40:37'),('b4f10f8f081bc5adc60ec95315e10a4c','gAJ9cQFVCnRlc3Rjb29raWVxAlUGd29ya2VkcQNzLmQwMzYzMzYyMzZjNzQwNDNjZGEwNjMyMjM1\nMjg4YjNj\n','2012-02-22 17:52:23'),('0f35a34f3ca7eac842aa724aae9b2d1c','gAJ9cQFVCnRlc3Rjb29raWVxAlUGd29ya2VkcQNzLmQwMzYzMzYyMzZjNzQwNDNjZGEwNjMyMjM1\nMjg4YjNj\n','2012-02-22 22:12:44'),('e71716377d14055abef1dca1505c7246','gAJ9cQFVCnRlc3Rjb29raWVxAlUGd29ya2VkcQNzLmQwMzYzMzYyMzZjNzQwNDNjZGEwNjMyMjM1\nMjg4YjNj\n','2012-02-23 02:32:30'),('ff54cf4f3d804896de15f645839891d8','gAJ9cQFVCnRlc3Rjb29raWVxAlUGd29ya2VkcQNzLmQwMzYzMzYyMzZjNzQwNDNjZGEwNjMyMjM1\nMjg4YjNj\n','2012-02-23 11:00:00'),('9fccbd02578fc70cc3474fb5a3780d2d','gAJ9cQFVCnRlc3Rjb29raWVxAlUGd29ya2VkcQNzLmQwMzYzMzYyMzZjNzQwNDNjZGEwNjMyMjM1\nMjg4YjNj\n','2012-02-23 14:52:58'),('78372c5528e376a8fe9792946c6f448f','gAJ9cQFVCnRlc3Rjb29raWVxAlUGd29ya2VkcQNzLmQwMzYzMzYyMzZjNzQwNDNjZGEwNjMyMjM1\nMjg4YjNj\n','2012-02-23 17:39:55'),('e10591f98701d430bc7dbadce452146c','gAJ9cQFVCnRlc3Rjb29raWVxAlUGd29ya2VkcQNzLmQwMzYzMzYyMzZjNzQwNDNjZGEwNjMyMjM1\nMjg4YjNj\n','2012-02-24 01:49:47'),('f7dc8b5a1f08f16f9188c3a90d4a69e1','gAJ9cQFVCnRlc3Rjb29raWVxAlUGd29ya2VkcQNzLmQwMzYzMzYyMzZjNzQwNDNjZGEwNjMyMjM1\nMjg4YjNj\n','2012-02-24 09:35:29'),('da9ef3b41147fa4e52a6b9242de187da','gAJ9cQFVCnRlc3Rjb29raWVxAlUGd29ya2VkcQNzLmQwMzYzMzYyMzZjNzQwNDNjZGEwNjMyMjM1\nMjg4YjNj\n','2012-02-24 22:02:59'),('b68d0eff5edbc0edb550b3cb43e93dce','gAJ9cQFVCnRlc3Rjb29raWVxAlUGd29ya2VkcQNzLmQwMzYzMzYyMzZjNzQwNDNjZGEwNjMyMjM1\nMjg4YjNj\n','2012-02-25 02:48:19'),('8f89c7122a73f4d723423b58ac636ffb','gAJ9cQFVCnRlc3Rjb29raWVxAlUGd29ya2VkcQNzLmQwMzYzMzYyMzZjNzQwNDNjZGEwNjMyMjM1\nMjg4YjNj\n','2012-02-25 07:52:53'),('9151534e1573459b09d3187065145863','gAJ9cQFVCnRlc3Rjb29raWVxAlUGd29ya2VkcQNzLmQwMzYzMzYyMzZjNzQwNDNjZGEwNjMyMjM1\nMjg4YjNj\n','2012-02-25 09:12:52'),('bd64db22e3e5a20b539f3b2e514e8d6b','gAJ9cQFVCnRlc3Rjb29raWVxAlUGd29ya2VkcQNzLmQwMzYzMzYyMzZjNzQwNDNjZGEwNjMyMjM1\nMjg4YjNj\n','2012-02-26 06:30:22'),('1a4e89b02ac9c3022e129e365627904c','gAJ9cQFVCnRlc3Rjb29raWVxAlUGd29ya2VkcQNzLmQwMzYzMzYyMzZjNzQwNDNjZGEwNjMyMjM1\nMjg4YjNj\n','2012-02-26 07:00:27'),('d24e7d4fddb7ba45cb3e0d497b3ce0c5','gAJ9cQFVCnRlc3Rjb29raWVxAlUGd29ya2VkcQNzLmQwMzYzMzYyMzZjNzQwNDNjZGEwNjMyMjM1\nMjg4YjNj\n','2012-02-26 19:28:10'),('e54f74dc74f624abf44f74f61ca60d6d','gAJ9cQFVCnRlc3Rjb29raWVxAlUGd29ya2VkcQNzLmQwMzYzMzYyMzZjNzQwNDNjZGEwNjMyMjM1\nMjg4YjNj\n','2012-02-27 04:32:48'),('dce64fcbc942611fe9885611d1d2ff94','gAJ9cQFVCnRlc3Rjb29raWVxAlUGd29ya2VkcQNzLmQwMzYzMzYyMzZjNzQwNDNjZGEwNjMyMjM1\nMjg4YjNj\n','2012-02-27 11:17:16'),('589322de8c75a782610be1f0d5825f43','gAJ9cQFVCnRlc3Rjb29raWVxAlUGd29ya2VkcQNzLmQwMzYzMzYyMzZjNzQwNDNjZGEwNjMyMjM1\nMjg4YjNj\n','2012-02-27 14:09:47'),('0669df17965b1cc1a4cfb8899df2f898','gAJ9cQFVCnRlc3Rjb29raWVxAlUGd29ya2VkcQNzLmQwMzYzMzYyMzZjNzQwNDNjZGEwNjMyMjM1\nMjg4YjNj\n','2012-02-27 23:55:46'),('e49e5f4e0397a9febf1a32757beb0606','gAJ9cQFVCnRlc3Rjb29raWVxAlUGd29ya2VkcQNzLmQwMzYzMzYyMzZjNzQwNDNjZGEwNjMyMjM1\nMjg4YjNj\n','2012-02-28 10:18:58'),('4d8e106e85b1741f2e48bf32d973aeb2','gAJ9cQFVCnRlc3Rjb29raWVxAlUGd29ya2VkcQNzLmQwMzYzMzYyMzZjNzQwNDNjZGEwNjMyMjM1\nMjg4YjNj\n','2012-02-28 15:54:24'),('58bee9006caeadc7006da799182e835d','gAJ9cQFVCnRlc3Rjb29raWVxAlUGd29ya2VkcQNzLmQwMzYzMzYyMzZjNzQwNDNjZGEwNjMyMjM1\nMjg4YjNj\n','2012-02-29 17:06:32'),('bee54d3eb9b25964229e969dfaac9056','gAJ9cQFVCnRlc3Rjb29raWVxAlUGd29ya2VkcQNzLmQwMzYzMzYyMzZjNzQwNDNjZGEwNjMyMjM1\nMjg4YjNj\n','2012-03-09 06:46:46'),('3569245d2e2d4e34de9829d5722f15dc','gAJ9cQEoVRJfYXV0aF91c2VyX2JhY2tlbmRxAlUpZGphbmdvLmNvbnRyaWIuYXV0aC5iYWNrZW5k\ncy5Nb2RlbEJhY2tlbmRxA1UNX2F1dGhfdXNlcl9pZHEEigEBdS44MTZkMzg1MDZhMDRhZDc5Yzg4\nZDc0MzNhZWNkNjBmMw==\n','2012-03-08 15:51:21'),('e9dbd853e4ba4a9b8966be60c38f140c','gAJ9cQFVCnRlc3Rjb29raWVxAlUGd29ya2VkcQNzLmQwMzYzMzYyMzZjNzQwNDNjZGEwNjMyMjM1\nMjg4YjNj\n','2012-02-29 22:04:07'),('e3a36c6a89b61e9cf336ac8fe6b8b67f','gAJ9cQFVCnRlc3Rjb29raWVxAlUGd29ya2VkcQNzLmQwMzYzMzYyMzZjNzQwNDNjZGEwNjMyMjM1\nMjg4YjNj\n','2012-03-01 09:38:20'),('366b4e31de52494cb6365377a53a42bd','gAJ9cQFVCnRlc3Rjb29raWVxAlUGd29ya2VkcQNzLmQwMzYzMzYyMzZjNzQwNDNjZGEwNjMyMjM1\nMjg4YjNj\n','2012-03-02 14:31:16'),('66ccd42e4e98c9f197b550b852ef5361','gAJ9cQFVCnRlc3Rjb29raWVxAlUGd29ya2VkcQNzLmQwMzYzMzYyMzZjNzQwNDNjZGEwNjMyMjM1\nMjg4YjNj\n','2012-03-02 23:06:17'),('81641c0af2b3b966c14546ea60d55880','gAJ9cQFVCnRlc3Rjb29raWVxAlUGd29ya2VkcQNzLmQwMzYzMzYyMzZjNzQwNDNjZGEwNjMyMjM1\nMjg4YjNj\n','2012-03-03 11:08:13'),('f9adaf33c27959ea6938d8d407158f80','gAJ9cQFVCnRlc3Rjb29raWVxAlUGd29ya2VkcQNzLmQwMzYzMzYyMzZjNzQwNDNjZGEwNjMyMjM1\nMjg4YjNj\n','2012-03-03 15:02:50'),('a89a919cfce792622d15383a3468d462','gAJ9cQFVCnRlc3Rjb29raWVxAlUGd29ya2VkcQNzLmQwMzYzMzYyMzZjNzQwNDNjZGEwNjMyMjM1\nMjg4YjNj\n','2012-03-04 00:25:30'),('0670fbe4f39cb744c99758e82480c3b5','gAJ9cQFVCnRlc3Rjb29raWVxAlUGd29ya2VkcQNzLmQwMzYzMzYyMzZjNzQwNDNjZGEwNjMyMjM1\nMjg4YjNj\n','2012-03-04 05:02:26'),('3f922a1c17e960322038a5a47c456c65','gAJ9cQFVCnRlc3Rjb29raWVxAlUGd29ya2VkcQNzLmQwMzYzMzYyMzZjNzQwNDNjZGEwNjMyMjM1\nMjg4YjNj\n','2012-03-04 08:11:32'),('7597e65da91a1f899391b430ff764d42','gAJ9cQFVCnRlc3Rjb29raWVxAlUGd29ya2VkcQNzLmQwMzYzMzYyMzZjNzQwNDNjZGEwNjMyMjM1\nMjg4YjNj\n','2012-03-05 08:54:12'),('f498003148e5b0b0f87a4e9b35b79a5a','gAJ9cQFVCnRlc3Rjb29raWVxAlUGd29ya2VkcQNzLmQwMzYzMzYyMzZjNzQwNDNjZGEwNjMyMjM1\nMjg4YjNj\n','2012-03-06 06:43:13'),('10a787a4c5166d1dfaf679b3d95b265b','gAJ9cQFVCnRlc3Rjb29raWVxAlUGd29ya2VkcQNzLmQwMzYzMzYyMzZjNzQwNDNjZGEwNjMyMjM1\nMjg4YjNj\n','2012-03-06 10:06:59'),('79ff36b374e9f1d7a6897fd8c4bb9c51','gAJ9cQFVCnRlc3Rjb29raWVxAlUGd29ya2VkcQNzLmQwMzYzMzYyMzZjNzQwNDNjZGEwNjMyMjM1\nMjg4YjNj\n','2012-03-07 06:52:21'),('a8b8eb3dfad8f7ce17f97ba9d957b67a','gAJ9cQEoVQljbGlwYm9hcmRxAl1xA1gDAAAAMTk2cQRhVRJfYXV0aF91c2VyX2JhY2tlbmRxBVUp\nZGphbmdvLmNvbnRyaWIuYXV0aC5iYWNrZW5kcy5Nb2RlbEJhY2tlbmRxBlUNX2F1dGhfdXNlcl9p\nZHEHigEDVRBjbGlwYm9hcmRfYWN0aW9ucQhLAXUuZTkzODA1YzA4Njg4OWE4M2M4ODk3MTcxZDFl\nNzdkZjA=\n','2012-03-08 16:23:18'),('f543833f0c8e8f09f6a54d128294d52a','gAJ9cQFVCnRlc3Rjb29raWVxAlUGd29ya2VkcQNzLmQwMzYzMzYyMzZjNzQwNDNjZGEwNjMyMjM1\nMjg4YjNj\n','2012-03-07 12:42:33'),('01b3cabe226140d5bdde78d536343754','gAJ9cQFVCnRlc3Rjb29raWVxAlUGd29ya2VkcQNzLmQwMzYzMzYyMzZjNzQwNDNjZGEwNjMyMjM1\nMjg4YjNj\n','2012-03-08 12:16:12'),('4f575f16add8fc342955e89669624d4f','gAJ9cQFVCnRlc3Rjb29raWVxAlUGd29ya2VkcQNzLmQwMzYzMzYyMzZjNzQwNDNjZGEwNjMyMjM1\nMjg4YjNj\n','2012-03-08 13:40:30'),('b0fa39845b2e6e3ce5eb128920f70d28','gAJ9cQFVCnRlc3Rjb29raWVxAlUGd29ya2VkcQNzLmQwMzYzMzYyMzZjNzQwNDNjZGEwNjMyMjM1\nMjg4YjNj\n','2012-03-08 14:42:48'),('ffc1d89cffd9b05581b4de4b0340dfae','gAJ9cQFVCnRlc3Rjb29raWVxAlUGd29ya2VkcQNzLmQwMzYzMzYyMzZjNzQwNDNjZGEwNjMyMjM1\nMjg4YjNj\n','2012-03-09 22:15:46'),('b4f965d5fca032120c09a7b654b903f3','gAJ9cQFVCnRlc3Rjb29raWVxAlUGd29ya2VkcQNzLmQwMzYzMzYyMzZjNzQwNDNjZGEwNjMyMjM1\nMjg4YjNj\n','2012-03-10 00:29:09'),('a7804d224af49a1fc2855897463f2000','gAJ9cQFVCnRlc3Rjb29raWVxAlUGd29ya2VkcQNzLmQwMzYzMzYyMzZjNzQwNDNjZGEwNjMyMjM1\nMjg4YjNj\n','2012-03-10 08:39:44'),('3317c9f255486f4b702dfa7e6d9dca19','gAJ9cQFVCnRlc3Rjb29raWVxAlUGd29ya2VkcQNzLmQwMzYzMzYyMzZjNzQwNDNjZGEwNjMyMjM1\nMjg4YjNj\n','2012-03-11 02:04:08'),('213c7bd7f47ae609940ac4bc04dadb8a','gAJ9cQFVCnRlc3Rjb29raWVxAlUGd29ya2VkcQNzLmQwMzYzMzYyMzZjNzQwNDNjZGEwNjMyMjM1\nMjg4YjNj\n','2012-03-11 20:13:02'),('ad825ec7803b1d34ed537effeaf6c17e','gAJ9cQFVCnRlc3Rjb29raWVxAlUGd29ya2VkcQNzLmQwMzYzMzYyMzZjNzQwNDNjZGEwNjMyMjM1\nMjg4YjNj\n','2012-03-12 08:11:00'),('6daf64f54a931511adb3f584bc54cb26','gAJ9cQFVCnRlc3Rjb29raWVxAlUGd29ya2VkcQNzLmQwMzYzMzYyMzZjNzQwNDNjZGEwNjMyMjM1\nMjg4YjNj\n','2012-03-12 23:17:14'),('f48454dad32eba0719bb0d387833f0d7','gAJ9cQFVCnRlc3Rjb29raWVxAlUGd29ya2VkcQNzLmQwMzYzMzYyMzZjNzQwNDNjZGEwNjMyMjM1\nMjg4YjNj\n','2012-03-13 00:01:11'),('25f3c73d01b801daebe50d374e4b1b8e','gAJ9cQFVCnRlc3Rjb29raWVxAlUGd29ya2VkcQNzLmQwMzYzMzYyMzZjNzQwNDNjZGEwNjMyMjM1\nMjg4YjNj\n','2012-03-13 09:09:54'),('b0c1ab48d8738a84be349eebcb0d2912','gAJ9cQFVCnRlc3Rjb29raWVxAlUGd29ya2VkcQNzLmQwMzYzMzYyMzZjNzQwNDNjZGEwNjMyMjM1\nMjg4YjNj\n','2012-03-14 14:33:24'),('8600d2617c3d0d85066181829ba4035f','gAJ9cQFVCnRlc3Rjb29raWVxAlUGd29ya2VkcQNzLmQwMzYzMzYyMzZjNzQwNDNjZGEwNjMyMjM1\nMjg4YjNj\n','2012-03-14 15:05:11'),('0bf08809051148b71fc2a9ce14f23f2c','gAJ9cQFVCnRlc3Rjb29raWVxAlUGd29ya2VkcQNzLmQwMzYzMzYyMzZjNzQwNDNjZGEwNjMyMjM1\nMjg4YjNj\n','2012-03-14 20:02:54'),('71308471c73cf5407c4e7aa33cd8f75d','gAJ9cQFVCnRlc3Rjb29raWVxAlUGd29ya2VkcQNzLmQwMzYzMzYyMzZjNzQwNDNjZGEwNjMyMjM1\nMjg4YjNj\n','2012-03-15 01:58:50'),('523260731771ac8fbfac122a40f4e50b','gAJ9cQFVCnRlc3Rjb29raWVxAlUGd29ya2VkcQNzLmQwMzYzMzYyMzZjNzQwNDNjZGEwNjMyMjM1\nMjg4YjNj\n','2012-03-15 09:40:46');
/*!40000 ALTER TABLE `django_session` ENABLE KEYS */;
UNLOCK TABLES;

--
-- Table structure for table `django_site`
--

DROP TABLE IF EXISTS `django_site`;
CREATE TABLE `django_site` (
  `id` int(11) NOT NULL auto_increment,
  `domain` varchar(100) NOT NULL default '',
  `name` varchar(50) NOT NULL default '',
  PRIMARY KEY  (`id`)
) ENGINE=MyISAM AUTO_INCREMENT=2 DEFAULT CHARSET=cp1251;

--
-- Dumping data for table `django_site`
--

LOCK TABLES `django_site` WRITE;
/*!40000 ALTER TABLE `django_site` DISABLE KEYS */;
INSERT INTO `django_site` VALUES (1,'kidness.ru','kidness.ru');
/*!40000 ALTER TABLE `django_site` ENABLE KEYS */;
UNLOCK TABLES;

--
-- Table structure for table `kidness_portlets_slideshowportlet`
--

DROP TABLE IF EXISTS `kidness_portlets_slideshowportlet`;
CREATE TABLE `kidness_portlets_slideshowportlet` (
  `id` int(11) NOT NULL auto_increment,
  `title` varchar(100) NOT NULL default '',
  `tags` varchar(100) NOT NULL default '',
  `interval` int(11) NOT NULL default '0',
  `random` tinyint(1) NOT NULL default '0',
  `has_all_tags` tinyint(1) NOT NULL default '0',
  PRIMARY KEY  (`id`)
) ENGINE=MyISAM AUTO_INCREMENT=3 DEFAULT CHARSET=cp1251;

--
-- Dumping data for table `kidness_portlets_slideshowportlet`
--

LOCK TABLES `kidness_portlets_slideshowportlet` WRITE;
/*!40000 ALTER TABLE `kidness_portlets_slideshowportlet` DISABLE KEYS */;
INSERT INTO `kidness_portlets_slideshowportlet` VALUES (1,'','promo_massaj,promo_Fitness_do3let,promo_dance,promo_uoga,promo_edinobors, promo_seminar, promo_kyrsi',5,0,0),(2,'','promo_uogamam,',0,0,0);
/*!40000 ALTER TABLE `kidness_portlets_slideshowportlet` ENABLE KEYS */;
UNLOCK TABLES;

--
-- Table structure for table `kidness_portlets_textblockportlet`
--

DROP TABLE IF EXISTS `kidness_portlets_textblockportlet`;
CREATE TABLE `kidness_portlets_textblockportlet` (
  `id` int(11) NOT NULL auto_increment,
  `title` varchar(100) NOT NULL default '',
  `tags` varchar(100) NOT NULL default '',
  `random` tinyint(1) NOT NULL default '0',
  `show_more` tinyint(1) NOT NULL default '0',
  `has_all_tags` tinyint(1) NOT NULL default '0',
  PRIMARY KEY  (`id`)
) ENGINE=MyISAM AUTO_INCREMENT=59 DEFAULT CHARSET=cp1251;

--
-- Dumping data for table `kidness_portlets_textblockportlet`
--

LOCK TABLES `kidness_portlets_textblockportlet` WRITE;
/*!40000 ALTER TABLE `kidness_portlets_textblockportlet` DISABLE KEYS */;
INSERT INTO `kidness_portlets_textblockportlet` VALUES (3,'','тэг_команда, тэг_здоровье',0,0,0),(31,'','vkontakte,',0,0,0),(5,'','тэг_здоровье, тэг_взрослый, тэг_дышите, тэг_ждите, тэг_центр,',1,0,0),(29,'','vkontakte,',0,0,0),(30,'','vkontakte,',0,0,0),(6,'','тэг_центр,',0,0,0),(8,'','тэг_команда, тэг_центр, тэг_новое,',1,0,0),(9,'','тэг_здоровье, тэг_новое, тэг_качество, тэг_контроль, тэг_выходной, тэг_любопытство, тэг_играть,',0,0,0),(10,'','тэг_здоровье, тэг_новое, тэг_качество, тэг_контроль, тэг_выходной, тэг_любопытство, тэг_играть,',1,0,0),(11,'','тэг_здоровье, тэг_центр, тэг_взрослый, тэг_играть, тэг_танцуй,',1,0,0),(28,'','vkontakte,',0,0,0),(12,'','тэг_здоровье, тэг_центр, тэг_взрослый, тэг_играть, тэг_танцуй,',1,0,0),(13,'','тэг_здоровье, тэг_центр, тэг_взрослый, тэг_играть, тэг_танцуй,',1,0,0),(14,'','тэг_здоровье, тэг_центр, тэг_взрослый, тэг_играть, тэг_танцуй,',1,0,0),(15,'','тэг_здоровье, тэг_центр, тэг_взрослый, тэг_играть,',1,0,0),(16,'','тэг_здоровье, тэг_центр, тэг_взрослый, тэг_играть,',1,0,0),(17,'','тэг_друзья,',0,0,0),(26,'','vkontakte',0,0,0),(27,'','vkontakte,',0,0,0),(25,'','vkontakte,',0,0,0),(20,'','vkontakte,',0,0,0),(24,'','vkontakte,',0,0,0),(22,'','тэг_здоровье, тэг_качество, тэг_новое, тэг_играть, тэг_центр, тэг_взрослый, тэг_общение, тэг_команда',1,0,0),(32,'','vkontakte,',0,0,0),(33,'','vkontakte,',0,0,0),(34,'','vkontakte,',0,0,0),(35,'','vkontakte,',0,0,0),(36,'','vkontakte,',0,0,0),(37,'','vkontakte,',0,0,0),(38,'','vkontakte,',0,0,0),(39,'','vkontakte,',0,0,0),(40,'','video_pregnant,',0,0,0),(41,'','тэг_здоровье, тэг_центр, тэг_взрослый, тэг_играть, тэг_танцуй,',1,0,0),(42,'','vkontakte,',0,0,0),(43,'','тэг_здоровье, тэг_центр, тэг_взрослый, тэг_играть,',1,0,0),(44,'','vkontakte,',0,0,0),(45,'','тэг_здоровье, тэг_центр, тэг_взрослый, тэг_играть,',1,0,0),(46,'','vkontakte,',0,0,0),(47,'','тэг_здоровье, тэг_взрослый, тэг_дышите, тэг_ждите, тэг_центр,',1,0,0),(49,'','vkontakte,',0,0,0),(50,'','тэг_здоровье, тэг_центр, тэг_взрослый, тэг_играть, тэг_танцуй,',1,0,0),(51,'','vkontakte,',0,0,0),(52,'','тэг_здоровье, тэг_центр, тэг_взрослый, тэг_играть, тэг_танцуй,',1,0,0),(53,'','vkontakte,',0,0,0),(54,'','тэг_здоровье, тэг_новое, тэг_качество, тэг_контроль, тэг_выходной, тэг_любопытство, тэг_играть,',1,0,0),(55,'','vkontakte,',0,0,0),(56,'','тэг_здоровье, тэг_новое, тэг_качество, тэг_контроль, тэг_выходной, тэг_любопытство, тэг_играть,',1,0,0),(57,'','vkontakte,',0,0,0);
/*!40000 ALTER TABLE `kidness_portlets_textblockportlet` ENABLE KEYS */;
UNLOCK TABLES;

--
-- Table structure for table `lfc_application`
--

DROP TABLE IF EXISTS `lfc_application`;
CREATE TABLE `lfc_application` (
  `id` int(11) NOT NULL auto_increment,
  `name` varchar(100) NOT NULL default '',
  PRIMARY KEY  (`id`),
  UNIQUE KEY `name` (`name`)
) ENGINE=MyISAM AUTO_INCREMENT=4 DEFAULT CHARSET=cp1251;

--
-- Dumping data for table `lfc_application`
--

LOCK TABLES `lfc_application` WRITE;
/*!40000 ALTER TABLE `lfc_application` DISABLE KEYS */;
INSERT INTO `lfc_application` VALUES (1,'lfc_news'),(2,'scrollable_parts'),(3,'kidness_portlets');
/*!40000 ALTER TABLE `lfc_application` ENABLE KEYS */;
UNLOCK TABLES;

--
-- Table structure for table `lfc_basecontent`
--

DROP TABLE IF EXISTS `lfc_basecontent`;
CREATE TABLE `lfc_basecontent` (
  `id` int(11) NOT NULL auto_increment,
  `content_type` varchar(100) NOT NULL default '',
  `title` varchar(100) NOT NULL default '',
  `display_title` tinyint(1) NOT NULL default '0',
  `slug` varchar(50) NOT NULL default '',
  `description` longtext NOT NULL,
  `position` smallint(5) unsigned NOT NULL default '0',
  `language` varchar(10) NOT NULL default '',
  `canonical_id` int(11) default NULL,
  `tags` varchar(255) NOT NULL default '',
  `parent_id` int(11) default NULL,
  `template_id` int(11) default NULL,
  `standard_id` int(11) default NULL,
  `exclude_from_navigation` tinyint(1) NOT NULL default '0',
  `exclude_from_search` tinyint(1) NOT NULL default '0',
  `creator_id` int(11) default NULL,
  `creation_date` datetime NOT NULL default '0000-00-00 00:00:00',
  `modification_date` datetime NOT NULL default '0000-00-00 00:00:00',
  `publication_date` datetime default NULL,
  `start_date` datetime default NULL,
  `end_date` datetime default NULL,
  `meta_keywords` longtext NOT NULL,
  `meta_description` longtext NOT NULL,
  `allow_comments` smallint(5) unsigned NOT NULL default '0',
  `searchable_text` longtext NOT NULL,
  PRIMARY KEY  (`id`),
  UNIQUE KEY `parent_id` (`parent_id`,`slug`,`language`),
  KEY `lfc_basecontent_slug` (`slug`),
  KEY `lfc_basecontent_canonical_id` (`canonical_id`),
  KEY `lfc_basecontent_parent_id` (`parent_id`),
  KEY `lfc_basecontent_template_id` (`template_id`),
  KEY `lfc_basecontent_standard_id` (`standard_id`),
  KEY `lfc_basecontent_creator_id` (`creator_id`)
) ENGINE=MyISAM AUTO_INCREMENT=287 DEFAULT CHARSET=cp1251;

--
-- Dumping data for table `lfc_basecontent`
--

LOCK TABLES `lfc_basecontent` WRITE;
/*!40000 ALTER TABLE `lfc_basecontent` DISABLE KEYS */;
INSERT INTO `lfc_basecontent` VALUES (2,'page','Клуб',0,'klub','Информация о клубе',20,'ru',NULL,'',NULL,1,NULL,0,0,1,'2011-03-01 17:01:26','2012-02-23 16:39:20','2011-03-01 17:18:48',NULL,NULL,'звенигородская, детский клуб, спорт, история клуба','Фитнес-клуб для детей и будущих мам.',1,'Клуб Информация о клубе'),(9,'news','Новости',1,'novosty','Наши нововсти',40,'ru',NULL,'',NULL,NULL,NULL,0,0,1,'2011-03-01 17:13:58','2012-02-23 16:39:20',NULL,NULL,NULL,'<tags>','Новости детского фитнес-клуба KidnessClub.',1,'Новости Наши нововсти'),(10,'newsentry','KidnessClub исполнилось 6 месяцев',1,'prog-1','',100,'ru',NULL,'',9,NULL,NULL,0,0,1,'2011-03-01 17:14:29','2012-02-06 19:49:01','2011-03-01 12:00:00',NULL,NULL,'<tags>','<description>',2,'KidnessClub исполнилось 6 месяцев'),(167,'page','Пилатес для беременных',1,'zanyatiya-s-beremennymi','',120,'ru',NULL,'фитнес для беременных, беременные, пилатес',70,9,NULL,0,0,2,'2011-04-29 17:11:55','2012-01-21 19:10:30','2011-04-29 17:34:49',NULL,NULL,'<tags>','<description>',1,'Пилатес для беременных'),(200,'page','Семейный психолог',1,'psychologist','',80,'ru',NULL,'',18,14,NULL,0,0,1,'2012-01-07 00:38:37','2012-02-21 21:25:12','2011-03-21 17:22:20',NULL,NULL,'<tags>','Консультация семейного и детского психолога. Арт-терапия, песочная терапия.',1,'Семейный психолог'),(11,'newsentry','KidnessClub -  партнер детских соревнований по горным лыжам',1,'eshe-novost','KidnessClub стал партнером  детских соревнований по горным лыжам, которые прошли 26 марта на горнолыжном курорте «Игора». Более пятидесяти малышей в  возрасте от 1,5 до 9 лет старались пройти трассу и показать свои навыки катания на горных лыжах.',90,'ru',NULL,'',9,NULL,NULL,0,0,1,'2011-03-08 01:13:42','2012-02-06 19:49:01','2011-03-26 12:00:00',NULL,NULL,'<tags>','<description>',1,'KidnessClub -  партнер детских соревнований по горным лыжам KidnessClub стал партнером  детских соревнований по горным лыжам, которые прошли 26 марта на горнолыжном курорте «Игора». Более пятидесяти малышей в  возрасте от 1,5 до 9 лет старались пройти трассу и показать свои навыки катания на горных лыжах.'),(42,'page','Мы в центре - центр',1,'my-v-centre','',30,'ru',NULL,'тэг_центр',31,NULL,NULL,0,0,1,'2011-03-12 00:19:07','2011-04-24 10:10:40',NULL,NULL,NULL,'<tags>','<description>',1,'Мы в центре - центр  <h1>Мы в центре</h1>\n<p><em>Детский фитнес-клуб высокого уровня расположен там,&nbsp; где вы привыкли получать самое высокое качество обслуживания.&nbsp;<br /></em><em>В центре города.<br /></em><em>В центре вашего внимания.</em></p>'),(17,'page','Все по-взрослому - взрослый',1,'vse-po-vzroslomu','',20,'ru',NULL,'тэг_взрослый',31,1,NULL,1,0,1,'2011-03-09 21:30:06','2011-04-17 00:51:52',NULL,NULL,NULL,'<tags>','<description>',1,'Все по-взрослому - взрослый'),(12,'page','Главная',0,'glavnaya','',10,'ru',NULL,'',NULL,1,NULL,0,0,1,'2011-03-08 11:17:18','2012-02-24 14:21:50','2011-03-21 16:55:58',NULL,NULL,'детский фитнес, беременные, до 1,5 лет, 3 года, 6 лет, 9 лет, 12 лет, детский фитнес,\nПодготовка к родам,\nДля умных мам,\nсемейный психолог,\nзанятия спортом, здоровье,\nкиднес,\nкиднесс,\nкиднесклаб,\nкиднесклуб,\nкиднессклуб,\nkidness,\nkidnessclub\nkidnes,\nkidnesclub,\nфитнесс','Первый фитнес-клуб для детей. Оздоровительные занятия для детей от 3-х месяцев до 12 лет. Курсы для беременных. Консультации семейного и детского психолога.',1,'Главная  <p><img style=\"float: left; margin-right: 10px;\" src=\"/media/uploads/icon_game__.png\" alt=\"\" width=\"39\" height=\"40\" />Любовь к здоровому образу жизни необходимо прививать с детства.&nbsp;<span style=\"color: #00a000; font-weight: bold; \">ЗДОРОВЬЕ</span>&nbsp;ребенка требует внимания взрослых.</p>\n<p>&nbsp;</p>\n<p><img style=\"float: left; margin-right: 10px;\" src=\"/media/uploads/icon_develop_.png\" alt=\"\" width=\"39\" height=\"41\" />Занятия спортом и творчеством стимулируют работу мозга.&nbsp; Гармоничное&nbsp;<span style=\"color: #1e90ff; font-weight: bold; \">РАЗВИТИЕ</span>&nbsp;ребенка невозможно без физической активности.</p>\n<p>&nbsp;</p>\n<p><img style=\"float: left; margin-right: 10px;\" src=\"/media/uploads/icon_talk_.png\" alt=\"\" width=\"41\" height=\"41\" />Для развития ребенку необходимо&nbsp;<span style=\"font-weight: bold; \"><span style=\"color: #e8b827;\">ОБЩЕНИЕ.</span></span> Занятия в мини-группах из 5-8 человек в 2 раза эффективнее индивидуальных и в 3 раза эффективнее занятий в больших группах.</p>\n<p>&nbsp;</p>\n<p><img style=\"float: left; margin-right: 10px;\" src=\"/media/uploads/icon_sport_.png\" alt=\"\" width=\"39\" height=\"40\" />Все дети любят играть.&nbsp;<span style=\"color: #ff0000; font-weight: bold; \">ИГРА</span>&nbsp;- самый эффективный способ вызвать у ребенка интерес к знаниям.</p>\n<ul>\n</ul>\n<p style=\"text-align: justify;\">&nbsp;</p>\n<p style=\"text-align: justify;\">Мы создали особенный мир для Ваших детей. Мир, который звучит в унисон с детским восприятием. Мир, в котором говорят на языке понятном детям. Мир полный игр, превращений, ярких красок. Мир, который так сильно отличается от того, что окружает детей в детском саду, в школе и так похож на их мечту. Мир <strong>KidnessClub</strong>.</p>\n<p style=\"text-align: justify;\">&nbsp;</p>\n<p style=\"text-align: justify;\">Каждое мгновение, проведенное в этом мире, дети будут чувствовать внимание, уважение, и заботу. Наши дети всегда самые способные, самые талантливые и все программы нашего клуба направлены на то, чтобы раскрыть их лучшие качества, подарить им радость от занятий в <strong>KidnessClub</strong>, дать импульс для постоянного физического и интеллектуального развития. Мы помогаем родителям ребенка сделать его детство еще более ярким, радостным, здоровым и создать основу его будущей счастливой жизни.</p>\n<p>&nbsp;</p>'),(211,'scrollablepart','First Steps',1,'prog-1','',10,'ru',NULL,'мягкая школа, укрепление мышц и суставов, массаж',210,NULL,NULL,0,0,1,'2012-01-07 02:05:47','2012-02-23 15:16:53',NULL,NULL,NULL,'первые шаги, дети от 9 месяцев, занятие с родителями, методические игры','First Steps - развивающее занятие для детей от 9 месяцев до 1,5 лет. Занятие проводиться с родителями.',1,'First Steps <p>Малышам особенно приятно прикосновения заботливых маминых рук.  Выполнение детского массажа требует специальных знаний, которые вы  можете получить у нас на занятиях. Занятия улучшают навыки  самостоятельного передвижения, способствуют координации движений у  малыша.</p>'),(18,'page','Программы',1,'programs','',30,'ru',NULL,'',NULL,1,NULL,0,0,1,'2011-03-11 02:34:12','2012-02-23 16:39:20','2011-03-13 22:41:52',NULL,NULL,'занятия для детей, расписание, спорт','Программы занятий в детском фитне-клубе KidnessClub',1,'Программы'),(192,'page','ШАГ 1 - УЗНАЙТЕ ОБ ОСОБЕННОСТЯХ РАЗВИТИЯ ДЕТЕЙ до 1,5 лет',1,'baby','',10,'ru',NULL,'',18,14,NULL,0,0,1,'2012-01-07 00:15:36','2012-02-24 19:25:58','2011-03-21 17:11:01',NULL,NULL,'массаж, первые шаги, оздоровительная гимнастика, учится ходить, укрепление опорно-двигательного аппарата, укрепление мышц, укрепление суставов, координация движений, самостоятельно переворачиваться, детский фитнес','Оздоровительные занятия для детей до 1,5 лет. Первые шаги, массаж, оздоровительная гимнастика.',1,'ШАГ 1 - УЗНАЙТЕ ОБ ОСОБЕННОСТЯХ РАЗВИТИЯ ДЕТЕЙ до 1,5 лет  <p class=\"MsoNormal\" style=\"text-align: justify;\"><img style=\"float: left; margin-right: 10px;\" src=\"/media/uploads/progmenu_1.jpg\" alt=\"\" width=\"160]\" height=\"119\" />Вы попали на страницу для самых маленьких детей, которые занимаются в <span lang=\"EN-US\">KidnessClub</span>. Наши программы созданы для того, чтобы ваши дети были здоровы и гармонично развивались с учетом своих возрастных особенностей.</p>\n<p class=\"MsoNormal\" style=\"text-align: justify;\">&nbsp;</p>\n<p class=\"MsoNormal\" style=\"text-align: justify;\">Известно, что в трехмесячном возрасте у ребенка активно развиваются основные навыки: физические, познавательные, эмоциональные. Малыш учиться поднимать голову, осязательные ощущения становятся<span>&nbsp; </span>богаче. Поэтому так важно делать упражнения на улучшение координации движений рук и ног. Пройдет еще несколько недель и ребенок научится самостоятельно переворачиваться со спины на живот. В этот период особо важно делать специальный массаж, который будет способствовать расслаблению или наоборот повышению тонуса мышц. <span>&nbsp;</span>К семи месяцам у малыша совершенствуется мелкая моторика рук и ему доставляет огромное удовольствие стучать разными предметами друг о друга. Он увлеченно играет в привычные для него игры, в которых предметы исчезают и появляются снова.&nbsp;<span>&nbsp;</span></p>\n<p class=\"MsoNormal\" style=\"text-align: justify;\">&nbsp;</p>\n<p class=\"MsoNormal\" style=\"text-align: justify;\">Достигнув восьмимесячного возраста, ребенок может уверенно сидеть, ползать, пробует вставать. В этот период важно выполнять физические упражнения способствующие укреплению опорно-двигательного аппарата. С каждой неделей малыш становится все более активным и любознательным.</p>\n<p class=\"MsoNormal\" style=\"text-align: justify;\">&nbsp;</p>\n<p class=\"MsoNormal\" style=\"text-align: justify;\">В одиннадцать месяцев продолжает складываться характер малыша. Он может быть очень общительным и улыбаться каждому встречному, а может пугаться при виде незнакомцев. Ребенок начинает осознавать простые слова и короткие фразы. В один год малыш готов сделать свои первые шаги. Это долгожданное событие может произойти и позже, в любом случае волноваться не стоит. Постепенно развивается речь, и самое время расширять словарный запас, объясняя, что вещи имеют названия.</p>\n<p class=\"MsoNormal\" style=\"text-align: justify;\">&nbsp;</p>\n<p class=\"MsoNormal\" style=\"text-align: justify;\">К возрасту полтора года малыш обычно понимает более пятидесяти слов и может выполнить просьбу взрослого, даже если она состоит из двух действий, например &laquo;Подними этот мячик и положи его в корзину&raquo;. Занимаясь с детьми, важно помнить, что каждый ребенок индивидуален и развивается по-своему.</p>\n<p class=\"MsoNormal\" style=\"text-align: justify;\"><span lang=\"EN-US\">KidnessClub</span><span lang=\"EN-US\"> </span>предлагает специальные программы для развития детей в раннем возрасте. В структуру каждого занятия входит: оздоровительная и лечебная гимнастика, задания на интеллектуальное развитие, массаж, консультации специалистов.</p>\n<p class=\"MsoNormal\" style=\"text-align: justify;\">&nbsp;</p>\n<p class=\"MsoNormal\" style=\"text-align: justify;\">Узнайте расписание занятий и наличие мест в группах по телефону 645 01 55.</p>\n<!--EndFragment-->\n<p>&nbsp;</p>\n<!--EndFragment-->\n<p>&nbsp;</p>'),(250,'scrollablecontainer','список программ',1,'','',10,'ru',NULL,'',199,NULL,NULL,0,0,1,'2012-01-07 02:47:05','2012-01-07 02:47:05',NULL,NULL,NULL,'<tags>','<description>',1,'список программ'),(251,'scrollablepart','массаж',1,'prog-3','',10,'ru',NULL,'гармоничное развитие, навыки массажа',250,NULL,NULL,0,0,1,'2012-01-07 02:47:38','2012-01-07 02:47:58',NULL,NULL,NULL,'<tags>','<description>',1,'массаж '),(252,'scrollablecontainer','список программ',0,'','',10,'ru',NULL,'',200,NULL,NULL,0,0,1,'2012-01-07 02:48:34','2012-01-07 02:48:52',NULL,NULL,NULL,'<tags>','<description>',1,'список программ'),(253,'scrollablepart','Консультация семейного и детского психолога',1,'prog-1','',10,'ru',NULL,'гармония, понимание,  решение проблем',252,NULL,NULL,0,0,1,'2012-01-07 02:49:13','2012-01-07 02:49:31',NULL,NULL,NULL,'<tags>','<description>',1,'Консультация семейного и детского психолога '),(254,'scrollablepart','Арт-терапия',1,'prog-2','',20,'ru',NULL,'преодоление страхов,уверенность',252,NULL,NULL,0,0,1,'2012-01-07 02:50:09','2012-01-07 02:50:33',NULL,NULL,NULL,'<tags>','<description>',1,'Арт-терапия '),(255,'scrollablepart','Песочная терапия',1,'pesochnaya-terapiya','',30,'ru',NULL,'диагностика, гармоничное развитие,',252,NULL,NULL,0,0,1,'2012-01-07 02:51:11','2012-01-07 02:51:30',NULL,NULL,NULL,'<tags>','<description>',1,'Песочная терапия '),(32,'page','Здоровье',1,'zdorove','',10,'ru',NULL,'тэг_здоровье,',31,NULL,NULL,0,0,1,'2011-03-11 16:29:56','2011-04-17 00:51:52',NULL,NULL,NULL,'<tags>','<description>',1,'Здоровье'),(164,'page','Фитнес для детей до трех лет',0,'Fitness_do3let','',20,'ru',NULL,'promo_Fitness_do3let',146,1,NULL,0,0,2,'2011-04-21 15:09:23','2012-02-06 22:06:53','2011-04-21 22:00:38',NULL,NULL,'<tags>','<description>',1,'Фитнес для детей до трех лет'),(267,'scrollablecontainer',' список программ от 3-х месяцев  до 1,5 лет',1,'','',10,'ru',NULL,'',266,14,NULL,1,1,1,'2012-02-23 15:02:47','2012-02-23 16:39:43',NULL,NULL,NULL,'<tags>','<description>',1,'список программ от 3-х месяцев  до 1,5 лет'),(31,'page','Слоганы',1,'slogony','',90,'ru',NULL,'',NULL,2,NULL,1,0,1,'2011-03-11 16:28:01','2012-02-23 16:39:20',NULL,NULL,NULL,'<tags>','<description>',1,'Слоганы'),(194,'page','ШАГ 1 - УЗНАЙТЕ ОБ ОСОБЕННОСТЯХ РАЗВИТИЯ ДЕТЕЙ от 1,5 до 3 лет',1,'small','',20,'ru',NULL,'',18,14,NULL,0,0,1,'2012-01-07 00:27:31','2012-02-24 19:25:33','2011-03-21 17:13:03',NULL,NULL,'здоровье, развитие, подвижные игры, занятия для детей, детский фитнес','Занятия для детей от 1,5 до 3-х лет. Оздоровительная гимнастика, подвижные игры.',1,'ШАГ 1 - УЗНАЙТЕ ОБ ОСОБЕННОСТЯХ РАЗВИТИЯ ДЕТЕЙ от 1,5 до 3 лет  <p style=\"text-align: justify;\"><img style=\"float: left; margin-right: 10px;\" src=\"/media/uploads/progmenu_2.jpg\" alt=\"\" width=\"160\" height=\"119\" />Физическое развитие ребенка в возрасте от 1,5 до 3 лет происходит стремительно. Помочь в освоении новых навыков и совершенствовании уже имеющихся помогут квалифицированные специалисты <span lang=\"EN-US\">KidnessClub</span>.</p>\n<p class=\"MsoNormal\" style=\"text-align: justify;\">&nbsp;</p>\n<p class=\"MsoNormal\" style=\"text-align: justify;\">Если ребенок все еще учится передвигаться без помощи взрослого, то ему будет полезно толкать вперед игрушки, или тянуть их за собой. Научившись ходить, малыш будет стремиться совершенствовать этот навык. Для него станет интересно лазить, бегать и прыгать. Дети старше полутора лет пытаются рисовать, поэтому толстые карандаши, пальчиковые краски, или цветные мелки могут стать для вас хорошими помощниками, чтобы занять непоседу. Захватывая и удерживая пальцами предметы, у ребенка активно развивается зрительное восприятие и воображение. Ранняя &laquo;проба пера&raquo; совсем не похожа на слова, однако роль первых каракулей очень важна в процессе подготовки к обучению письму. В связи с этим мы уделяем особое внимание творческой составляющей каждого занятия, предоставляя малышу все необходимое для освоения этого навыка. Важно помнить, что взаимодействие с другими детьми будет способствовать коммуникабельности вашего малыша в будущем. Поэтому занятия проходят в небольших группах.</p>\n<p class=\"MsoNormal\" style=\"text-align: justify;\">&nbsp;</p>\n<p class=\"MsoNormal\" style=\"text-align: justify;\">Детям старше двух лет очень нравятся игры с мячом. Навыки ловить и бросать мяч, пытаться попасть им в корзину положительным образом сказываются на развитии зрительно-моторной координации, ловкости и меткости. Так как все занятия построены по принципу веселой и занимательной игры, то подобные упражнения с мячом просты для исполнения и не вызывают страха сделать что-то не так или неправильно. Похвала и одобрение действий малыша &ndash; важная составляющая его гармоничного психологического развития. Об этом необходимо помнить всегда.</p>\n<p class=\"MsoNormal\" style=\"text-align: justify;\"><span lang=\"EN-US\">&nbsp;&nbsp;&nbsp;&nbsp; </span></p>\n<p class=\"MsoNormal\" style=\"text-align: justify;\"><span lang=\"EN-US\">KidnessClub</span> предлагает специальные программы для развития вашего ребенка в возрасте от 1,5 до 3 лет. Подробнее с их описанием вы можете ознакомиться ниже.</p>'),(33,'page','Команда',1,'komanda','',10,'ru',NULL,'',2,2,NULL,1,0,1,'2011-03-11 18:47:21','2011-03-31 11:28:24','2011-03-21 17:08:03',NULL,NULL,'<tags>','<description>',1,'Команда'),(34,'page','Особенности',1,'osobennosti','',20,'ru',NULL,'',2,2,NULL,1,0,1,'2011-03-11 18:53:28','2011-03-31 11:28:24','2011-03-21 17:08:47',NULL,NULL,'<tags>','<description>',1,'Особенности'),(271,'scrollablepart','Оздоровительная гимнастика',1,'prog-4','',10,'ru',NULL,'гибкость, координация, гармоничное физическое развитие',267,NULL,NULL,1,1,1,'2012-02-23 15:02:47','2012-02-23 16:39:56',NULL,NULL,NULL,'<tags>','<description>',1,'Оздоровительная гимнастика'),(266,'page',' до 1,5 лет',1,'baby','',10,'ru',NULL,'',265,14,NULL,1,1,1,'2012-02-23 15:02:47','2012-02-23 16:41:54','2011-03-21 17:11:01',NULL,NULL,'массаж, первые шаги, оздоровительная гимнастика, учится ходить, укрепление опорно-двигательного аппарата, укрепление мышц, укрепление суставов, коорлинация движений, самостоятельно переворачиваться','Оздоровительные занятия для детей до 1,5 лет. Первые шаги, массаж, оздоровительная гимнастика.',1,'до 1,5 лет'),(258,'page','Видео',1,'video','',10,'ru',NULL,'',70,17,NULL,0,0,1,'2012-01-21 18:56:13','2012-01-22 11:44:21','2012-01-22 09:46:59',NULL,NULL,'<tags>','<description>',1,'Видео  <p><img title=\"Арт-терапия для детей\" src=\"/media/uploads/art_terathy_for_children_width300.png\" alt=\"\" width=\"300\" height=\"180\" /></p>\n<p>\n<object classid=\"clsid:d27cdb6e-ae6d-11cf-96b8-444553540000\" width=\"425\" height=\"350\" codebase=\"http://download.macromedia.com/pub/shockwave/cabs/flash/swflash.cab#version=6,0,40,0\">\n<param name=\"src\" value=\"http://www.youtube.com/v/cwneS9AI-Gg\" /><embed type=\"application/x-shockwave-flash\" width=\"425\" height=\"350\" src=\"http://www.youtube.com/v/cwneS9AI-Gg\"></embed>\n</object>\n</p>\n<p><img title=\"Занятия для беременных\" src=\"/media/uploads/yoga_for_pregnant_width300.png\" alt=\"\" width=\"300\" height=\"182\" /></p>\n<p>\n<object classid=\"clsid:d27cdb6e-ae6d-11cf-96b8-444553540000\" width=\"425\" height=\"350\" codebase=\"http://download.macromedia.com/pub/shockwave/cabs/flash/swflash.cab#version=6,0,40,0\">\n<param name=\"src\" value=\"http://www.youtube.com/v/4BupDoIv4jE\" /><embed type=\"application/x-shockwave-flash\" width=\"425\" height=\"350\" src=\"http://www.youtube.com/v/4BupDoIv4jE\"></embed>\n</object>\n</p>'),(43,'page','Новое качество - качество',1,'novoe-kachestvo','',40,'ru',NULL,'тэг_качество',31,NULL,NULL,0,0,1,'2011-03-12 00:20:51','2011-04-17 00:51:52',NULL,NULL,NULL,'<tags>','<description>',1,'Новое качество - качество'),(44,'page','Всё под контролем - контроль',1,'vsyo-pod-kontrolem','',50,'ru',NULL,'тэг_контроль',31,NULL,NULL,0,0,1,'2011-03-12 00:22:29','2011-04-17 00:51:52',NULL,NULL,NULL,'<tags>','<description>',1,'Всё под контролем - контроль'),(45,'page','Удовлетворите 	любопытство - любопытство',1,'udovletvorite-lyubopytstvo','',60,'ru',NULL,'тэг_любопытство',31,NULL,NULL,0,0,1,'2011-03-12 00:24:48','2011-04-17 00:51:52',NULL,NULL,NULL,'<tags>','<description>',1,'Удовлетворите 	любопытство - любопытство'),(46,'page','Дышите глубже - дышите',1,'dyshite-glubzhe','',70,'ru',NULL,'тэг_дышите',31,NULL,NULL,0,0,1,'2011-03-12 00:25:43','2011-04-17 00:51:52',NULL,NULL,NULL,'<tags>','<description>',1,'Дышите глубже - дышите'),(47,'page','Новое надо пробовать - новое',1,'novoe-nado-probovat','',80,'ru',NULL,'тэг_новое',31,NULL,NULL,0,0,1,'2011-03-12 00:26:47','2011-04-17 00:51:52',NULL,NULL,NULL,'<tags>','<description>',1,'Новое надо пробовать - новое'),(166,'page','Детское время в БУКВОЕДЕ',1,'detskoe-vremya-v-bukvoede','',80,'ru',NULL,'',70,9,NULL,0,0,2,'2011-04-21 23:24:16','2012-01-21 19:10:30','2011-04-24 09:09:46',NULL,NULL,'<tags>','<description>',1,'Детское время в БУКВОЕДЕ'),(48,'page','Ждите с удовольствием - ждите',1,'zhdite-s-udovolstviem','',90,'ru',NULL,'тэг_ждите',31,NULL,NULL,0,0,1,'2011-03-12 00:27:35','2011-04-17 00:51:52',NULL,NULL,NULL,'<tags>','<description>',1,'Ждите с удовольствием - ждите'),(49,'page','Психолог нужен всем - писхолог',1,'psiholog-nuzhen-vsem','',100,'ru',NULL,'тэг_психолог',31,NULL,NULL,0,0,1,'2011-03-12 00:28:20','2011-04-17 00:51:52',NULL,NULL,NULL,'<tags>','<description>',1,'Психолог нужен всем - писхолог'),(50,'page','Общаться легко - общение',1,'obshatsya-legko','',110,'ru',NULL,'тэг_общение',31,NULL,NULL,0,0,1,'2011-03-12 00:29:35','2011-04-17 00:51:52',NULL,NULL,NULL,'<tags>','<description>',1,'Общаться легко - общение'),(259,'page','Картики для видео!',1,'kea11','Служебная страница, не удалять',30,'ru',NULL,'',182,NULL,NULL,0,0,1,'2012-02-02 16:06:49','2012-02-02 16:06:49',NULL,NULL,NULL,'<tags>','<description>',1,'Картики для видео! Служебная страница, не удалять'),(51,'page','Выходной для отдыха - выходной',1,'vyhodnoj-dlya-otdyha','',120,'ru',NULL,'тэг_выходной',31,NULL,NULL,0,0,1,'2011-03-12 00:30:13','2011-04-17 00:51:52',NULL,NULL,NULL,'<tags>','<description>',1,'Выходной для отдыха - выходной'),(52,'page','Танцуй, пока молодой - танцуй',1,'tancuj-poka-molodoj','',130,'ru',NULL,'тэг_танцуй',31,NULL,NULL,0,0,1,'2011-03-12 00:30:50','2011-04-17 00:51:52',NULL,NULL,NULL,'<tags>','<description>',1,'Танцуй, пока молодой - танцуй'),(53,'page','Команда - это МЫ - команда',1,'komanda-eto-my','',140,'ru',NULL,'тэг_команда',31,NULL,NULL,0,0,1,'2011-03-12 00:31:24','2011-04-17 00:51:52',NULL,NULL,NULL,'<tags>','<description>',1,'Команда - это МЫ - команда'),(54,'page','Играть полезно - играть',1,'igrat-polezno','',150,'ru',NULL,'тэг_играть',31,NULL,NULL,0,0,1,'2011-03-12 00:31:56','2011-04-17 00:51:52',NULL,NULL,NULL,'<tags>','<description>',1,'Играть полезно - играть'),(55,'page','Статьи',0,'articles','',50,'ru',NULL,'',NULL,4,NULL,0,0,1,'2011-03-12 01:15:36','2012-02-23 16:39:20','2011-03-21 17:05:44',NULL,NULL,'<tags>','<description>',1,'Статьи'),(56,'page','Два лучше, чем один!',1,'statya-1','Мы часто хотим, чтобы нашим ребенком занимались индивидуально. Такие занятия позволяют ему быть сосредоточенным, окруженным вниманием и добиваться действительно высоких результатов. Но это не всегда так. Есть виды занятий, где групповые занятия значительно эффективнее индивидуальных. В данной статье автор подробно рассказывает о преимуществах групповых занятий.',10,'ru',NULL,'',55,NULL,NULL,0,0,1,'2011-03-12 01:17:36','2011-03-28 12:25:40','2011-03-21 17:25:39',NULL,NULL,'<tags>','<description>',1,'Два лучше, чем один! Мы часто хотим, чтобы нашим ребенком занимались индивидуально. Такие занятия позволяют ему быть сосредоточенным, окруженным вниманием и добиваться действительно высоких результатов. Но это не всегда так. Есть виды занятий, где групповые занятия значительно эффективнее индивидуальных. В данной статье автор подробно рассказывает о преимуществах групповых занятий. <p style=\"text-align: justify;\">&nbsp;</p>\r\n<p style=\"text-align: justify;\">Какие преимущества имеют групповые занятия фитнесом для детей?&nbsp;<br /><br />В настоящее время ни для кого не секрет, что фитнес - это не просто вид спорта, не просто тренировки для поддержания хорошей физической формы и сохранения здоровья. Фитнес означает гораздо большее, это - определенные образ, стиль жизни, мировоззрение. Занятия фитнесом подразумевают гармонизацию не только физического состояния человека, но и психологического, и социального.&nbsp;&nbsp;Значимым становится не только влияние на тело, развитие таких его качеств как сила, выносливость, гибкость, но и философия здорового образа жизни, придающая уверенность в себе, жизнерадостность, позитивное восприятие других. Именно поэтому необходимо оценивать весь комплекс позитивных воздействий фитнеса на гармоничное развитие ребенка.</p>\r\n<p style=\"text-align: justify;\"><br />Для детей занятия фитнесом в группе предпочтительны по целому ряду причин.</p>\r\n<p style=\"text-align: justify;\">&nbsp;</p>\r\n<ul>\r\n<li>Ребенок становится членом сообщества, он чувствует себя включенным в группу, что очень важно в детском и подростковом возрасте для социализации.</li>\r\n</ul>\r\n<p>&nbsp;</p>\r\n<ul>\r\n<li>У него появляется круг сверстников для общения, разделяющих его интересы. Занятия в мини-группах способствуют естественному развитию коммуникативных навыков.</li>\r\n</ul>\r\n<p>&nbsp;</p>\r\n<ul>\r\n<li>В исследованиях было замечено, что детям очень важно видеть не только действия и движения взрослых, но и то, как их выполняют ровесники. Возможность подражать сверстникам помогает многим, особенно застенчивым и нерешительным,&nbsp;&nbsp;детям чувствовать себя спокойнее.</li>\r\n</ul>\r\n<p>&nbsp;</p>\r\n<ul>\r\n<li>Выполнение одних и тех же упражнений, движений приводит к сравнению своих результатов с результатами других детей, возникают соревновательные моменты, стремление делать лучше - один из мотивов, продвигающих обучение.</li>\r\n</ul>\r\n<p style=\"text-align: justify;\"><br />Организация занятий в мини-группах позволяет тренеру уделить внимание каждому ребенку с учетом его индивидуальных особенностей и возможностей, и, в то же время, использовать все преимущества групповой формы тренировок.</p>\r\n<p style=\"text-align: justify;\">&nbsp;</p>\r\n<p style=\"text-align: justify;\">Автор статьи</p>\r\n<p style=\"text-align: justify;\">Психолог KidnessClub</p>\r\n<p style=\"text-align: justify;\">Елена Томша</p>'),(97,'page','Поговорим о детском фитнесе',1,'statya-2','Детский фитнес - это возможность для родителей направить нисчерпаемую энергию своего непоседы в правильное русло. Бегать, прыгать, лазить - это так естественно для детей, что взрослые часто удивленно спрашивают: «Ты что, не можешь идти спокойно?», видимо забывая, как давным давно они сами были детьми.  ',20,'ru',NULL,'',55,NULL,NULL,0,0,1,'2011-03-20 23:54:44','2011-03-28 13:03:15','2011-03-21 17:27:52',NULL,NULL,'<tags>','<description>',1,'Поговорим о детском фитнесе Детский фитнес - это возможность для родителей направить нисчерпаемую энергию своего непоседы в правильное русло. Бегать, прыгать, лазить - это так естественно для детей, что взрослые часто удивленно спрашивают: «Ты что, не можешь идти спокойно?», видимо забывая, как давным давно они сами были детьми.   <p style=\"text-align: justify;\">&nbsp;</p>\r\n<p style=\"text-align: justify;\">Ни для кого не секрет, что для полноценного развития ребенку необходимо движение. Именно через движение ребенок познает возможности своего тела и особенности окружающего его мира. Достаточно посмотреть, как яростно сопротивляется младенец против сдерживающих его активность пеленок, чтобы понять, как важно малышу свободно двигаться. Позднее с завидным упорством маленький человечек тянется к игрушке, учится переворачиваться, садиться, вставать на ножки. Сколько радости доставляет ползание, раздвигающее границы доступного мира. Овладение умением взбираться по лестнице, обегать препятствие, перепрыгивать через лужу<span> </span>является источником гордости и радости &ndash; &laquo;мама, смотри, как я могу<span>!&raquo;</span>. В чуть более старшем возрасте дети специально придумывают себе задания, усложняющие передвижение в пространстве &ndash; идут так, чтобы наступать только на плитки определенного цвета или перепрыгивать через трещинки в асфальте; поднимаясь по лестнице, перешагивают сразу через несколько ступеней или, рискуя подвернуть ногу, спрыгивают вниз. Взрослых это частенько раздражает: &laquo;Ты что, не можешь идти спокойно?&raquo;<span>. </span>Но ведь именно<span> </span>такое &laquo;неправильное поведение&raquo; позволяет детям на опыте узнать возможности своего тела, отмечать свое взросление как рост своих умений.</p>\r\n<p style=\"text-align: justify;\">&nbsp;</p>\r\n<p style=\"text-align: justify;\">Образы детей -&nbsp; бегущих, прыгающих, плавающих<span>,</span> брызгающихся в воде, играющих в футбол, мчащихся на велосипеде по проселочной дороге - зачастую используются как символы счастливого детства. Если мы посмотрим на жизнь в современном городе с этой точки зрения, то придется признать, что здесь ребенка ждут многочисленные рамки и ограничения: &laquo;не беги, машины<span>!</span>&raquo;, &laquo;не прыгай, у соседей потолок обвалится!&raquo;, &laquo;не вертись&raquo;, &laquo;сиди спокойно&raquo;. Постепенно ребенок научается подавлять свои импульсы к движению.<span> </span>Вряд ли это можно рассматривать как победу в воспитании. Достаточно посмотреть, как сидят первоклашки на уроке &ndash; усиленно качают ногами, ерзают, теребят все, что попадается в руки. Их тела красноречиво говорят о том, чего им хочется и чего им явно не хватает. Стоит ли удивляться, что не получая возможности активно действовать в этом мире<span>,</span> дети открывают для себя мир виртуальной реальности, где они почти что всемогущи.<span> </span>Многие родители, серьезно обеспокоенные многочасовым сидением ребенка за компьютером, пытаются решить проблему, отправив его заниматься спортом, но время зачастую упущено и подростку уже не хочется бегать, активно двигаться и вообще шевелиться.</p>\r\n<p style=\"text-align: justify;\">&nbsp;</p>\r\n<p style=\"text-align: justify;\">Двигательная активность ребенку необходима для нормального развития, как физического, так и психического. Детский фитнес &ndash; это возможность для родителей направить неисчерпаемую энергию малыша в правильное русло.  Фитнес в отличие от спорта более гармоничен и направлен на укрепление здоровья и поддержание хорошей физической формы.</p>\r\n<p style=\"text-align: justify;\">&nbsp;</p>\r\n<p>Автор статьи</p>\r\n<p>Психолог KidnessClub</p>\r\n<p>Елена Томша</p>'),(279,'scrollablecontainer','Выберите программу',1,'','',10,'ru',NULL,'',278,14,NULL,1,1,1,'2012-02-23 16:23:28','2012-02-23 16:42:04',NULL,NULL,NULL,'<tags>','<description>',1,'Выберите программу'),(281,'scrollablepart','Let\'s play',0,'prog-2','',10,'ru',NULL,'командность, гармоничное развитие,  творчество',279,NULL,NULL,1,1,1,'2012-02-23 16:23:28','2012-02-23 16:42:13',NULL,NULL,NULL,'<tags>','<description>',1,'Let\'s play'),(57,'page','Контакты',1,'kontakty','',70,'ru',NULL,'',NULL,1,NULL,0,0,1,'2011-03-12 22:54:15','2012-02-23 16:39:20','2011-03-21 02:38:17',NULL,NULL,'Звенигородская, Загородный, адрес клуба','Как найти KidnessClub. Мы находися в центре города.',1,'Контакты'),(197,'page','ШАГ 1 - УЗНАЙТЕ ОБ ОСОБЕННОСТЯХ РАЗВИТИЯ ДЕТЕЙ от 9 до 12 лет',1,'uppermiddle','',50,'ru',NULL,'',18,14,NULL,0,0,1,'2012-01-07 00:33:07','2012-02-24 19:27:44','2011-03-21 17:15:26',NULL,NULL,'переходный возраст, половое созревание, смена настроения, раздродительность ребенка, йога, танцы, хип-хоп, оздоровительная гимнастика, восточные единоборства, детский фитнес','Занятия для детей от 9 до 12 лет. Йога, танцы, хип-хоп, оздоровительная гимнастика, восточные единоборства, фитнес.',1,'ШАГ 1 - УЗНАЙТЕ ОБ ОСОБЕННОСТЯХ РАЗВИТИЯ ДЕТЕЙ от 9 до 12 лет  <p style=\"text-align: justify;\"><img style=\"float: left; margin-right: 10px;\" src=\"/media/uploads/progmenu_5.jpg\" alt=\"\" width=\"160\" height=\"119\" />Наступает время, когда ваш ребенок становиться подростком и не заметить этого невозможно. Занятия в KidnessClub ориентированы на возраст, физические и интеллектуальные особенности каждого ребенка. Переходный возраст &ndash; это время полового созревания. У всех подростков этот период может начинаться в разное время. В основном с одиннадцати до тринадцати лет. В это время у ребёнка появляется резкая смена настроений, раздражительность, беспокойство, упрямство, ему хочется больше времени проводить среди сверстников. В этот период подросток интересуется многим, далеко выходящим за рамки его повседневной жизни и школьной программы. К сожалению, именно в этом возрасте многие начинают пробовать курить. Поэтому, так важно суметь отвлечь внимание подростка от пагубных привычек, помочь найти занятие по душе &ndash; хобби, переключив тем самым его интерес на здоровый образ жизни и культуру спорта. <br />KidnessClub&nbsp; предлагает интересные программы для детей этого возраста. Подробнее с их описанием, вы можете ознакомиться ниже.</p>'),(277,'scrollablepart','Оздоровительная гимнастика',1,'prog-4','',10,'ru',NULL,'гармоничное физическое развитие, укрепление мышц и суставов, исправление осанки',273,NULL,NULL,1,1,1,'2012-02-23 16:18:40','2012-02-23 16:41:45',NULL,NULL,NULL,'<tags>','<description>',1,'Оздоровительная гимнастика'),(171,'page','Веселая зарядка для детей',1,'zarydka','',140,'ru',NULL,'фитнес для детей, спортивные занятия, зарядка',70,9,NULL,0,0,2,'2011-06-08 13:40:37','2012-01-21 19:10:30','2011-04-29 17:34:49',NULL,NULL,'<tags>','<description>',1,'Веселая зарядка для детей'),(125,'page','Друзей выбирают - друзья',1,'druzej-vybirayut','',160,'ru',NULL,'тэг_друзья',31,NULL,NULL,0,0,1,'2011-03-21 10:22:21','2011-10-19 12:45:30',NULL,NULL,NULL,'<tags>','<description>',1,'Друзей выбирают - друзья  <h1>Друзей выбирают</h1>\n<p>Мы выбрали тех, с кем приятно дружить. Потому, что они не подведут.</p>'),(260,'scrollablepart','Подготовка к партнерским родам',1,'programma-4','',40,'ru',NULL,'родовые позы, техника дыхания, обезболивающий массаж',246,NULL,NULL,0,0,1,'2012-02-05 20:00:53','2012-02-05 20:06:19',NULL,NULL,NULL,'<tags>','<description>',1,'Подготовка к партнерским родам <p style=\"text-align: justify;\"><br /> Данный  курс разработан&nbsp; специально для индивидуальных занятий с будущими  родителями.&nbsp; <br /><strong><br />На занятиях по подготовке к партнерским родам: </strong><br /><br /><br />&bull;	Мы расскажем  о предстоящем процессе родов, чтобы у вас  было представление о том, что происходит с мамой и малышом на каждом этапе родов, какие действия мамы способствуют благоприятному течению родового процесса, а также о том, как помощник сможет облегчить болевые ощущения во время схваток<br />&bull;	Вы на практике освоите виды дыхания в родах, родовые позы, а Ваш партнер &ndash; приемы обезболивающего массажа<br />&bull;	Одна из составляющих успешных родов &ndash; умение расслабляться. Мы научим Вас техникам релаксации, помощника &ndash; приемам расслабляющего массажа  <br />&bull;	Залог  успешных совместных родов &ndash; взаимопонимание партнеров, умение помощника чувствовать состояние будущей мамы, адекватно и чутко на него реагировать. Применяемые нами методы арт-терапии помогут вам позитивно настроиться  на предстоящие роды, гармонизировать отношения, научиться лучше понимать друг друга. <br /><br />Длительность курса &ndash; 4 занятия по 2 часа один или два раза в неделю.</p>\r\n<p style=\"text-align: justify;\">&nbsp;</p>\r\n<p><strong>Ваш тренер <br /></strong>Елена Юрьевна Томша<br />Психолог, арт-терапевт. <br />Член Российской Ассоциации арт-терапевтов.<br />Опыт работы более 15 лет<br />Успешная мама двоих детей.</p>'),(248,'scrollablepart','Арт-терапия',1,'art-terapiya','',20,'ru',NULL,'распевание колыбельных, рисование, гармония,',246,NULL,NULL,0,0,1,'2012-01-07 02:44:37','2012-02-05 20:28:08',NULL,NULL,NULL,'<tags>','<description>',1,'Арт-терапия <p style=\"text-align: justify;\">Данный  курс помогает будущим мамам воссоединиться со своим внутренним  пространством, погрузиться в атмосферу прекрасного и отдаться стихии  материнства. Вы сможете настроиться на общение с будущим ребенком через  творчество. Это позволит вам нейтрализовать возможное эмоциональное  напряжение, достигнуть гармонизации своего внутреннего состояния.</p>\r\n<p style=\"text-align: justify;\">&nbsp;<br /><strong>Занимаясь арт-терапией  Вы сможете:</strong><br />&bull;	настроиться на общение с будущим ребенком через творчество ;<br />&bull;	визуализировать свои ощущения и чувства, лучше понять себя;<br />&bull;	увидеть и осознать свои страхи и тревоги, а значит &ndash;  освободиться от них;<br />&bull;	запечатлеть свои мечты и надежды в визуальных образах ;<br />&bull;	развивая свой творческий потенциал, заложить основы будущих способностей ребенка.</p>\r\n<p style=\"text-align: justify;\"><br /><br />Сам творческий процесс доставляет глубокую радость и маме, и малышу. Для того, чтобы заниматься арт-терапией, не требуется никаких специальных способностей или умений.  Беременная женщина имеет колоссальный творческий потенциал, который непременно реализуется, если будет создана особая атмосфера.</p>\r\n<p style=\"text-align: justify;\">Занятия проводятся в группах до 5 человек.</p>\r\n<p style=\"text-align: justify;\">&nbsp;</p>\r\n<p><strong>Ваш тренер</strong></p>\r\n<p><br />Елена Юрьевна Томша<br />Психолог, арт-терапевт. <br />Член Российской Ассоциации арт-терапевтов.<br />Опыт работы более 15 лет<br />Успешная мама двоих детей.</p>\r\n<p>&nbsp;</p>\r\n<p>&nbsp;</p>\r\n<p>&nbsp;</p>'),(70,'page','Галерея',1,'photos','',60,'ru',NULL,'',NULL,3,NULL,0,0,1,'2011-03-17 17:31:05','2012-02-23 16:39:20','2011-03-17 17:58:59',NULL,NULL,'<tags>','<description>',1,'Галерея'),(71,'page','Занятия',1,'trainings','',30,'ru',NULL,'',70,9,NULL,0,0,1,'2011-03-17 17:31:39','2012-01-21 19:10:30','2011-03-21 02:30:22',NULL,NULL,'<tags>','<description>',1,'Занятия'),(231,'scrollablepart','Дзюдо',1,'prog-6','',60,'ru',NULL,'сила, выносливость, дисциплина',219,NULL,NULL,0,0,1,'2012-01-07 02:31:05','2012-02-08 02:11:55',NULL,NULL,NULL,'<tags>','<description>',1,'Дзюдо'),(233,'scrollablecontainer','ШАГ 2 - ВЫБЕРИТЕ ПРОГРАММУ',0,'','',10,'ru',NULL,'',197,NULL,NULL,0,0,1,'2012-01-07 02:33:17','2012-02-24 00:22:46',NULL,NULL,NULL,'<tags>','<description>',1,'ШАГ 2 - ВЫБЕРИТЕ ПРОГРАММУ'),(234,'scrollablepart','Children yoga',0,'prog-1','',10,'ru',NULL,'спокойствие, гибкость, укрепление,  развитиеное развитие',233,NULL,NULL,0,0,1,'2012-01-07 02:33:48','2012-01-07 03:13:58',NULL,NULL,NULL,'<tags>','<description>',1,'Children yoga'),(256,'page','Беременные старое',1,'pregnant1','',10,'ru',NULL,'',182,NULL,NULL,0,0,1,'2012-01-07 03:43:00','2012-02-02 13:03:13','2011-10-16 14:23:05',NULL,NULL,'<tags>','<description>',1,'Беременные старое  <p><img src=\"../media/uploads/beremenIMG.png\" alt=\"\" width=\"163\" height=\"101\" /></p>\n<p>\n<object classid=\"clsid:d27cdb6e-ae6d-11cf-96b8-444553540000\" width=\"160\" height=\"100\" codebase=\"http://download.macromedia.com/pub/shockwave/cabs/flash/swflash.cab#version=6,0,40,0\">\n<param name=\"wmode\" value=\"window\" />\n<param name=\"src\" value=\"http://www.youtube.com/v/4BupDoIv4jE\" />\n<param name=\"bgcolor\" value=\"#ffffff\" /><embed type=\"application/x-shockwave-flash\" width=\"160\" height=\"100\" src=\"http://www.youtube.com/v/4BupDoIv4jE\" bgcolor=\"#ffffff\" wmode=\"window\"></embed>\n</object>\n</p>'),(236,'scrollablepart','Дзюдо',1,'prog-2','',30,'ru',NULL,'сила, выносливость, дисциплина',233,NULL,NULL,0,0,1,'2012-01-07 02:36:39','2012-02-08 02:14:52',NULL,NULL,NULL,'<tags>','<description>',1,'Дзюдо '),(237,'scrollablepart','Hip-Hop',1,'prog-3','',40,'ru',NULL,'аэробика, координация, ритм, уверенность',233,NULL,NULL,0,0,1,'2012-01-07 02:37:07','2012-02-23 16:29:31',NULL,NULL,NULL,'<tags>','<description>',1,'Hip-Hop '),(238,'scrollablepart','Classic',1,'prog-4','',50,'ru',NULL,'культура, хореография, пластичность, грация',233,NULL,NULL,0,0,1,'2012-01-07 02:37:34','2012-02-08 02:15:18',NULL,NULL,NULL,'<tags>','<description>',1,'Classic '),(240,'scrollablepart','Оздоровительная гимнастика',0,'prog-5','',70,'ru',NULL,'гибкость, рост, развитие, здоровье,',233,NULL,NULL,0,0,1,'2012-01-07 02:38:29','2012-02-23 16:29:41',NULL,NULL,NULL,'<tags>','<description>',1,'Оздоровительная гимнастика '),(242,'scrollablepart','Folk dance',0,'prog-6','',90,'ru',NULL,'творчество, артистизм, культура, пластика',233,NULL,NULL,0,0,1,'2012-01-07 02:39:19','2012-02-08 02:15:47',NULL,NULL,NULL,'<tags>','<description>',1,'Folk dance '),(149,'newsentry','Веселая зарядка от KidnessClub 1 июня',1,'den-detey','Детский клуб KidnessClub примет участие в городском празднике в честь дня защиты детей.\n\n',60,'ru',NULL,'',9,NULL,NULL,0,0,1,'2011-03-29 18:40:18','2012-02-06 19:49:01','2011-05-31 12:00:00',NULL,NULL,'<tags>','<description>',1,'Веселая зарядка от KidnessClub 1 июня Детский клуб KidnessClub примет участие в городском празднике в честь дня защиты детей.'),(261,'scrollablepart','Фитнес для беременных',1,'programma-5','',50,'ru',NULL,'фитнес, расслабление, техника дыхания, хорошее самочувствие',246,NULL,NULL,0,0,1,'2012-02-05 20:07:52','2012-02-05 20:24:05',NULL,NULL,NULL,'<tags>','<description>',1,'Фитнес для беременных <p>Фитнес для беременных направлен на укрепление мышечного каркаса, оздоровление и подготовку организма мамы к родам. Программа занятий включает в себя как упражнения на растяжку и расслабление тела, так и комплексы для укрепления мышц, что поможет в дальнейшем организму мамы быстрее восстановиться после родов.  Специальные комплексы упражнений и дыхательных техник устраняют дискомфортные и болевые состояния, раскрывают таз, стабилизируют нервную систему и  улучшают настроение.</p>\r\n<p>&nbsp;</p>\r\n<p>Занятия проводятся в группах до 5 человек.</p>\r\n<p><br />Длительность занятия 1,5 часа с перерывом.</p>\r\n<p>&nbsp;</p>\r\n<p><img src=\"/media/uploads/DSC_0141.200x200.JPG\" alt=\"\" width=\"200\" height=\"132\" /><img src=\"/media/uploads/DSC_0176.200x200.JPG\" alt=\"\" width=\"200\" height=\"132\" /></p>\r\n<p>&nbsp;</p>\r\n<p>&nbsp;</p>\r\n<p>&nbsp;</p>'),(96,'page','Партнеры',1,'partnery','',80,'ru',NULL,'',NULL,1,NULL,0,0,1,'2011-03-20 23:45:06','2012-02-23 16:39:20','2011-03-21 17:06:18',NULL,NULL,'<tags>','<description>',1,'Партнеры'),(103,'page','Клуб',1,'fotoclub','',20,'ru',NULL,'',70,9,NULL,0,0,1,'2011-03-21 01:17:55','2012-01-21 19:10:30','2011-03-21 21:20:47',NULL,NULL,'<tags>','<description>',1,'Клуб'),(104,'page','Про беременность.',1,'pro-beremennost','Беременная женщина - это уже мама! От того, как будущие родители ждут появления на свет малыша, зависит физическое и психологическое развитие ребенка. Как можно подготовиться в этой долгожданной встрече?',50,'ru',NULL,'',55,NULL,NULL,0,0,1,'2011-03-21 01:43:23','2011-06-15 14:37:16','2011-03-21 18:14:52',NULL,NULL,'<tags>','<description>',1,'Про беременность. Беременная женщина - это уже мама! От того, как будущие родители ждут появления на свет малыша, зависит физическое и психологическое развитие ребенка. Как можно подготовиться в этой долгожданной встрече? <p>&nbsp;</p>\n<p style=\"text-align: justify;\">Вы ждете малыша. Само осознание предстоящего родительства рождает целый спектр переживаний &ndash; радость, гордость, волнения, тревогу&hellip; 9 месяцев ожидания долгожданной встречи, 9 месяцев &ndash; прежде, чем Вы увидите, какой он или она, ощутите младенца на руках, прижмете теплого кроху к груди. Как подготовиться к этой встрече, как создать наилучшие условия для появления малыша на свет?</p>\n<p style=\"text-align: justify;\">&nbsp;</p>\n<p style=\"text-align: justify;\">Известна старинная притча о молодых родителях, пришедших с новорожденным младенцем к мудрецу за советом &ndash; когда начинать воспитывать ребенка, чтобы он вырос хорошим и счастливым человеком. Старец ответил: &laquo;Вы опоздали на 9 месяцев&raquo;. Многочисленные современные исследования подтверждают справедливость этой истории: связь между &laquo;жизнью до рождения&raquo; и всей последующей жизнью человека научно доказана. В настоящее время нет необходимости говорить о том, что беременность &ndash; процесс не только физиологический, но и психологический. От того, как ждут малыша будущие родители, что делает, а еще важнее, что эмоционально переживает мама во время беременности, во многом зависит физическое и психическое развитие ребенка. Попробуем вкратце обозначить самые главные моменты, на которые заботливым родителям стоит обратить внимание:</p>\n<p style=\"text-align: justify;\">&bull;<span> </span>Дети, которых ждут и любят еще до их появления на свет, рождаются физически более здоровыми, крепкими, и психологически благополучными; они хорошо развиваются и меньше плачут;</p>\n<p style=\"text-align: justify;\">&bull;<span> </span>Эмоциональный контакт (не только мамы, но и папы, и других значимых членов семьи) с ребенком формируется до его появления на свет, поэтому, если Вы хотите установить с малышом хорошие, полные понимания и любви отношения &ndash; начинайте общаться с ним заранее, до его рождения;</p>\n<p style=\"text-align: justify;\">&bull;<span> </span>На развитие малыша влияет эмоциональное состояние мамы, поэтому, важнейшая задача будущей мамочки и всех близких обеспечить ее гармоничное состояние &ndash; спокойное и жизнерадостное;</p>\n<p style=\"text-align: justify;\">&bull;<span> </span>С древности беременных старались окружить красотой &ndash; природной и рукотворной, и гармоничной музыкой. В настоящее время доказано: ребенок воспринимает мир, находясь внутри мамы, именно поэтому во время ожидания малыша так важно обеспечить женщине эстетическое и гармоничное окружение;</p>\n<p style=\"text-align: justify;\">&bull;<span> </span>Для эмоционального и умственного развития малыша очень полезно, чтобы мама занималась творчеством &ndash; рисованием, пением, пластикой, рукоделием &ndash; всем, что приносит ей удовольствие. Развитие способностей женщины формирует творческий потенциал ее ребенка.</p>\n<p style=\"text-align: justify;\">&nbsp;</p>\n<p style=\"text-align: justify;\">Чтобы рождение ребенка стало радостным событием в жизни Вашей семьи, мы предлагаем:</p>\n<p style=\"text-align: justify;\">&bull;<span> </span>Индивидуальные консультации психолога для будущих мам и для семейных пар, ожидающих ребенка;</p>\n<p style=\"text-align: justify;\">&bull;<span> </span>Индивидуальные занятия арт-терапией или песочной терапией для развития более полного самопознания, раскрытия творческого потенциала, снятия психологического напряжения;</p>\n<p style=\"text-align: justify;\">&bull;<span> </span>Групповые занятия для будущих мам по подготовке к рождению ребенка;</p>\n<p style=\"text-align: justify;\">&bull;<span> </span>Групповые занятия для семейных пар по подготовке к рождению ребенка.</p>\n<p style=\"text-align: justify;\">&nbsp;</p>\n<p style=\"text-align: justify;\">Наполните время ожидания малыша радостью и творчеством, ощутите новую глубину Ваших отношений, подготовьтесь физически и психологически к появлению Вашего ребенка самым лучшим образом &ndash; современные технологии перинатальной подготовки предоставляют для этого прекрасные возможности!</p>\n<p style=\"text-align: justify;\">Автор статьи</p>\n<p style=\"text-align: justify;\">Психолог KidnessClub</p>\n<p style=\"text-align: justify;\">Елена Томша</p>\n<p>&nbsp;</p>'),(98,'page','В чем ценность физической активности для ребенка?',1,'v-chem-cennost-fizicheskoj-aktivnosti-dlya-rebenka','О том, что такое физическое воспитание и какую пользу оно приносит детям, рассказывает детский спортивный врач KidnessClub Мордовская Наталья.',30,'ru',NULL,'',55,NULL,NULL,0,0,1,'2011-03-21 00:37:37','2011-04-03 12:52:44','2011-03-21 18:13:27',NULL,NULL,'<tags>','<description>',1,'В чем ценность физической активности для ребенка? О том, что такое физическое воспитание и какую пользу оно приносит детям, рассказывает детский спортивный врач KidnessClub Мордовская Наталья. <p style=\"text-align: justify;\">&nbsp;</p>\n<p style=\"text-align: justify;\">Чтобы правильно рос и развивался малыш, необходимо с самого раннего возраста начинать физическое воспитание. Физическое воспитание детей ясельного возраста предусматривает охрану и укрепление здоровья, совершенствование функций организма ребенка, его полноценное физическое развитие. Оно направлено на своевременное формирование у малышей двигательных навыков, умений и физических качеств (силы, выносливости, ловкости, быстроты); развитие интереса к различным, доступным ребенку видам двигательной деятельности; воспитание привычки к ежедневным занятиям физическими упражнениями, а также положительных нравственных, моральных и волевых черт личности.</p>\n<p style=\"text-align: justify;\">&nbsp;</p>\n<p style=\"text-align: justify;\">Особенно важное значение имеет развитие движений. С этой целью проводятся утренняя гигиеническая гимнастика, подвижные игры, физкультурные занятия и др. Следует заботиться также о повышении двигательной активности ребенка на протяжении всего дня путем создания соответствующей обстановки, подбора физкультурных пособий и игрушек и побуждения детей к ее использованию. Обучение детей двигательным навыкам и умениям происходит главным образом на занятиях физической культуры. Занятия обязательны для всех здоровых детей.</p>\n<p style=\"text-align: justify;\">&nbsp;</p>\n<p style=\"text-align: justify;\">В физическом воспитании должен соблюдаться строгий дифференцированный подход: при назначении режима, питания, закаливающих процедур, при подборе игр и физических упражнений, в их дозировке учитывается возраст, состояние здоровья, физическое развитие и подготовленность, а также индивидуальные особенности ребенка. Методика физического воспитания детей зависит от их возраста, но основные принципы ее во всех возрастных группах остаются одинаковыми. Некоторые отличия в методике проведения занятий по физическому воспитанию связаны лишь с анатомо-физиологическими особенностями детей различных возрастных групп</p>\n<p style=\"text-align: justify;\">&nbsp;</p>\n<p style=\"text-align: justify;\">Во время занятий нужно стремиться развивать и совершенствовать те двигательные навыки, которые наиболее необходимы в данном возрасте. Например, у детей первого полугодия жизни необходимо развивать двигательные навыки в поворотах со спины на живот, с живота на спину, несколько позже - навыки в ползании. У детей более старшего возраста развивать и совершенствовать двигательные навыки в основных видах движения: в ходьбе, беге, равновесии, лазании, занятиях на развитие ловкости и реакции.</p>\n<p>&nbsp;</p>\n<p>Автор статьи</p>\n<p>Детский спортивный врач KidnessClub</p>\n<p>Мордовская Наталья</p>\n<p>&nbsp;</p>'),(99,'page','Физическое воспитание - залог здоровья!',1,'fizicheskoe-vospitanie-zalog-zdorovya','Вырастить здорового, сильного и жезнерадостного ребенка поможет детский фитнес. Индивидуальные программы с учетом возрастных и психологических особенностей ребенка способны правильно организовать физическое воспитание малыша. ',40,'ru',NULL,'',55,NULL,NULL,0,0,1,'2011-03-21 00:41:36','2011-04-03 12:57:21','2011-03-21 18:14:01',NULL,NULL,'<tags>','<description>',1,'Физическое воспитание - залог здоровья! Вырастить здорового, сильного и жезнерадостного ребенка поможет детский фитнес. Индивидуальные программы с учетом возрастных и психологических особенностей ребенка способны правильно организовать физическое воспитание малыша.  <p style=\"text-align: justify;\">&nbsp;</p>\n<p style=\"text-align: justify;\">Физическое воспитание для детей то же, что фундамент для здания. Чем прочнее заложен фундамент, тем выше может быть возведена постройка; чем больше забот о физическом воспитании ребенка, тем больших успехов он достигнет в общем развитии, в науках, в умении работать и быть полезным для общества человеком.</p>\n<p style=\"text-align: justify;\">&nbsp;</p>\n<p style=\"text-align: justify;\">Ни в каком другом возрасте физическое воспитание не связано так тесно с общим воспитанием, как в первые семь лет. В период дошкольного детства (от рождения до семи лет) у ребенка закладываются основы здоровья, долголетия, всесторонней двигательной подготовленности и гармоничного физического развития.</p>\n<p style=\"text-align: justify;\">&nbsp;</p>\n<p style=\"text-align: justify;\">Растить детей здоровыми, сильными, жизнерадостными -- задача не только родителей, но и каждого дошкольного учреждения, так как и них дети проводят большую часть дня. С этой целью предусмотрены занятия по физической культуре, которые следует строить в соответствии с психологическими особенностями конкретного возраста, доступности и целесообразности упражнений. Комплексы упражнений должны быть увлекательными, а также предусматривать физиологически и педагогически необходимую и оправданную нагрузку, удовлетворяющую потребность ребенка в движении.</p>\n<p style=\"text-align: justify;\">&nbsp;</p>\n<p style=\"text-align: justify;\">Болезненный, физически плохо развитый ребенок обычно отстает от здоровых детей в учебе. У него хуже память, его внимание быстрее утомляется, и поэтому он не может хорошо учиться, а родители и даже педагоги нередко ошибаются, считая ребенка лентяем. Эта слабость вызывает также и самые различные расстройства в деятельности организма, ведет не только к понижению способностей, но и расшатывает волю ребенка.</p>\n<p style=\"text-align: justify;\">&nbsp;</p>\n<p style=\"text-align: justify;\">Правильно организованное физическое воспитание способствует формированию хорошего телосложения, профилактике заболеваний, улучшению деятельности внутренних органов и систем детского организма.</p>\n<p style=\"text-align: justify;\">&nbsp;</p>\n<p style=\"text-align: justify;\">Положительные эмоции, эмоциональная насыщенность занятий являются основными условиями при обучении детей движениям. Подражание рождает эмоции, которые активизируют ребенка. Кроме того, заинтересованность положительно действует на двигательную активность детей, особенно малоподвижных и инертных. Освоение движений хорошо влияет и на развитие речи ребенка. Совершенствуется понимание речи взрослого, расширяется словарь активной речи.</p>\n<p style=\"text-align: justify;\">&nbsp;</p>\n<p style=\"text-align: justify;\">Вот почему так справедливо отмечал выдающийся советский педагог В. А. Сухомлинский: &laquo;Я не боюсь еще и еще раз повторить: забота о здоровье - это важнейший труд воспитателя. От жизнерадостности, бодрости детей зависит их духовная жизнь, мировоззрение, умственное развитие, прочность знаний, вера в свои силы&raquo;.</p>\n<p>&nbsp;</p>\n<p>Автор статьи</p>\n<p>Детский спортивный врач KidnessClub</p>\n<p>Мордовская Наталья.</p>\n<p>&nbsp;</p>'),(100,'page','Физическая активность в жизни ребенка.',1,'fizicheskaya-aktivnost-v-zhizni-rebenka','Для своих детей мы всегда хотим только самого лучшего. Занимаясь развитием ребенка с самого раннего возраста стоит уделить особое внимание физическому воспитанию. Так как именно физическая активность способствует развитию центральной нервной системы, совершенствует двигательные процессы и навыки, улучшает осанку и оздоравливает весь организм. ',60,'ru',NULL,'',55,NULL,NULL,0,0,1,'2011-03-21 00:45:41','2011-06-15 14:37:02','2011-03-21 18:15:01',NULL,NULL,'<tags>','<description>',1,'Физическая активность в жизни ребенка. Для своих детей мы всегда хотим только самого лучшего. Занимаясь развитием ребенка с самого раннего возраста стоит уделить особое внимание физическому воспитанию. Так как именно физическая активность способствует развитию центральной нервной системы, совершенствует двигательные процессы и навыки, улучшает осанку и оздоравливает весь организм.  <p>&nbsp;</p>\n<p style=\"text-align: right;\">Движение &ndash; кладовая жизни<br />(<span>Плутарх</span>)</p>\n<p style=\"text-align: right;\">&nbsp;</p>\n<p style=\"text-align: right;\"><span>Ничто так не истощает и не разрушает человека,&nbsp;<br />к</span><span>ак продолжительное физическое бездействие</span></p>\n<p style=\"text-align: right;\">(<span>Аристотель</span>)</p>\n<p>&nbsp;</p>\n<p style=\"text-align: justify;\">Удовлетворение потребности ребенка в движениях является важнейшим<span> </span>условием его жизнедеятельности и нормального развития &mdash; не только<span> </span>физического, но и интеллектуального.<span> </span>Достаточная по объему двигательная активность благоприятно сказывается на<span> </span>функциональном состоянии головного мозга, увеличении работоспособности,<span> </span>повышении произвольности в выполнении различных действий.</p>\n<p style=\"text-align: justify;\">&nbsp;</p>\n<p style=\"text-align: justify;\">Физическая<span> </span>активность способствует нормальному развитию центральной нервной системы,<span> </span>улучшению памяти, процессов обучения, нормализации эмоционально-мотивационной<span> </span>сферы, улучшению сна, возрастанию возможностей не только в физической, но и<span> </span>в умственной деятельности.</p>\n<p style=\"text-align: justify;\">&nbsp;</p>\n<p style=\"text-align: justify;\">Физические упражнения необходимы для повышения мышечной активности<span>, </span>совершенствования двигательных процессов и<span> </span>навыков, улучшения осанки, предупреждения развития плоскостопия.</p>\n<p style=\"text-align: justify;\">&nbsp;</p>\n<p style=\"text-align: justify;\">Именно в детском возрасте формируются жизненно важные базовые, локомоторные навыки и умения, создается фундамент двигательного опыта, осваивается азбука движений, из элементов которой в последствие<span>&nbsp; </span>формируется вся двигательная деятельность человека.</p>\n<p style=\"text-align: justify;\">&nbsp;</p>\n<p style=\"text-align: justify;\">Двигательная активность детей является одновременно и условием, и стимулирующим фактором развития интеллектуальной<span>,&nbsp;</span> эмоциональной и других сфер<span>.&nbsp;</span></p>\n<p style=\"text-align: justify;\">&nbsp;</p>\n<p style=\"text-align: justify;\">Ни в какой другой период жизни физическое воспитание не связано так тесно с общим воспитанием, как в первые шесть лет. В период<span>&nbsp;</span> дошкольного детства у ребенка закладываются основы здоровья,&nbsp;<span> </span>долголетия<span>,</span> всесторонней двигательной подготовленности и гармонического физического развития. Болезненный, отстающий в физическом развитии ребенок быстрее утомляется, у него неустойчивое внимание, память. Эта общая слабость вызывает и самые различные расстройства в деятельности организма, не только ведет к понижению способности, но и расшатывает волю ребенка. Недаром выдающийся педагог В.А. Сухомлинский подчеркивал, что от здоровья, жизнерадостности детей зависит их духовная жизнь, мировоззрение, умственное развитие, прочность в знаниях, вера в свои силы. Поэтому крайне важно организовывать занятия физической культурой именно в детстве, что позволит организму накопить силы и обеспечить в дальнейшем всестороннее гармоническое развитие личности.</p>\n<p style=\"text-align: justify;\">&nbsp;</p>\n<p style=\"text-align: justify;\">Длительное значительное ограничение движений резко угнетает нервную систему, ухудшает развитие мышц. При гиподинамии снижается до предельного уровня обмен веществ, задерживается развитие внутренних органов, сердечно &ndash; сосудистой, дыхательной и пищеварительной систем, желез внутренней секреции и т. п. Гиподинамия отражается на опорно <span>-</span>&ndash; двигательном аппарате, функционировании многих систем организма, особенно сердечно &ndash; сосудистой и дыхательной. При длительном сидении мышцы, поддерживающие правильную позу, устают, дыхание становится менее глубоким и легкие недостаточно вентилируются; работа сердца изменяется, происходит застой крови в малом тазу и нижних конечностях. Работоспособность организма и особенно мозга постепенно падает: снижается внимание, увеличивается время мыслительных операций, ослабляется память, ухудшается координация движений. У многих школьников, особенно у девочек, наблюдаются нарушения осанки, а у некоторых &ndash; искривление позвоночника (сколиоз) из-за слабости мышц. Гипокинезия на фоне чрезмерного питания с избытком углеводов и жиров является одной из причин ожирения, отмечаемого почти у каждого 4 &ndash; 5 ребенка. К отрицательным проявлениям гипокинезии в комплексе с другими факторами относится снижение сопротивляемости молодого организма простудным, инфекционным и другим заболеваниям.</p>\n<p style=\"text-align: justify;\">&nbsp;</p>\n<p style=\"text-align: justify;\">Подвижные игры имеют оздоровительное, воспитательное и образовательное значение<span>.</span> Доказано, что они улучшают физическое развитие детей, благотворно воздействуют на нервную систему и укрепляют здоровье. Кроме этого это очень эмоциональное спортивное занятие, которое может создавать очень большую физическую нагрузку на ребенка, что необходимо обязательно учитывать при организации занятий и игр с малышом.</p>\n<p style=\"text-align: justify;\">&nbsp;</p>\n<p style=\"text-align: justify;\">Почти в каждой игре присутствует бег, прыжки, метания, упражнения на равновесие и т.д.&nbsp;<span> </span>В играх воспитываются основные физические качества ребенка, такие как сила, быстрота, выносливость и совершенствуются разнообразнейшие двигательные умения и навыки<span>.</span></p>\n<p style=\"text-align: justify;\">&nbsp;</p>\n<p style=\"text-align: justify;\"><span>Автор статьи</span></p>\n<p style=\"text-align: justify;\"><span>Детский спортивный врач KidnessClub</span></p>\n<p style=\"text-align: justify;\"><span>Наталья Мордовская&nbsp;</span></p>\n<p>&nbsp;</p>'),(148,'newsentry','KidnessClub в гостях у Лофт Проект ЭТАЖИ',1,'kidnessclub-v-etaji','KidnessClub выступил организатором занятий в Лофт проект Этажи. \"Детское время\" традиционно открывает свои двери для детей разного возраста уже несколько лет. Детское время – это серия событий для детей от 4 до 12 лет, мастер-классы интересной жизни, на которых можно узнать то, чему не учат в детских садах и школах. Для ребят мы приготовили интересное и очень веселое занятие «Let’s play». ',70,'ru',NULL,'',9,NULL,NULL,0,0,1,'2011-03-29 18:08:12','2012-02-06 19:49:01','2011-04-02 12:00:00',NULL,NULL,'<tags>','<description>',1,'KidnessClub в гостях у Лофт Проект ЭТАЖИ KidnessClub выступил организатором занятий в Лофт проект Этажи. \"Детское время\" традиционно открывает свои двери для детей разного возраста уже несколько лет. Детское время – это серия событий для детей от 4 до 12 лет, мастер-классы интересной жизни, на которых можно узнать то, чему не учат в детских садах и школах. Для ребят мы приготовили интересное и очень веселое занятие «Let’s play».'),(249,'scrollablepart','Песочная терапия',1,'programma-3','',30,'ru',NULL,'энергия, чувствительность, творчество',246,NULL,NULL,0,0,1,'2012-01-07 02:45:43','2012-02-05 20:25:28',NULL,NULL,NULL,'<tags>','<description>',1,'Песочная терапия <p style=\"text-align: justify;\">Песочная  терапия обладает рядом совершенно особенных свойств в силу необычности  самого материала. Песок - природный материал, поэтому наполняет любого,  прикоснувшегося к нему, энергией, дает ощущение творца, положительно  влияет на эмоциональное состояние. Песок состоит из мельчайших песчинок,  работа с которыми активизирует чувствительные точки на кончиках  пальцев, что самым положительным образом сказывается на работе  внутренних систем организма.</p>\r\n<p style=\"text-align: justify;\">&nbsp;</p>\r\n<p style=\"text-align: justify;\"><strong>Описание занятия<br /></strong>Для  занятий&nbsp; используется водонепроницаемый ящик специальных размеров&nbsp; для  оптимального поля зрительного восприятия, его целиком можно охватить  взглядом. Внутренняя поверхность такой песочницы выкрашена в  сине-голубой цвет &ndash; символ бессознательного, бесконечности, продолжения.  На 2/3 объема она заполняется просеянным и прокаленным песком. Участник  занятий выбирает разнообразные фигурки (максимальная высота которых  всего&nbsp; 5 - 8 см). Все они составляют своеобразную коллекцию для песочной  терапии. Песок, вода и несколько&nbsp; маленьких фигурок людей, животных или  предметов способны помочь человеку раскрыться, выразить свои чувства и  эмоции, которые порой так трудно передать с помощью слов. Песочная  терапия способна помочь разобраться в себе, справится с волнением и  беспокойством. При этом терапевтические занятия дают ощущение  защищенности и полной свободы. Занятия проводит арт-терапевт.</p>\r\n<p style=\"text-align: justify;\">&nbsp;</p>\r\n<p style=\"text-align: justify;\"><strong>Занятия проводятся  индивидуально.</strong></p>\r\n<p>&nbsp;</p>\r\n<p><strong>Ваш тренер <br /></strong>Елена Юрьевна Томша<br />Психолог, арт-терапевт. <br />Член Российской Ассоциации арт-терапевтов.<br />Опыт работы более 15 лет<br />Успешная мама двоих детей.</p>'),(246,'scrollablecontainer','Выберите программу',1,'','',10,'ru',NULL,'',198,NULL,NULL,0,0,1,'2012-01-07 02:42:49','2012-02-06 15:56:58',NULL,NULL,NULL,'<tags>','<description>',1,'Выберите программу'),(247,'scrollablepart','Baby waiting art',1,'baby-waiting-art','',10,'ru',NULL,'подготовка к родам, гимнастика,  дыхательные упражнения',246,NULL,NULL,0,0,1,'2012-01-07 02:43:17','2012-02-05 20:00:30',NULL,NULL,NULL,'<tags>','<description>',1,'Baby waiting art <p class=\"MsoNormal\" style=\"text-align: justify;\"><span>Совместная  подготовка к рождению малыша благоприятно влияет на процесс рождения и  дальнейшее здоровье ребенка и мамы. Записаться на курсы можно на любом  сроке беременности. </span></p>\r\n<p class=\"MsoNormal\" style=\"text-align: center;\"><span>Программа курса включает в себя 8 занятий.</span></p>\r\n<p class=\"MsoNormal\" style=\"text-align: center;\"><span>Длительность занятий по 2,5 часа 2 раза в неделю &ndash; 1 месяц.</span></p>\r\n<h3 class=\"MsoNormal\" style=\"text-align: justify;\"><span>Описание занятия</span></h3>\r\n<p class=\"MsoNormal\" style=\"text-align: justify;\"><span>Каждое  занятие начинается с мини-лекции, после которой вы сможете обсудить и  задать вопросы по теме. Методические рекомендации, полученные в ходе  мини-лекции, позволят вам чувствовать себя увереннее, избавиться от  лишних, порой необоснованных, тревог и сомнений. Полученные знания также  положительно сказываются на психологической компетенции в вопросах  развития и воспитания детей. Способствуют адаптации будущих родителей к  их новому статусу. </span></p>\r\n<p class=\"MsoNormal\" style=\"text-align: justify;\"><span>&nbsp;</span></p>\r\n<p class=\"MsoNormal\" style=\"text-align: justify;\"><span>Затем, мягкая<span>&nbsp; </span>адаптационная гимнастика поможет вам подготовить свое тело<span>&nbsp; </span>к  родам и освоить родовые позы. С каждым посещением вы будете узнавать  все больше нужной и интересной информации. Вы получите навыки ухода за  ребенком (взятие на руки, пеленание и одевание, массаж, ношение в слинге  и другие тонкости материнства). </span></p>\r\n<p class=\"MsoNormal\" style=\"text-align: justify;\"><span>&nbsp;</span></p>\r\n<p class=\"MsoNormal\" style=\"text-align: justify;\"><span>Во  время занятий предусмотрен перерыв, который вы сможете провести в  уютном гостевом зале. Вы сможете отдохнуть и подкрепиться свежими  овощами и фруктами, выпить чашечку чая или минеральной воды. </span></p>\r\n<p class=\"MsoNormal\" style=\"text-align: justify;\"><span>&nbsp;</span></p>\r\n<p class=\"MsoNormal\" style=\"text-align: justify;\"><span>После того, как вы<span>&nbsp; </span>будете  готовы продолжать занятия, начнется самое интересное - Арт-Терапия.  Кратко можно сказать, что данная методика налаживает позитивные  эмоциональные связи в триаде &laquo;мама &ndash; папа &ndash; малыш&raquo;. Гармонизирует  отношения между супругами. Развивает у беременных женщин навыки  самосознания, осознание своего эмоционального состояния и его изменения. </span></p>\r\n<p class=\"MsoNormal\" style=\"text-align: justify;\"><span>&nbsp;</span></p>\r\n<p class=\"MsoNormal\" style=\"text-align: justify;\"><span>Завершением  занятия становиться личная беседа с тренером. На время курса &laquo;Baby  waiting art&raquo; он будет для вас надежным, квалифицированным помощником,  открытым для интересного общения с вами. </span></p>\r\n<p class=\"MsoNormal\" style=\"text-align: justify;\"><span>&nbsp;</span></p>\r\n<h3 style=\"text-align: justify;\"><span>Ваш тренер</span></h3>\r\n<p class=\"MsoNormal\" style=\"text-align: justify;\"><span>Елена Юрьевна Томша</span></p>\r\n<p class=\"MsoNormal\" style=\"text-align: justify;\"><span>Психолог, арт-терапевт. </span></p>\r\n<p class=\"MsoNormal\" style=\"text-align: justify;\"><span>Член Российской Ассоциации арт-терапевтов.</span></p>\r\n<p class=\"MsoNormal\" style=\"text-align: justify;\"><span>Опыт работы более 15 лет</span></p>\r\n<p class=\"MsoNormal\" style=\"text-align: justify;\"><span>Успешная мама двоих детей.</span></p>\r\n<p>&nbsp;</p>'),(262,'newsentry','11 февраля приглашаем будущих родителей на семинар',1,'seminar','Семинар «Девять самых необычных месяцев в жизни женщины»  будет полезен будущим мамам на любом сроке беременности, а также парам принимающих решение о партнерских родах. ',10,'ru',NULL,'',9,NULL,NULL,0,0,2,'2012-02-06 17:24:07','2012-02-06 19:51:25','2012-02-06 17:32:35','2012-02-06 18:12:11','2012-02-11 23:21:30','<tags>','<description>',1,'11 февраля приглашаем будущих родителей на семинар Семинар «Девять самых необычных месяцев в жизни женщины»  будет полезен будущим мамам на любом сроке беременности, а также парам принимающих решение о партнерских родах. <p><br /><strong>Дата семинара:</strong> 11 февраля<br /><strong>Время:</strong> с 14:00 до 15:30<br /><strong>Место проведения:</strong> KidnessClub <br />ул. Звенигородская, д.12. (5 мин. от м. Звенигородская) <br /><strong>Семинар ведет:</strong> психолог, арт-терапевт KidnessClub Елена Томша.</p>\n<p>&nbsp;</p>\n<p><strong>Темы семинара:</strong></p>\n<p>&nbsp;</p>\n<ul>\n<li>Эмоциональная палитра беременности &ndash; весь спектр чувств, с которыми встречается будущая мама и ее близкие.</li>\n</ul>\n<p>&nbsp;</p>\n<ul>\n</ul>\n<ul>\n<li>Изменения во внутреннем мире будущей мамы, происходящие по триместрам: радости, проблемы и &laquo;актуальные задачи&raquo; каждого периода.</li>\n</ul>\n<p>&nbsp;</p>\n<ul>\n<li>Значение перинатального периода для будущей жизни человека. Влияние состояния и настроения мамы на здоровье, способности и задатки будущего ребенка.</li>\n</ul>\n<p>&nbsp;</p>\n<p>&nbsp;</p>\n<p>Для зарегистрировавшихся гостей вход на мероприятие бесплатный.</p>\n<p>Регистрация по телефону 645-01-55.</p>'),(229,'scrollablepart','Classic',1,'prog-5','',50,'ru',NULL,'культура, хореография, пластичность, грация',219,NULL,NULL,0,0,1,'2012-01-07 02:29:20','2012-02-08 02:11:55',NULL,NULL,NULL,'<tags>','<description>',1,'Classic'),(158,'page','vkontakte',0,'vkontakte','',170,'ru',NULL,'vkontakte',31,1,NULL,1,1,3,'2011-04-17 00:12:25','2011-10-07 15:57:31','2011-04-21 21:51:52',NULL,NULL,'<tags>','<description>',1,'vkontakte  <p style=\"position: relative; left: -5px;\"><a href=\"http://vkontakte.ru/club21907312\" target=\"_blank\"><img src=\"/media/uploads/mivkontaktekidness.gif\" alt=\"\" width=\"166\" height=\"36\" /></a></p>'),(165,'page','Курсы для беременных',0,'kursy-dlya-beremennyh','',30,'ru',NULL,'promo_kyrsimam',146,1,NULL,0,0,2,'2011-04-21 19:10:32','2012-02-06 22:14:04','2011-04-21 22:00:45',NULL,NULL,'<tags>','<description>',1,'Курсы для беременных  <h1>Приглашаем Вас в группу по подготовке к родам &laquo;Baby waiting art&raquo;.</h1>\r\n<p><br /><strong>Дорогие будущие мамы! </strong></p>\r\n<p>&laquo;Baby waiting art&raquo; - этa программа создана специально для Вас и вашего малыша. Главный акцент курса делается на психологическую готовность будущей мамы &ndash; это понимание происходящих с ней процессов и изменений, освоение навыков поведения при родах, послеродовой уход за ребенком.<br /><br />Программа курса рассчитана на 8 занятий по 2,5 часа.</p>\r\n<p>Начало занятий в середине февраля!<br /><br /><strong>Описание занятия</strong><br /><br />Каждое занятие начинается с&nbsp; мини-лекции, после которой вы сможете обсудить и&nbsp; задать вопросы по теме. Методические рекомендации, полученные в ходе мини-лекции, позволят вам чувствовать себя увереннее, избавиться от лишних и, порой необоснованных, тревог и сомнений. Полученные знания также положительно сказываются на психологической компетенции в вопросах развития и воспитания детей. Способствуют адаптации будущих родителей к их новому статусу. <br /><br />Затем, мягкая&nbsp; адаптационная гимнастика поможет вам подготовить свое тело&nbsp; к родам и освоить родовые позы. С каждым посещением вы будете узнавать все больше нужной и интересной информации. Вы получите навыки ухода за ребенком (взятие на руки, пеленание и одевание, массаж, ношение в слинге и другие тонкости материнства). <br /><br />Во время занятий предусмотрен перерыв. Вы сможете отдохнуть и подкрепиться свежими овощами и фруктами, выпить чашечку чая или минеральной воды. <br /><br />После того, как вы&nbsp; будете готовы продолжать занятия, начнется самое интересное - Арт-Терапия. Кратко можно сказать, что данная методика налаживает позитивные эмоциональные связи в триаде &laquo;мама &ndash; папа &ndash; малыш&raquo;. Гармонизирует отношения между супругами. Развивает у беременных женщин осознание своего эмоционального состояния, его изменения и принятие. Завершением занятия становиться личная беседа с тренером. <br /><br />Приветствуется посещение курсов вместе с&nbsp; будущими папами или близкими родственниками. Совместная подготовка к рождению малыша благоприятно влияет на процесс рождения и дальнейшее здоровье ребенка и мамы.<br /><br /><strong><br />Расписание и стоимость можно узнать тел. 645-01-55</strong></p>'),(147,'newsentry','Арт-терапия в Буквоеде',1,'art-terpia-v-bukvoede','Детский фитнес-клуб «Kidness Club» и книжная сеть \"Буквоед\" приглашает детей 5-9 лет принять участие в создании Арт-студии, которая состоится 2 апреля. Мы будем играть, сочинять, рисовать, весело и интересно проводить время. А домой ребята заберут сувенир, сделанный своими руками.',80,'ru',NULL,'',9,NULL,NULL,0,0,1,'2011-03-29 17:26:23','2012-02-06 19:49:01','2011-03-27 12:00:00',NULL,NULL,'<tags>','<description>',1,'Арт-терапия в Буквоеде Детский фитнес-клуб «Kidness Club» и книжная сеть \"Буквоед\" приглашает детей 5-9 лет принять участие в создании Арт-студии, которая состоится 2 апреля. Мы будем играть, сочинять, рисовать, весело и интересно проводить время. А домой ребята заберут сувенир, сделанный своими руками.'),(265,'page','Архив (удаленные)',1,'deleted','',140,'ru',NULL,'',NULL,1,NULL,1,1,3,'2012-02-23 15:00:09','2012-02-23 16:39:20',NULL,NULL,NULL,'<tags>','<description>',1,'Архив (удаленные)'),(199,'page','Для умных мам',1,'moms','',70,'ru',NULL,'',18,14,NULL,0,0,1,'2012-01-07 00:36:53','2012-02-21 21:25:12','2011-03-21 17:19:04',NULL,NULL,'<tags>','Курсы для мам.',1,'Для умных мам'),(217,'scrollablepart','Оздоровительная гимнастика',1,'prog-2','',20,'ru',NULL,'здоровье, гармонизация, гибкость, выносливость',215,NULL,NULL,0,0,1,'2012-01-07 02:13:42','2012-02-24 19:01:21',NULL,NULL,NULL,'<tags>','<description>',1,'Оздоровительная гимнастика '),(218,'scrollablepart','Массаж',1,'prog-3','',30,'ru',NULL,'снятие напряжения, позитивный настрой, энергия',215,NULL,NULL,0,0,1,'2012-01-07 02:14:48','2012-02-23 15:25:16',NULL,NULL,NULL,'<tags>','<description>',1,'Массаж <p style=\"text-align: justify;\">В  KidnessClub вы можете научиться делать его самостоятельно под  руководством квалифицированного специалиста. Детям с различными  нарушениями или отклонениями в развитии курс массажа проводит врач.  Занятие по массажу проходит в паре с занятием Smart sport.</p>'),(219,'scrollablecontainer','ШАГ 2 - ВЫБЕРИТЕ ПРОГРАММУ',1,'','',10,'ru',NULL,'',196,NULL,NULL,0,0,1,'2012-01-07 02:16:40','2012-02-24 00:22:27',NULL,NULL,NULL,'<tags>','<description>',1,'ШАГ 2 - ВЫБЕРИТЕ ПРОГРАММУ'),(220,'scrollablepart','Children Yoga',0,'prog-1','',10,'ru',NULL,'раскрепощение, гармония, спокойствие, гибкость,',219,NULL,NULL,0,0,1,'2012-01-07 02:17:10','2012-02-23 16:27:25',NULL,NULL,NULL,'<tags>','<description>',1,'Children Yoga <p><img src=\"/media/uploads/DSC_0252.400x400.JPG\" alt=\"\" width=\"400\" height=\"265\" /><img src=\"/media/uploads/DSC_0265.400x400.JPG\" alt=\"\" width=\"400\" height=\"265\" /></p>'),(213,'scrollablepart','Массаж новорожденным',1,'prog-3','',30,'ru',NULL,' массаж, гармоничное развитие',210,NULL,NULL,0,0,1,'2012-01-07 02:08:48','2012-02-23 15:17:49',NULL,NULL,NULL,'<tags>','<description>',1,'Массаж новорожденным '),(257,'page','Беременные',1,'pregnant','',20,'ru',NULL,'video_pregnant',182,16,NULL,0,0,1,'2012-01-20 13:54:17','2012-02-02 12:56:15',NULL,NULL,NULL,'<tags>','<description>',1,'Беременные  <p><img src=\"/media/uploads/beremenIMG.png\" alt=\"\" width=\"163\" height=\"101\" /></p>\n<p>\n<object classid=\"clsid:d27cdb6e-ae6d-11cf-96b8-444553540000\" width=\"450\" height=\"300\" codebase=\"http://download.macromedia.com/pub/shockwave/cabs/flash/swflash.cab#version=6,0,40,0\">\n<param name=\"src\" value=\"http://www.youtube.com/v/4BupDoIv4jE&amp;feature\" /><embed type=\"application/x-shockwave-flash\" width=\"450\" height=\"300\" src=\"http://www.youtube.com/v/4BupDoIv4jE&amp;feature\"></embed>\n</object>\n</p>'),(215,'scrollablecontainer','ШАГ 2 - ВЫБЕРИТЕ ПРОГРАММУ',1,'','',10,'ru',NULL,'',194,NULL,NULL,0,0,1,'2012-01-07 02:12:05','2012-02-24 00:21:57',NULL,NULL,NULL,'<tags>','<description>',1,'ШАГ 2 - ВЫБЕРИТЕ ПРОГРАММУ'),(216,'scrollablepart','Smart Sport',0,'prog-1','',10,'ru',NULL,'радость, общение, рост, творчество',215,NULL,NULL,0,0,1,'2012-01-07 02:12:29','2012-02-29 22:36:57',NULL,NULL,NULL,'<tags>','<description>',1,'Smart Sport <h2 style=\"text-align: justify;\">Smart sport&nbsp;(Подвижные игры)</h2>\n<p style=\"text-align: justify;\">Играя,&nbsp;  ребята выполняют различные упражнения, направленные на укрепление  опорно-двигательного аппарата, развитие ловкости, творческого мышления,  внимания и памяти.Тренер вместе с детьми проигрывает увлекательные  истории, придумывая персонажей и предлагая выполнить специальные задания  на различные виды физической активности. Используя мягкие модули,  перелезая, ползая и прыгая через искусственные препятствия, ребята  отправляются в сказочное путешествие. Каждая такая игра-тренировка  включает в себя и творческие задания. Дети занимаются&nbsp; рисованием,  аппликацией, лепкой.</p>\n<p style=\"text-align: justify;\">Занятие Smart sport&nbsp; проходит в паре с оздоровительной гимнастикой или массажем.</p>'),(212,'scrollablepart','Smart Sport',0,'prog-2','',20,'ru',NULL,'раннее развитие, игра, общение',210,NULL,NULL,0,0,1,'2012-01-07 02:07:31','2012-02-23 15:09:49',NULL,NULL,NULL,'занятия для малышей, укрепление мышц, оздоровительная гимнастика, игры','Занятин \"Развивающие игры\". Укрепление мышц, оздоровительная гимнастика.',1,'Smart Sport <p>Первая часть занятия проходит в игровой форме с использованием   фитнес-мячей, игр на развитие внимательности, узнаваемости и   запоминаемости предмета. Вторая часть - это оздоровительная гимнастика.</p>'),(208,'scrollablepart','Дзюдо',1,'prog-3','',30,'ru',NULL,' выносливость, развитие силы мышц, подвижность суставов',205,NULL,NULL,0,0,1,'2012-01-07 01:46:38','2012-02-23 15:47:18',NULL,NULL,NULL,'<tags>','<description>',1,'Дзюдо '),(207,'scrollablepart','Smart Sport',0,'prog-2','',20,'ru',NULL,'развитие, игра, мышление, логика',205,NULL,NULL,0,0,1,'2012-01-07 01:45:35','2012-02-23 15:46:35',NULL,NULL,NULL,'<tags>','<description>',1,'Smart Sport '),(146,'page','Анонсы',1,'promo','',100,'ru',NULL,'promo_massaj,',NULL,4,NULL,0,0,1,'2011-03-29 17:16:04','2012-02-23 16:39:20','2011-04-01 12:56:32',NULL,NULL,'<tags>','<description>',1,'Анонсы'),(278,'page','Занятия для детей от 6 до 9 лет',1,'middle','',30,'ru',NULL,'',265,14,NULL,1,1,1,'2012-02-23 16:23:28','2012-02-23 16:41:54','2011-03-21 17:14:49',NULL,NULL,'<tags>','Занятия для детей от 6 до 9 лет. Йога, танцы, оздоровительная гимнастика, восточные единоборства, фитнес.',1,'Занятия для детей от 6 до 9 лет'),(151,'page','KidnessClub в гостях у Лофт Проект ЭТАЖИ',1,'fotoclub-1','',60,'ru',NULL,'',70,9,NULL,0,0,1,'2011-04-03 22:41:03','2012-01-21 19:10:30','2011-03-21 21:20:47',NULL,NULL,'<tags>','<description>',1,'KidnessClub в гостях у Лофт Проект ЭТАЖИ'),(152,'page','Арт-терапия в книжной сети Буквоед',1,'fotoclub-2','',70,'ru',NULL,'',70,9,NULL,0,0,1,'2011-04-04 17:33:30','2012-01-21 19:10:30','2011-03-21 21:20:47',NULL,NULL,'<tags>','<description>',1,'Арт-терапия в книжной сети Буквоед'),(223,'scrollablepart','Оздоровительная гимнастика',0,'prog-3','',30,'ru',NULL,'гибкость, рост, развитие, здоровье,',219,NULL,NULL,0,0,1,'2012-01-07 02:22:07','2012-02-23 16:27:43',NULL,NULL,NULL,'<tags>','<description>',1,'Оздоровительная гимнастика '),(224,'scrollablepart','Hip-Hop',1,'prog-4','',40,'ru',NULL,'аэробика, координация, ритм, уверенность',219,NULL,NULL,0,0,1,'2012-01-07 02:23:08','2012-02-23 16:28:19',NULL,NULL,NULL,'<tags>','<description>',1,'Hip-Hop '),(185,'newsentry','27 ноября приглашаем будущих мам на самое модное и полезное мероприятие «Baby Waiting Art».',1,'Party-Baby-Waiting-Art','Беременность  - это ожидание чуда, которое каждая женщина испытывает по-своему. Мы не верим,  когда говорят, что стать мамой просто. Но мы знаем, как можно с пользой для себя и будущего малыша провести время.',30,'ru',NULL,'',9,NULL,NULL,0,0,2,'2011-11-16 15:29:18','2012-02-06 19:49:01','2011-11-15 12:00:00',NULL,NULL,'<tags>','<description>',1,'27 ноября приглашаем будущих мам на самое модное и полезное мероприятие «Baby Waiting Art». Беременность  - это ожидание чуда, которое каждая женщина испытывает по-своему. Мы не верим,  когда говорят, что стать мамой просто. Но мы знаем, как можно с пользой для себя и будущего малыша провести время.'),(162,'page','Приглашаем детей в танцевальные группы',0,'dance','',40,'ru',NULL,'promo_dance',146,1,NULL,0,0,3,'2011-04-19 20:56:40','2012-02-15 15:00:04','2011-04-18 00:46:21',NULL,NULL,'<tags>','<description>',1,'Приглашаем детей в танцевальные группы  <p style=\"text-align: justify;\"><strong>Приглашаем детей от 3 до 12 лет на занятия танцами.</strong></p>\n<p style=\"text-align: left;\"><br />Благодаря танцевальным занятиям у&nbsp; ребенка улучшается координация, вырабатывается чувство музыкального ритма, повышается выносливость организма. Ребенок учится комбинировать танцевальные движения и связывать их в полноценный танец.</p>\n<p style=\"text-align: left;\"><br />Детям от 5&nbsp; - 6 лет предлагаем занятия &laquo;Baby dance&raquo;.<br />Чт. 18:00 - 19:30</p>\n<p style=\"text-align: left;\"><br />Детям от 6 до 9 лет предлагаем занятия &laquo;Dance&raquo;.<br />Вт, Пт. 16:00 до 17:30, с 18:00 до 19:00.</p>\n<p style=\"text-align: left;\"><br />Подросткам от 9 до 12 лет предлагаем занятия \"Современные танцы\".</p>\n<p style=\"text-align: left;\">&nbsp;</p>\n<p style=\"text-align: left;\">Записаться на занятие можно по тел. 645-01-55.</p>'),(153,'page','Арт-терапия \"Герой моей сказки\" в Лофт Проекте Этажи',1,'art-terapiya-geroj-moej-skazki','',50,'ru',NULL,'',70,9,NULL,0,0,1,'2011-04-11 19:55:57','2012-01-21 19:10:30','2011-04-11 20:14:03',NULL,NULL,'<tags>','<description>',1,'Арт-терапия \"Герой моей сказки\" в Лофт Проекте Этажи'),(154,'page','Песочная терапия',1,'pesochnaya-terapiya','',40,'ru',NULL,'',70,9,NULL,0,0,1,'2011-04-11 21:22:30','2012-01-21 19:10:30','2011-04-11 21:36:49',NULL,NULL,'<tags>','<description>',1,'Песочная терапия'),(155,'page','Встреча кормящих мам',1,'vstrecha-kormyashih-mam','',110,'ru',NULL,'',70,9,NULL,0,0,1,'2011-04-11 22:46:10','2012-01-21 19:10:30','2011-04-11 22:50:20',NULL,NULL,'<tags>','<description>',1,'Встреча кормящих мам'),(156,'page','День открытых дверей 9 апреля',1,'den-otkrytyh-dverej-9-aprelya','',90,'ru',NULL,'',70,9,NULL,0,0,1,'2011-04-14 11:07:37','2012-01-21 19:10:30','2011-04-14 11:28:23',NULL,NULL,'<tags>','<description>',1,'День открытых дверей 9 апреля'),(157,'page','День открытых дверей 8 апреля',1,'den-otkrytyh-dverej-8-aprelya','',100,'ru',NULL,'',70,9,NULL,0,0,1,'2011-04-15 22:15:35','2012-01-21 19:10:30','2011-04-15 22:38:46',NULL,NULL,'<tags>','<description>',1,'День открытых дверей 8 апреля'),(210,'scrollablecontainer','ШАГ 2 - ВЫБЕРИТЕ  ПРОГРАММУ',1,'','',10,'ru',NULL,'',192,NULL,NULL,0,0,1,'2012-01-07 02:05:00','2012-02-23 19:15:07',NULL,NULL,NULL,'<tags>','<description>',1,'ШАГ 2 - ВЫБЕРИТЕ  ПРОГРАММУ'),(205,'scrollablecontainer','ШАГ 2 - ВЫБЕРИТЕ ПРОГРАММУ',1,'','',10,'ru',NULL,'',195,NULL,NULL,0,0,1,'2012-01-07 01:32:07','2012-02-24 00:22:14',NULL,NULL,NULL,'<tags>','<description>',1,'ШАГ 2 - ВЫБЕРИТЕ ПРОГРАММУ'),(206,'scrollablepart','Kiddy Yoga',0,'prog-1','Эта программа развивает память и координацию ребенка\r\nНа курсах «Искусство ожидания малыша» вы убедитесь, что ожидание малыша – это действительно искусство, и оно вам подвластно. Каждое занятие состоит из нескольких блоков: теория, гимнастикя, практикум и арт-терапия. Численность группы до пяти человек, комфортные условия и дружелюбная атмосфера будут способствовать вашему хорошему настроению в ходе подготовки к этому важному событию в вашей жизни.',10,'ru',NULL,'здоровье, гармония, дыхание,',205,NULL,NULL,1,0,1,'2012-01-07 01:34:01','2012-02-23 15:45:44',NULL,NULL,NULL,'<tags>','<description>',1,'Kiddy Yoga Эта программа развивает память и координацию ребенка\r\nНа курсах «Искусство ожидания малыша» вы убедитесь, что ожидание малыша – это действительно искусство, и оно вам подвластно. Каждое занятие состоит из нескольких блоков: теория, гимнастикя, практикум и арт-терапия. Численность группы до пяти человек, комфортные условия и дружелюбная атмосфера будут способствовать вашему хорошему настроению в ходе подготовки к этому важному событию в вашей жизни. <p><img src=\"/media/uploads/DSC_0252.400x400.JPG\" alt=\"\" width=\"400\" height=\"265\" /><img src=\"/media/uploads/DSC_0265.400x400.JPG\" alt=\"\" width=\"400\" height=\"265\" /></p>'),(193,'page','Йога для беременных',1,'uoga_mam','',10,'ru',NULL,'promo_uogamam',146,1,NULL,0,0,1,'2012-01-07 00:25:24','2012-02-16 19:38:31','2011-04-17 02:04:49',NULL,NULL,'<tags>','<description>',1,'Йога для беременных  <p>&nbsp;</p>\n<p>Йога для беременных направлена на укрепление мышечного каркаса, оздоровление и подготовку организма мамы к родам.</p>\n<p>&nbsp;</p>\n<p>Программа занятий включает в себя как упражнения на растяжку и расслабление тела, так и комплексы для укрепления мышц, что поможет в дальнейшем организму мамы быстрее восстановиться после родов. Специальные комплексы упражнений и дыхательных техник устраняют дискомфортные и болевые состояния, раскрывают тазовый пояс , стабилизируют нервную систему и улучшают настроение.</p>\n<p><br />Занятия проводятся в группах до 5 человек.<br />Длительность курса 4 или 8 занятий в месяц по 1,5 часа.</p>\n<p>&nbsp;</p>\n<p>Действующие группы:</p>\n<p>&nbsp;</p>\n<p>Ср., 13:00 - 14:30</p>\n<p>Пт., 13:00 - 14:30</p>\n<p>Сб., 18:00 - 19:30</p>\n<p>&nbsp;</p>\n<p>Мы занимаемся здоровьем детей еще до их рождения!</p>'),(172,'page','Спортивный час в ЛЕНЭКСПО',1,'zarydka-dly-bykvoeda','',150,'ru',NULL,'фитнес для детей, спортивные занятия, зарядка',70,9,NULL,0,0,2,'2011-06-08 13:48:52','2012-01-21 19:10:30','2011-04-29 17:34:49',NULL,NULL,'<tags>','<description>',1,'Спортивный час в ЛЕНЭКСПО'),(181,'page','Тестовая',1,'stet','',110,'ru',NULL,'',NULL,NULL,NULL,0,0,1,'2011-10-12 00:09:13','2012-02-23 16:39:20','2011-10-12 00:17:25',NULL,NULL,'<tags>','<description>',1,'Тестовая'),(189,'page','Видео с комментами',1,'video_vk','',130,'ru',NULL,'',NULL,15,NULL,0,0,1,'2012-01-06 20:38:21','2012-02-23 16:39:20',NULL,NULL,NULL,'<tags>','<description>',1,'Видео с комментами'),(182,'page','Видео',1,'video','',120,'ru',NULL,'',NULL,12,NULL,0,0,1,'2011-10-16 14:21:36','2012-02-23 16:39:20',NULL,NULL,NULL,'<tags>','<description>',1,'Видео'),(177,'page','Детская йога',1,'uoga','',60,'ru',NULL,'promo_uoga',146,3,NULL,0,0,3,'2011-09-07 16:25:58','2012-02-06 22:06:53','2011-04-18 00:46:21',NULL,NULL,'<tags>','<description>',1,'Детская йога'),(178,'page','Дзюдо  от 4 до 12 лет',1,'edinoborstva','',70,'ru',NULL,'promo_edinobors',146,3,NULL,0,0,3,'2011-09-07 16:32:32','2012-02-06 22:06:53','2011-04-18 00:46:21',NULL,NULL,'<tags>','<description>',1,'Дзюдо  от 4 до 12 лет'),(170,'page','Арт-терприя для беременных',1,'zanyatiya-s-beremennymi-1','',130,'ru',NULL,'фитнес для беременных, беременные, психологическая подготовка к родам, арт-терапия',70,9,NULL,0,0,2,'2011-06-08 13:35:54','2012-01-21 19:10:30','2011-04-29 17:34:49',NULL,NULL,'<tags>','<description>',1,'Арт-терприя для беременных'),(169,'page','Обучение мам детскому массажу',1,'massaj','',50,'ru',NULL,'promo_massaj',146,1,NULL,0,0,3,'2011-05-30 16:22:08','2012-02-06 22:06:53','2011-04-18 00:46:21',NULL,NULL,'<tags>','<description>',1,'Обучение мам детскому массажу'),(272,'page','Занятия для детей от 3-х до 6 лет',1,'child','',20,'ru',NULL,'',265,14,NULL,1,1,1,'2012-02-23 16:18:39','2012-02-23 16:41:54','2011-03-21 17:14:08',NULL,NULL,'<tags>','Занятия для детей от 3-х до 6 лет. Детская йога, подвижные игры, оздоровительная гимнастика, растяжка.',1,'Занятия для детей от 3-х до 6 лет'),(174,'newsentry','С днем рождения KidnessClub!',1,'c_dnem_rogdeniy','KidnessClub исполнился один год!',40,'ru',NULL,'',9,NULL,NULL,0,0,2,'2011-06-15 01:47:17','2012-02-06 19:49:01','2011-09-01 01:47:24','2011-09-01 01:54:39',NULL,'<tags>','<description>',1,'С днем рождения KidnessClub! KidnessClub исполнился один год!'),(196,'page','ШАГ 1 - УЗНАЙТЕ ОБ ОСОБЕННОСТЯХ РАЗВИТИЯ ДЕТЕЙ от 6 до 9 лет',1,'middle','',40,'ru',NULL,'',18,14,NULL,0,0,1,'2012-01-07 00:31:23','2012-02-24 19:27:06','2011-03-21 17:14:49',NULL,NULL,'занятия для детей, здоровье ребенка, укрепление позвоночника, мышение, развитие памяти, развитие воображения, самооценка ребенка, детская йога, развивающие игры, дзюдо, подготовка к школе, hip-hop, хипхоп, детский фитнес','Занятия для детей от 6 до 9 лет. Йога, танцы, оздоровительная гимнастика, восточные единоборства, фитнес.',1,'ШАГ 1 - УЗНАЙТЕ ОБ ОСОБЕННОСТЯХ РАЗВИТИЯ ДЕТЕЙ от 6 до 9 лет  <p style=\"text-align: justify;\"><img style=\"float: left; margin-right: 10px;\" src=\"/media/uploads/progmenu_4.jpg\" alt=\"\" width=\"160\" height=\"119\" />Развитие ребенка в возрасте от шести до девяти лет знаменуется переходом на новую ступень его жизнедеятельности. Это связанно с поступлением в школу, изменением режима сна, активным общением со сверстниками, адаптацией к учебной деятельности. Занятия в KidnessClub помогут ребенку уверенно справиться с важным периодом в его жизни и будут способствовать поддержанию организма в хорошей физической форме.</p>\n<p style=\"text-align: justify;\">&nbsp;</p>\n<p style=\"text-align: justify;\">&nbsp;&nbsp;<br />Шестилетние дети весьма самостоятельные и сознательные люди. Они прекрасно понимают, что от них требуют взрослые, стремятся выполнять различные задания. <br />На смену игровой деятельности ребенка приходит учебная. Первый год обучения в школе очень сложный период не только для детей, но и для родителей. Важно не перегружать учебой, чтобы интерес к ней сохранился и в будущем. Полезно выполнять физические упражнения, заниматься гимнастикой, танцами, чаще бывать на свежем воздухе.</p>\n<p style=\"text-align: justify;\">&nbsp;</p>\n<p style=\"text-align: justify;\">Дети&nbsp; - одаренные создания по своей природе. Но способности не раскрываются сами по себе. Прислушиваясь к его интересам и предоставляя ему возможность пробовать свои силы в различной деятельности, вы сможете помочь развить безграничный потенциал вашего ребенка.</p>\n<p style=\"text-align: justify;\">&nbsp;</p>\n<p style=\"text-align: justify;\">KidnessClub предлагает различные программы для&nbsp; детей в возрасте от шести до девяти лет. Подробнее с их описанием вы можете ознакомиться ниже.</p>'),(188,'newsentry','Обратите внимание! Режим работы клуба в новогодние каникулы!',1,'work','Любимые клиенты!\nС 29 декабря по 9 января включительно в KidnessClub новогодние каникулы. Ждем вас на занятиях 10 января. Наш телефон 645-01-55 работает и мы с радостью ответим на интересующие вас вопросы! С Новым Годом! Здоровья, счастья, радости и веселья в 2012 году!',20,'ru',NULL,'',9,NULL,NULL,0,0,2,'2011-12-28 23:14:04','2012-02-06 19:49:01','2011-12-28 23:21:34','2011-12-28 23:21:32','2012-01-10 23:21:30','<tags>','<description>',1,'Обратите внимание! Режим работы клуба в новогодние каникулы! Любимые клиенты!\nС 29 декабря по 9 января включительно в KidnessClub новогодние каникулы. Ждем вас на занятиях 10 января. Наш телефон 645-01-55 работает и мы с радостью ответим на интересующие вас вопросы! С Новым Годом! Здоровья, счастья, радости и веселья в 2012 году!'),(198,'page','Подготовка к родам',1,'pregnant','',60,'ru',NULL,'',18,14,NULL,0,0,1,'2012-01-07 00:35:05','2012-02-21 21:26:24','2011-03-21 02:30:41',NULL,NULL,'беременные, курсы для беременных, подготовка к родам,','Подготовка к родам. Курсы для беременных. Искусство ожидания малыша. Арт-терапия. Песочная-терапия.',1,'Подготовка к родам  <p>&nbsp;</p>\n<p>\n<object classid=\"clsid:d27cdb6e-ae6d-11cf-96b8-444553540000\" width=\"450\" height=\"300\" codebase=\"http://download.macromedia.com/pub/shockwave/cabs/flash/swflash.cab#version=6,0,40,0\">\n<param name=\"src\" value=\"http://www.youtube.com/v/4BupDoIv4jE&amp;feature\" /><embed type=\"application/x-shockwave-flash\" width=\"450\" height=\"300\" src=\"http://www.youtube.com/v/4BupDoIv4jE&amp;feature\"></embed>\n</object>\n</p>\n<p>&nbsp;</p>\n<p>Беременность &ndash; это ожидание чуда, которое каждая женщина испытывает по-своему. Эти девять месяцев могут быть наполнены волнениями и страхами, а могут стать незабываемыми и счастливыми. Для этого необходимо ощутить новую глубину ваших отношений, установить эмоциональный контакт с малышом еще до его рождения, подготовиться к появлению ребенка как физически, так и психологически. Мы не верим, когда говорят, что стать мамой просто. Но мы создали особые условия и разработали специальные занятия, которые смогут помочь вам&nbsp;&nbsp;улучшить самочувствие и подготовиться к родам. Наши занятия проходят в комфортных условиях в небольших группах до 5 человек.&nbsp;&nbsp;Мы приветствуем, когда будущие мамы приходят со своими супругами или с близкими родственниками, которые будут поддерживать вас.</p>'),(195,'page','ШАГ 1 - УЗНАЙТЕ ОБ ОСОБЕННОСТЯХ РАЗВИТИЯ ДЕТЕЙ от 3-х до 6 лет',1,'child','',30,'ru',NULL,'',18,14,NULL,0,0,1,'2012-01-07 00:29:14','2012-02-24 19:24:55','2011-03-21 17:14:08',NULL,NULL,'занятия для детей, здоровье ребенка, укрепление позвоночника, мышение, развитие памяти, развитие воображения, самооценка ребенка, детская йога, развивающие игры, дзюдо, детский фитнес','Занятия для детей от 3-х до 6 лет. Детская йога, подвижные игры, оздоровительная гимнастика, растяжка.',1,'ШАГ 1 - УЗНАЙТЕ ОБ ОСОБЕННОСТЯХ РАЗВИТИЯ ДЕТЕЙ от 3-х до 6 лет  <p style=\"text-align: justify;\"><img style=\"float: left; margin-right: 10px;\" src=\"/media/uploads/progmenu_3.jpg\" alt=\"\" width=\"160\" height=\"119\" />Каждый ребенок наполнен неисчерпаемой энергией и наделен уникальными способностями. Поэтому одна из основных задач KidnessClub&nbsp;состоит в том, чтобы создать необходимые условия и предоставить возможности для того, чтобы каждый смог найти занятие по интересу и раскрыть свой талант.</p>\n<p style=\"text-align: justify;\">&nbsp;</p>\n<p style=\"text-align: justify;\">Дети в возрасте от трех до шести лет стремятся к общению, полны желания познавать и крайне любознательны. Для них становятся важны совместные занятия со сверстниками и ощущение себя в процессе взаимодействия с ними. В этом возрасте возможны конфликтные ситуации. Понять причины и устранить их нежелательные последствия<span>&nbsp; </span>помогает доверительная беседа с психологом или арт-терапевтом.</p>\n<p class=\"MsoNormal\" style=\"text-align: justify;\">&nbsp;</p>\n<p class=\"MsoNormal\" style=\"text-align: justify;\">Не нужно забывать, что продолжает формироваться походка. Рекомендуется практика хождения босиком, выполнение специальных упражнений на укрепление позвоночника, массаж. Возраст от пяти до шести лет &ndash; важный период в развитии интеллектуальной сферы ребенка. Поэтому игровой материал занятий усложняется.</p>\n<p class=\"MsoNormal\" style=\"text-align: justify;\">&nbsp;</p>\n<p class=\"MsoNormal\" style=\"text-align: justify;\">Он становится логическим и непринужденно заставляет ребенка думать. В ходе игры естественным образом совершенствуется мышление, память, воображение, умение анализировать. Чтобы помочь малышу разобраться в полученной информации, нужно развернуто отвечать на его вопросы, спрашивать его мнение и позволять рассуждать. Важным показателем этого возраста является самооценка ребенка. Развитие уверенности в себе во многом определяется достижениями малыша, которые нуждаются <span>&nbsp;</span>в одобрении и похвале. Воспитание у ребенка чувства собственного достоинства и позитивного мышления &ndash; это залог его успеха в будущем.</p>\n<p class=\"MsoNormal\" style=\"text-align: justify;\">&nbsp;</p>\n<p class=\"MsoNormal\" style=\"text-align: justify;\"><span lang=\"EN-US\">KidnessClub</span> предлагает специальные программы для развития вашего ребенка в возрасте от 3-х до 6 лет. Подробнее с их описанием вы можете ознакомиться ниже.</p>\n<p class=\"MsoNormal\" style=\"text-align: justify;\">&nbsp;</p>'),(176,'newsentry','Лето профессионального роста!',1,'leto-professionalnogo-rosta-1','Персонал KidnessClub получил отличные оценки на тренингах личностного\nроста «Развитие креативности арт-терапевтическими методами».',50,'ru',NULL,'',9,NULL,NULL,0,0,2,'2011-09-01 15:18:03','2012-02-06 19:49:01','2011-06-15 01:47:24','2011-06-15 01:54:39',NULL,'<tags>','<description>',1,'Лето профессионального роста! Персонал KidnessClub получил отличные оценки на тренингах личностного\nроста «Развитие креативности арт-терапевтическими методами».'),(273,'scrollablecontainer','Выберите программу',1,'','',10,'ru',NULL,'',272,14,NULL,1,1,1,'2012-02-23 16:18:39','2012-02-23 16:41:34',NULL,NULL,NULL,'<tags>','<description>',1,'Выберите программу');
/*!40000 ALTER TABLE `lfc_basecontent` ENABLE KEYS */;
UNLOCK TABLES;

--
-- Table structure for table `lfc_blog_blog`
--

DROP TABLE IF EXISTS `lfc_blog_blog`;
CREATE TABLE `lfc_blog_blog` (
  `basecontent_ptr_id` int(11) NOT NULL default '0',
  `text` longtext NOT NULL,
  PRIMARY KEY  (`basecontent_ptr_id`)
) ENGINE=MyISAM DEFAULT CHARSET=cp1251;

--
-- Dumping data for table `lfc_blog_blog`
--

LOCK TABLES `lfc_blog_blog` WRITE;
/*!40000 ALTER TABLE `lfc_blog_blog` DISABLE KEYS */;
/*!40000 ALTER TABLE `lfc_blog_blog` ENABLE KEYS */;
UNLOCK TABLES;

--
-- Table structure for table `lfc_blog_blogentry`
--

DROP TABLE IF EXISTS `lfc_blog_blogentry`;
CREATE TABLE `lfc_blog_blogentry` (
  `basecontent_ptr_id` int(11) NOT NULL default '0',
  `text` longtext NOT NULL,
  PRIMARY KEY  (`basecontent_ptr_id`)
) ENGINE=MyISAM DEFAULT CHARSET=cp1251;

--
-- Dumping data for table `lfc_blog_blogentry`
--

LOCK TABLES `lfc_blog_blogentry` WRITE;
/*!40000 ALTER TABLE `lfc_blog_blogentry` DISABLE KEYS */;
/*!40000 ALTER TABLE `lfc_blog_blogentry` ENABLE KEYS */;
UNLOCK TABLES;

--
-- Table structure for table `lfc_blog_blogportlet`
--

DROP TABLE IF EXISTS `lfc_blog_blogportlet`;
CREATE TABLE `lfc_blog_blogportlet` (
  `id` int(11) NOT NULL auto_increment,
  `title` varchar(100) NOT NULL default '',
  `limit` int(11) NOT NULL default '0',
  PRIMARY KEY  (`id`)
) ENGINE=MyISAM DEFAULT CHARSET=cp1251;

--
-- Dumping data for table `lfc_blog_blogportlet`
--

LOCK TABLES `lfc_blog_blogportlet` WRITE;
/*!40000 ALTER TABLE `lfc_blog_blogportlet` DISABLE KEYS */;
/*!40000 ALTER TABLE `lfc_blog_blogportlet` ENABLE KEYS */;
UNLOCK TABLES;

--
-- Table structure for table `lfc_contenttyperegistration`
--

DROP TABLE IF EXISTS `lfc_contenttyperegistration`;
CREATE TABLE `lfc_contenttyperegistration` (
  `id` int(11) NOT NULL auto_increment,
  `type` varchar(100) NOT NULL default '',
  `name` varchar(100) NOT NULL default '',
  `display_select_standard` tinyint(1) NOT NULL default '0',
  `display_position` tinyint(1) NOT NULL default '0',
  `global_addable` tinyint(1) NOT NULL default '0',
  `default_template_id` int(11) default NULL,
  `workflow_id` int(11) default NULL,
  PRIMARY KEY  (`id`),
  UNIQUE KEY `type` (`type`),
  UNIQUE KEY `name` (`name`),
  KEY `lfc_contenttyperegistration_default_template_id` (`default_template_id`),
  KEY `lfc_contenttyperegistration_workflow_id` (`workflow_id`)
) ENGINE=MyISAM AUTO_INCREMENT=10 DEFAULT CHARSET=cp1251;

--
-- Dumping data for table `lfc_contenttyperegistration`
--

LOCK TABLES `lfc_contenttyperegistration` WRITE;
/*!40000 ALTER TABLE `lfc_contenttyperegistration` DISABLE KEYS */;
INSERT INTO `lfc_contenttyperegistration` VALUES (1,'page','Page',1,1,1,2,2),(2,'newsentry','News Entry',1,1,0,6,NULL),(3,'news','News',1,1,1,5,NULL),(8,'scrollablecontainer','Scrollable Container',1,1,0,14,NULL),(9,'scrollablepart','Scrollable Part',1,1,0,14,NULL);
/*!40000 ALTER TABLE `lfc_contenttyperegistration` ENABLE KEYS */;
UNLOCK TABLES;

--
-- Table structure for table `lfc_contenttyperegistration_subtypes`
--

DROP TABLE IF EXISTS `lfc_contenttyperegistration_subtypes`;
CREATE TABLE `lfc_contenttyperegistration_subtypes` (
  `id` int(11) NOT NULL auto_increment,
  `from_contenttyperegistration_id` int(11) NOT NULL default '0',
  `to_contenttyperegistration_id` int(11) NOT NULL default '0',
  PRIMARY KEY  (`id`),
  UNIQUE KEY `from_contenttyperegistration_id` (`from_contenttyperegistration_id`,`to_contenttyperegistration_id`),
  KEY `to_contenttyperegistration_id_refs_id_1a937fc4` (`to_contenttyperegistration_id`)
) ENGINE=MyISAM AUTO_INCREMENT=43 DEFAULT CHARSET=cp1251;

--
-- Dumping data for table `lfc_contenttyperegistration_subtypes`
--

LOCK TABLES `lfc_contenttyperegistration_subtypes` WRITE;
/*!40000 ALTER TABLE `lfc_contenttyperegistration_subtypes` DISABLE KEYS */;
INSERT INTO `lfc_contenttyperegistration_subtypes` VALUES (40,1,8),(2,3,2),(41,1,1),(21,8,9),(42,1,3);
/*!40000 ALTER TABLE `lfc_contenttyperegistration_subtypes` ENABLE KEYS */;
UNLOCK TABLES;

--
-- Table structure for table `lfc_contenttyperegistration_templates`
--

DROP TABLE IF EXISTS `lfc_contenttyperegistration_templates`;
CREATE TABLE `lfc_contenttyperegistration_templates` (
  `id` int(11) NOT NULL auto_increment,
  `contenttyperegistration_id` int(11) NOT NULL default '0',
  `template_id` int(11) NOT NULL default '0',
  PRIMARY KEY  (`id`),
  UNIQUE KEY `contenttyperegistration_id` (`contenttyperegistration_id`,`template_id`),
  KEY `template_id_refs_id_6e55faac` (`template_id`)
) ENGINE=MyISAM AUTO_INCREMENT=106 DEFAULT CHARSET=cp1251;

--
-- Dumping data for table `lfc_contenttyperegistration_templates`
--

LOCK TABLES `lfc_contenttyperegistration_templates` WRITE;
/*!40000 ALTER TABLE `lfc_contenttyperegistration_templates` DISABLE KEYS */;
INSERT INTO `lfc_contenttyperegistration_templates` VALUES (105,1,18),(104,1,17),(37,8,14),(103,1,16),(5,2,6),(6,3,5),(102,1,15),(36,8,13),(101,1,14),(100,1,12),(99,1,9),(46,9,14),(98,1,4),(97,1,3),(96,1,2),(95,1,1);
/*!40000 ALTER TABLE `lfc_contenttyperegistration_templates` ENABLE KEYS */;
UNLOCK TABLES;

--
-- Table structure for table `lfc_file`
--

DROP TABLE IF EXISTS `lfc_file`;
CREATE TABLE `lfc_file` (
  `id` int(11) NOT NULL auto_increment,
  `title` varchar(100) NOT NULL default '',
  `slug` varchar(50) NOT NULL default '',
  `content_type_id` int(11) default NULL,
  `content_id` int(10) unsigned default NULL,
  `position` smallint(6) NOT NULL default '0',
  `description` varchar(100) NOT NULL default '',
  `creation_date` datetime NOT NULL default '0000-00-00 00:00:00',
  `file` varchar(100) NOT NULL default '',
  PRIMARY KEY  (`id`),
  KEY `lfc_file_slug` (`slug`),
  KEY `lfc_file_content_type_id` (`content_type_id`)
) ENGINE=MyISAM DEFAULT CHARSET=cp1251;

--
-- Dumping data for table `lfc_file`
--

LOCK TABLES `lfc_file` WRITE;
/*!40000 ALTER TABLE `lfc_file` DISABLE KEYS */;
/*!40000 ALTER TABLE `lfc_file` ENABLE KEYS */;
UNLOCK TABLES;

--
-- Table structure for table `lfc_image`
--

DROP TABLE IF EXISTS `lfc_image`;
CREATE TABLE `lfc_image` (
  `id` int(11) NOT NULL auto_increment,
  `title` varchar(100) NOT NULL default '',
  `slug` varchar(50) NOT NULL default '',
  `content_type_id` int(11) default NULL,
  `content_id` int(10) unsigned default NULL,
  `position` smallint(6) NOT NULL default '0',
  `caption` varchar(100) NOT NULL default '',
  `short_description` longtext NOT NULL,
  `description` longtext NOT NULL,
  `creation_date` datetime NOT NULL default '0000-00-00 00:00:00',
  `image` varchar(100) NOT NULL default '',
  PRIMARY KEY  (`id`),
  KEY `lfc_image_slug` (`slug`),
  KEY `lfc_image_content_type_id` (`content_type_id`)
) ENGINE=MyISAM AUTO_INCREMENT=697 DEFAULT CHARSET=cp1251;

--
-- Dumping data for table `lfc_image`
--

LOCK TABLES `lfc_image` WRITE;
/*!40000 ALTER TABLE `lfc_image` DISABLE KEYS */;
INSERT INTO `lfc_image` VALUES (237,'DSC_0757.JPG','',18,153,210,'','','','2011-04-11 20:59:05','uploads/DSC_0757.JPG'),(584,'DSC_0390.JPG','',18,170,90,'','','','2011-06-08 13:37:04','uploads/DSC_0390.JPG'),(451,'DSC_0090.JPG','',18,166,30,'','','','2011-04-21 23:26:35','uploads/DSC_0090.JPG'),(255,'DSC_0987.JPG','',18,155,10,'','','','2011-04-11 22:46:50','uploads/DSC_0987.JPG'),(57,'map_sm.jpg','',18,57,30,'','','','2011-03-19 09:10:46','uploads/map_sm.jpg'),(443,'3_01.jpg','',18,165,10,'','','','2011-04-21 21:26:58','uploads/3_01.jpg'),(446,'mivkontakte kidness.gif','',18,31,10,'','','','2011-04-21 21:55:41','uploads/mivkontakte_kidness.gif'),(20,'IMG_0249.JPG','',18,2,10,'','','','2011-03-14 00:46:49','uploads/IMG_0249.JPG'),(120,'DSC_1040.JPG','',18,71,70,'','','','2011-03-31 11:54:26','uploads/DSC_1040.JPG'),(121,'DSC_0212.JPG','',18,71,80,'','','','2011-03-31 11:56:21','uploads/DSC_0212.JPG'),(122,'DSC_0266.JPG','',18,71,90,'','','','2011-03-31 12:00:16','uploads/DSC_0266.JPG'),(123,'DSC_0252.JPG','',18,71,100,'','','','2011-03-31 12:01:34','uploads/DSC_0252___.JPG'),(119,'DSC_1017.JPG','',18,71,60,'','','','2011-03-31 11:53:42','uploads/DSC_1017.JPG'),(118,'DSC_0639.JPG','',18,71,50,'','','','2011-03-31 11:53:00','uploads/DSC_0639.JPG'),(116,'DSC_0598.JPG','',18,71,30,'','','','2011-03-31 11:47:57','uploads/DSC_0598.JPG'),(115,'DSC_0359.JPG','',18,71,20,'','','','2011-03-31 11:46:39','uploads/DSC_0359.JPG'),(49,'map_big.jpg','',18,57,10,'','','','2011-03-18 23:24:52','uploads/map_big.jpg'),(50,'parking_icon.gif','',18,57,20,'','','','2011-03-18 23:49:16','uploads/parking_icon.gif'),(595,'DSC_0062.JPG','',18,171,80,'','','','2011-06-08 13:41:34','uploads/DSC_0062.JPG'),(236,'DSC_0749.JPG','',18,153,200,'','','','2011-04-11 20:38:14','uploads/DSC_0749.JPG'),(235,'DSC_0752.JPG','',18,153,190,'','','','2011-04-11 20:37:48','uploads/DSC_0752.JPG'),(685,'DSC_0141.JPG','',49,261,10,'','','','2012-02-05 20:20:32','uploads/DSC_0141.JPG'),(68,'map_smdot.jpg','',18,57,40,'','','','2011-03-20 11:23:50','uploads/map_smdot.jpg'),(60,'logo.png','',45,9,10,'','','','2011-03-19 14:15:03','uploads/logo.png'),(670,'beremenIMG.png','',18,257,10,'','','','2012-01-20 13:55:41','uploads/beremenIMG.png'),(63,'mi_mundo.gif','',16,1,10,'','','','2011-03-19 14:19:38','uploads/mi_mundo.gif'),(692,'progmenu_1.jpg','',18,192,10,'','','','2012-02-24 19:15:45','uploads/progmenu_1.jpg'),(69,'map_bigdot.jpg','',18,57,50,'','','','2011-03-20 11:31:03','uploads/map_bigdot.jpg'),(693,'progmenu_2.jpg','',18,194,10,'','','','2012-02-24 19:23:15','uploads/progmenu_2.jpg'),(674,'yoga_for_pregnant_heght400x400.png','',18,258,10,'','','','2012-01-22 09:45:53','uploads/yoga_for_pregnant_heght400x400.png'),(678,'1-yoga.jpg','',18,193,10,'','','','2012-01-24 18:33:09','uploads/1-yoga.jpg'),(132,'DSC_0227.jpg','',18,151,10,'','','','2011-04-03 23:17:39','uploads/DSC_0227.jpg'),(134,'DSC_0260.JPG','',18,151,20,'','','','2011-04-03 23:53:58','uploads/DSC_0260.JPG'),(135,'DSC_0263.JPG','',18,151,30,'','','','2011-04-03 23:54:13','uploads/DSC_0263.JPG'),(143,'DSC_0297.JPG','',18,151,60,'','','','2011-04-04 00:01:43','uploads/DSC_0297.JPG'),(113,'DSC_0925.JPG','',18,71,10,'','','','2011-03-31 11:07:15','uploads/DSC_0925.JPG'),(673,'yoga_for_pregnant_width300.png','',18,258,30,'','','','2012-01-21 19:00:59','uploads/yoga_for_pregnant_width300.png'),(672,'art_terathy_for_children_width300.png','',18,258,20,'','','','2012-01-21 19:00:45','uploads/art_terathy_for_children_width300.png'),(610,'image036.jpg','',18,172,90,'','','','2011-06-08 13:50:26','uploads/image036.jpg'),(99,'default.jpeg','',18,96,20,'','','','2011-03-28 13:48:13','uploads/default.jpeg'),(105,'DSC_0017 (10).jpg','',18,103,20,'','','','2011-03-30 19:30:37','uploads/DSC_0017_10.jpg'),(682,'YogaBIG.png','',18,259,10,'','','','2012-02-02 16:07:18','uploads/YogaBIG.png'),(104,'DSC_0082.jpg','',18,103,10,'','','','2011-03-30 19:30:00','uploads/DSC_0082.jpg'),(668,'ZelenayaKoftochka.png','',18,182,20,'','','','2012-01-01 16:39:30','uploads/ZelenayaKoftochka.png'),(102,'kids_logo.jpg','',18,96,30,'','','','2011-03-29 20:15:24','uploads/kids_logo.jpg'),(667,'BeremenyeYoga.png','',18,182,10,'','','','2012-01-01 16:39:17','uploads/BeremenyeYoga.png'),(597,'DSC_0073.JPG','',18,171,100,'','','','2011-06-08 13:41:39','uploads/DSC_0073.JPG'),(101,'657.jpg','',46,11,10,'','','','2011-03-29 17:37:53','uploads/657.jpg'),(98,'logo.png','',18,96,10,'','','','2011-03-28 13:44:46','uploads/logo__.png'),(103,'sm_logo.jpg','',18,96,40,'','','','2011-03-29 20:15:59','uploads/sm_logo.jpg'),(106,'DSC_0024 (4).jpg','',18,103,30,'','','','2011-03-30 22:35:47','uploads/DSC_0024_4.jpg'),(107,'DSC_0026 (12).jpg','',18,103,40,'','','','2011-03-30 22:36:24','uploads/DSC_0026_12.jpg'),(108,'DSC_0025 (10).jpg','',18,103,50,'','','','2011-03-30 22:36:50','uploads/DSC_0025_10.jpg'),(109,'DSC_0028 (4).jpg','',18,103,60,'','','','2011-03-30 22:38:23','uploads/DSC_0028_4.jpg'),(110,'DSC_0045 (12).jpg','',18,103,70,'','','','2011-03-30 22:39:33','uploads/DSC_0045_12.jpg'),(111,'DSC_0172.jpg','',18,103,80,'','','','2011-03-30 22:40:20','uploads/DSC_0172.jpg'),(117,'DSC_0240.JPG','',18,71,40,'','','','2011-03-31 11:52:07','uploads/DSC_0240.JPG'),(124,'DSC_0265.JPG','',18,71,110,'','','','2011-03-31 12:02:13','uploads/DSC_0265___.JPG'),(141,'DSC_0281.JPG','',18,151,40,'','','','2011-04-04 00:00:24','uploads/DSC_0281.JPG'),(142,'DSC_0295.JPG','',18,151,50,'','','','2011-04-04 00:00:43','uploads/DSC_0295.JPG'),(144,'DSC_0303.JPG','',18,151,70,'','','','2011-04-04 00:02:05','uploads/DSC_0303.JPG'),(145,'DSC_0305.JPG','',18,151,80,'','','','2011-04-04 00:02:35','uploads/DSC_0305.JPG'),(146,'DSC_0307.JPG','',18,151,90,'','','','2011-04-04 00:02:52','uploads/DSC_0307.JPG'),(147,'DSC_0309.JPG','',18,151,100,'','','','2011-04-04 00:03:10','uploads/DSC_0309.JPG'),(155,'DSC_0341.JPG','',18,151,120,'','','','2011-04-04 00:18:01','uploads/DSC_0341.JPG'),(157,'DSC_0347.JPG','',18,151,130,'','','','2011-04-04 00:19:42','uploads/DSC_0347.JPG'),(158,'DSC_0348.JPG','',18,151,140,'','','','2011-04-04 00:20:01','uploads/DSC_0348.JPG'),(154,'DSC_0318.JPG','',18,151,110,'','','','2011-04-04 00:17:36','uploads/DSC_0318.JPG'),(159,'DSC_0349.JPG','',18,151,150,'','','','2011-04-04 00:20:20','uploads/DSC_0349.JPG'),(160,'DSC_0351.JPG','',18,151,160,'','','','2011-04-04 00:20:46','uploads/DSC_0351.JPG'),(161,'DSC_0353.JPG','',18,151,170,'','','','2011-04-04 00:21:10','uploads/DSC_0353.JPG'),(162,'DSC_0356.JPG','',18,151,180,'','','','2011-04-04 00:21:39','uploads/DSC_0356.JPG'),(163,'DSC_0362.JPG','',18,151,190,'','','','2011-04-04 00:22:03','uploads/DSC_0362.JPG'),(164,'DSC_0364.JPG','',18,151,200,'','','','2011-04-04 00:22:28','uploads/DSC_0364.JPG'),(165,'DSC_0368.JPG','',18,151,210,'','','','2011-04-04 00:22:47','uploads/DSC_0368.JPG'),(166,'DSC_0369.JPG','',18,151,220,'','','','2011-04-04 00:23:48','uploads/DSC_0369.JPG'),(167,'DSC_0371.JPG','',18,151,230,'','','','2011-04-04 00:24:11','uploads/DSC_0371.JPG'),(168,'DSC_0376.JPG','',18,151,240,'','','','2011-04-04 00:24:40','uploads/DSC_0376.JPG'),(169,'DSC_0389.JPG','',18,151,250,'','','','2011-04-04 00:24:59','uploads/DSC_0389.JPG'),(170,'DSC_0396.JPG','',18,151,260,'','','','2011-04-04 00:25:48','uploads/DSC_0396.JPG'),(173,'DSC_0447.JPG','',18,151,270,'','','','2011-04-04 00:29:05','uploads/DSC_0447.JPG'),(174,'DSC_0453.JPG','',18,151,280,'','','','2011-04-04 00:29:51','uploads/DSC_0453.JPG'),(175,'DSC_0457.JPG','',18,151,290,'','','','2011-04-04 00:30:15','uploads/DSC_0457.JPG'),(176,'DSC_0459.JPG','',18,151,300,'','','','2011-04-04 00:30:47','uploads/DSC_0459.JPG'),(177,'DSC_0465.JPG','',18,151,310,'','','','2011-04-04 00:31:07','uploads/DSC_0465.JPG'),(178,'DSC_0468.JPG','',18,151,320,'','','','2011-04-04 00:31:33','uploads/DSC_0468.JPG'),(179,'DSC_0469.JPG','',18,151,330,'','','','2011-04-04 00:32:11','uploads/DSC_0469.JPG'),(180,'DSC_0471.JPG','',18,151,340,'','','','2011-04-04 00:32:54','uploads/DSC_0471.JPG'),(181,'DSC_0256.JPG','',18,151,350,'','','','2011-04-04 00:33:19','uploads/DSC_0256.JPG'),(182,'P1070315.JPG','',18,152,10,'','','','2011-04-04 17:36:22','uploads/P1070315.JPG'),(183,'DSC_0474.JPG','',18,152,20,'','','','2011-04-04 17:37:09','uploads/DSC_0474.JPG'),(184,'DSC_0478.JPG','',18,152,30,'','','','2011-04-04 17:38:00','uploads/DSC_0478.JPG'),(185,'DSC_0480.JPG','',18,152,40,'','','','2011-04-04 17:38:32','uploads/DSC_0480.JPG'),(186,'DSC_0481.JPG','',18,152,50,'','','','2011-04-04 17:39:48','uploads/DSC_0481.JPG'),(187,'DSC_0482.JPG','',18,152,60,'','','','2011-04-04 17:40:39','uploads/DSC_0482.JPG'),(188,'DSC_0483.JPG','',18,152,70,'','','','2011-04-04 17:42:50','uploads/DSC_0483.JPG'),(189,'DSC_0484.JPG','',18,152,80,'','','','2011-04-04 17:44:42','uploads/DSC_0484.JPG'),(190,'DSC_0485.JPG','',18,152,90,'','','','2011-04-04 17:48:56','uploads/DSC_0485.JPG'),(191,'DSC_0487.JPG','',18,152,100,'','','','2011-04-04 17:49:44','uploads/DSC_0487.JPG'),(192,'DSC_0488.JPG','',18,152,110,'','','','2011-04-04 17:50:28','uploads/DSC_0488.JPG'),(193,'DSC_0487.JPG','',46,147,10,'','','','2011-04-04 17:54:47','uploads/DSC_0487_.JPG'),(194,'DSC_0227.JPG','',46,148,999,'','','','2011-04-04 17:59:10','uploads/DSC_0227_.JPG'),(234,'DSC_0744.JPG','',18,153,180,'','','','2011-04-11 20:37:27','uploads/DSC_0744.JPG'),(233,'DSC_0733.JPG','',18,153,170,'','','','2011-04-11 20:36:38','uploads/DSC_0733.JPG'),(232,'DSC_0724.JPG','',18,153,160,'','','','2011-04-11 20:36:16','uploads/DSC_0724.JPG'),(231,'DSC_0710.JPG','',18,153,150,'','','','2011-04-11 20:35:46','uploads/DSC_0710.JPG'),(230,'DSC_0709.JPG','',18,153,140,'','','','2011-04-11 20:35:27','uploads/DSC_0709.JPG'),(229,'DSC_0696.JPG','',18,153,130,'','','','2011-04-11 20:34:33','uploads/DSC_0696.JPG'),(228,'DSC_0693.JPG','',18,153,120,'','','','2011-04-11 20:34:15','uploads/DSC_0693.JPG'),(227,'DSC_0683.JPG','',18,153,110,'','','','2011-04-11 20:33:47','uploads/DSC_0683.JPG'),(226,'DSC_0671.JPG','',18,153,100,'','','','2011-04-11 20:33:28','uploads/DSC_0671.JPG'),(225,'DSC_0663.JPG','',18,153,90,'','','','2011-04-11 20:33:02','uploads/DSC_0663.JPG'),(224,'DSC_0662.JPG','',18,153,80,'','','','2011-04-11 20:32:42','uploads/DSC_0662.JPG'),(223,'DSC_0647.JPG','',18,153,70,'','','','2011-04-11 20:32:09','uploads/DSC_0647.JPG'),(222,'DSC_0640.JPG','',18,153,60,'','','','2011-04-11 20:31:40','uploads/DSC_0640.JPG'),(221,'DSC_0631.JPG','',18,153,50,'','','','2011-04-11 20:30:29','uploads/DSC_0631.JPG'),(220,'DSC_0625.JPG','',18,153,40,'','','','2011-04-11 20:30:04','uploads/DSC_0625.JPG'),(219,'DSC_0629.JPG','',18,153,30,'','','','2011-04-11 20:29:19','uploads/DSC_0629.JPG'),(218,'DSC_0621.JPG','',18,153,20,'','','','2011-04-11 20:22:01','uploads/DSC_0621.JPG'),(217,'DSC_0579.JPG','',18,153,10,'','','','2011-04-11 20:21:47','uploads/DSC_0579.JPG'),(249,'VAN_8101.jpg','',18,154,70,'','','','2011-04-11 21:33:30','uploads/VAN_8101.jpg'),(248,'VAN_8088.jpg','',18,154,60,'','','','2011-04-11 21:32:53','uploads/VAN_8088.jpg'),(247,'VAN_8080.jpg','',18,154,50,'','','','2011-04-11 21:32:34','uploads/VAN_8080.jpg'),(246,'VAN_8056.jpg','',18,154,40,'','','','2011-04-11 21:32:06','uploads/VAN_8056.jpg'),(243,'VAN_8044.jpg','',18,154,10,'','','','2011-04-11 21:30:18','uploads/VAN_8044.jpg'),(245,'VAN_8035.jpg','',18,154,30,'','','','2011-04-11 21:31:49','uploads/VAN_8035.jpg'),(250,'VAN_8118.jpg','',18,154,80,'','','','2011-04-11 21:33:53','uploads/VAN_8118.jpg'),(251,'VAN_8134.jpg','',18,154,90,'','','','2011-04-11 21:34:17','uploads/VAN_8134.jpg'),(252,'VAN_8158.jpg','',18,154,100,'','','','2011-04-11 21:34:38','uploads/VAN_8158.jpg'),(253,'VAN_8119.jpg','',18,154,110,'','','','2011-04-11 21:35:21','uploads/VAN_8119.jpg'),(254,'VAN_8171.jpg','',18,154,120,'','','','2011-04-11 21:35:44','uploads/VAN_8171.jpg'),(256,'DSC_0989.JPG','',18,155,20,'','','','2011-04-11 22:47:32','uploads/DSC_0989.JPG'),(257,'DSC_1001.JPG','',18,155,30,'','','','2011-04-11 22:48:00','uploads/DSC_1001.JPG'),(258,'DSC_0980.JPG','',18,155,40,'','','','2011-04-11 22:48:21','uploads/DSC_0980.JPG'),(259,'DSC_1002.JPG','',18,155,50,'','','','2011-04-11 22:48:39','uploads/DSC_1002.JPG'),(260,'DSC_1006.JPG','',18,155,60,'','','','2011-04-11 22:49:15','uploads/DSC_1006.JPG'),(261,'DSC_1011.JPG','',18,155,70,'','','','2011-04-11 22:49:41','uploads/DSC_1011.JPG'),(262,'DSC_1037.JPG','',18,155,80,'','','','2011-04-11 22:51:22','uploads/DSC_1037.JPG'),(263,'DSC_1039.JPG','',18,155,90,'','','','2011-04-11 22:51:46','uploads/DSC_1039.JPG'),(264,'DSC_1054.JPG','',18,155,100,'','','','2011-04-11 22:52:21','uploads/DSC_1054.JPG'),(266,'DSC_1060.JPG','',18,155,110,'','','','2011-04-11 22:56:41','uploads/DSC_1060.JPG'),(273,'DSC_1045.JPG','',18,155,130,'','','','2011-04-11 23:03:40','uploads/DSC_1045.JPG'),(274,'DSC_1034.JPG','',18,155,140,'','','','2011-04-11 23:04:13','uploads/DSC_1034.JPG'),(271,'DSC_1071.JPG','',18,155,120,'','','','2011-04-11 23:01:46','uploads/DSC_1071.JPG'),(275,'DSC_1035.JPG','',18,155,150,'','','','2011-04-11 23:04:31','uploads/DSC_1035.JPG'),(276,'VAN_8025 pic.jpg','',18,154,20,'','','','2011-04-12 19:01:18','uploads/VAN_8025_pic.jpg'),(384,'','',18,157,80,'','','','2011-04-15 22:39:30','uploads/VAN_9171.jpg'),(289,'Арт- проект','',18,156,10,'','','','2011-04-14 11:08:18','uploads/DSC_0780.JPG'),(290,'Арт- проект','',18,156,20,'','','','2011-04-14 11:08:20','uploads/DSC_0781.JPG'),(291,'Арт- проект','',18,156,30,'','','','2011-04-14 11:08:22','uploads/DSC_0782.JPG'),(385,'','',18,157,90,'','','','2011-04-15 22:39:52','uploads/VAN_9172.jpg'),(293,'Арт- проект','',18,156,40,'','','','2011-04-14 11:08:46','uploads/DSC_0785.JPG'),(294,'Арт- проект','',18,156,50,'','','','2011-04-14 11:08:48','uploads/DSC_0786.JPG'),(295,'Арт- проект','',18,156,60,'','','','2011-04-14 11:08:51','uploads/DSC_0787.JPG'),(296,'Встреча гостей','',18,156,70,'','','','2011-04-14 11:08:53','uploads/DSC_0790.JPG'),(386,'','',18,157,100,'','','','2011-04-15 22:39:54','uploads/VAN_9173.jpg'),(383,'','',18,157,70,'','','','2011-04-15 22:39:27','uploads/VAN_9170.jpg'),(299,'','',18,156,80,'','','','2011-04-14 11:09:18','uploads/DSC_0794.JPG'),(382,'','',18,157,60,'','','','2011-04-15 22:39:25','uploads/VAN_9169.jpg'),(301,'Арт- проект','',18,156,90,'','','','2011-04-14 11:09:23','uploads/DSC_0797.JPG'),(620,'uoga.jpg','',18,177,10,'','','','2011-09-07 16:28:22','uploads/uoga.jpg'),(303,'','',18,156,110,'','','','2011-04-14 11:09:46','uploads/DSC_0799.JPG'),(304,'','',18,156,120,'','','','2011-04-14 11:09:49','uploads/DSC_0800.JPG'),(305,'Арт- проект','',18,156,130,'','','','2011-04-14 11:09:51','uploads/DSC_0803.JPG'),(306,'Арт- проект','',18,156,140,'','','','2011-04-14 11:09:53','uploads/DSC_0805.JPG'),(381,'','',18,157,50,'','','','2011-04-15 22:39:23','uploads/VAN_9168.jpg'),(308,'Арт- проект','',18,156,150,'','','','2011-04-14 11:10:16','uploads/DSC_0812.JPG'),(380,'','',18,157,40,'','','','2011-04-15 22:39:21','uploads/VAN_9167.jpg'),(310,'Арт- проект','',18,156,160,'','','','2011-04-14 11:10:22','uploads/DSC_0815.JPG'),(379,'','',18,157,30,'','','','2011-04-15 22:39:19','uploads/VAN_9164.jpg'),(378,'','',18,157,20,'','','','2011-04-15 22:39:07','uploads/VAN_9162.jpg'),(314,'Арт- проект','',18,156,170,'','','','2011-04-14 11:10:52','uploads/DSC_0823.JPG'),(315,'Арт- проект','',18,156,180,'','','','2011-04-14 11:10:54','uploads/DSC_0824.JPG'),(316,'','',18,156,190,'','','','2011-04-14 11:11:17','uploads/DSC_0826.JPG'),(317,'Арт- проект','',18,156,200,'','','','2011-04-14 11:11:19','uploads/DSC_0828.JPG'),(318,'','',18,156,210,'','','','2011-04-14 11:11:22','uploads/DSC_0829.JPG'),(319,'Арт- проект','',18,156,220,'','','','2011-04-14 11:11:25','uploads/DSC_0833.JPG'),(320,'','',18,156,230,'','','','2011-04-14 11:11:47','uploads/DSC_0836.JPG'),(322,'','',18,156,240,'','','','2011-04-14 11:11:52','uploads/DSC_0840.JPG'),(323,'','',18,156,250,'','','','2011-04-14 11:11:54','uploads/DSC_0845.JPG'),(324,'','',18,156,260,'','','','2011-04-14 11:12:17','uploads/DSC_0846.JPG'),(374,'','',18,157,10,'','','','2011-04-15 22:37:39','uploads/VAN_9149.jpg'),(326,'','',18,156,270,'','','','2011-04-14 11:12:22','uploads/DSC_0852.JPG'),(327,'','',18,156,280,'','','','2011-04-14 11:12:24','uploads/DSC_0854.JPG'),(328,'','',18,156,290,'','','','2011-04-14 11:12:47','uploads/DSC_0855.JPG'),(329,'','',18,156,300,'','','','2011-04-14 11:12:50','uploads/DSC_0858.JPG'),(330,'','',18,156,310,'','','','2011-04-14 11:12:53','uploads/DSC_0859.JPG'),(331,'','',18,156,320,'','','','2011-04-14 11:12:55','uploads/DSC_0863.JPG'),(332,'','',18,156,330,'','','','2011-04-14 11:13:17','uploads/DSC_0865.JPG'),(333,'','',18,156,340,'','','','2011-04-14 11:13:20','uploads/DSC_0867.JPG'),(334,'','',18,156,350,'','','','2011-04-14 11:13:23','uploads/DSC_0869.JPG'),(335,'','',18,156,360,'','','','2011-04-14 11:13:25','uploads/DSC_0870.JPG'),(336,'','',18,156,370,'','','','2011-04-14 11:13:47','uploads/DSC_0872.JPG'),(337,'','',18,156,380,'','','','2011-04-14 11:13:50','uploads/DSC_0873.JPG'),(338,'','',18,156,390,'','','','2011-04-14 11:13:53','uploads/DSC_0874.JPG'),(339,'','',18,156,400,'','','','2011-04-14 11:13:56','uploads/DSC_0875.JPG'),(340,'','',18,156,410,'','','','2011-04-14 11:14:18','uploads/DSC_0876.JPG'),(341,'','',18,156,420,'','','','2011-04-14 11:14:20','uploads/DSC_0878.JPG'),(687,'DSC_0014.JPG','',49,249,999,'','','','2012-02-05 20:25:06','uploads/DSC_0014.JPG'),(343,'','',18,156,430,'','','','2011-04-14 11:14:25','uploads/DSC_0881.JPG'),(344,'','',18,156,440,'','','','2011-04-14 11:14:48','uploads/DSC_0885.JPG'),(345,'','',18,156,450,'','','','2011-04-14 11:14:50','uploads/DSC_0886.JPG'),(346,'','',18,156,460,'','','','2011-04-14 11:14:53','uploads/DSC_0887.JPG'),(347,'','',18,156,470,'','','','2011-04-14 11:14:56','uploads/DSC_0891.JPG'),(348,'','',18,156,480,'','','','2011-04-14 11:15:18','uploads/DSC_0894.JPG'),(349,'','',18,156,490,'','','','2011-04-14 11:15:21','uploads/DSC_0896.JPG'),(350,'','',18,156,500,'','','','2011-04-14 11:15:23','uploads/DSC_0897.JPG'),(351,'','',18,156,510,'','','','2011-04-14 11:15:26','uploads/DSC_0898.JPG'),(352,'','',18,156,520,'','','','2011-04-14 11:15:48','uploads/DSC_0900.JPG'),(353,'','',18,156,530,'','','','2011-04-14 11:15:51','uploads/DSC_0902.JPG'),(449,'DSC_0133.JPG','',18,166,10,'','','','2011-04-21 23:25:17','uploads/DSC_0133.JPG'),(355,'мастер - класс по йоге','',18,156,540,'','','','2011-04-14 11:15:56','uploads/DSC_0911.JPG'),(356,'мастер - класс по йоге','',18,156,550,'','','','2011-04-14 11:16:18','uploads/DSC_0913.JPG'),(357,'мастер - класс по йоге','',18,156,560,'','','','2011-04-14 11:16:21','uploads/DSC_0916.JPG'),(450,'DSC_0081.JPG','',18,166,20,'','','','2011-04-21 23:26:03','uploads/DSC_0081.JPG'),(359,'','',18,156,570,'','','','2011-04-14 11:16:27','uploads/DSC_0929.JPG'),(360,'','',18,156,580,'','','','2011-04-14 11:16:51','uploads/DSC_0932.JPG'),(361,'','',18,156,590,'','','','2011-04-14 11:16:55','uploads/DSC_0933.JPG'),(362,'','',18,156,600,'','','','2011-04-14 11:16:58','uploads/DSC_0935.JPG'),(363,'','',18,156,610,'','','','2011-04-14 11:17:01','uploads/DSC_0938.JPG'),(364,'','',18,156,620,'','','','2011-04-14 11:17:23','uploads/DSC_0944.JPG'),(366,'','',18,156,630,'','','','2011-04-14 11:17:30','uploads/DSC_0958.JPG'),(368,'','',18,156,640,'','','','2011-04-14 11:17:57','uploads/DSC_0960.JPG'),(369,'','',18,156,650,'','','','2011-04-14 11:18:03','uploads/DSC_0966.JPG'),(370,'','',18,156,660,'','','','2011-04-14 11:18:06','uploads/DSC_0967.JPG'),(371,'фуршет','',18,156,670,'','','','2011-04-14 11:18:11','uploads/DSC_0969.JPG'),(388,'','',18,157,110,'','','','2011-04-15 22:40:15','uploads/VAN_9175.jpg'),(389,'','',18,157,120,'','','','2011-04-15 22:40:18','uploads/VAN_9176.jpg'),(390,'','',18,157,130,'','','','2011-04-15 22:40:20','uploads/VAN_9177.jpg'),(417,'','',18,157,370,'','','','2011-04-15 22:46:18','uploads/VAN_9258.jpg'),(392,'','',18,157,140,'','','','2011-04-15 22:40:25','uploads/VAN_9179.jpg'),(393,'','',18,157,150,'','','','2011-04-15 22:40:50','uploads/VAN_9181.jpg'),(394,'','',18,157,160,'','','','2011-04-15 22:40:52','uploads/VAN_9182.jpg'),(395,'','',18,157,170,'','','','2011-04-15 22:40:55','uploads/VAN_9183.jpg'),(396,'','',18,157,180,'','','','2011-04-15 22:40:57','uploads/VAN_9184.jpg'),(397,'','',18,157,190,'','','','2011-04-15 22:40:59','uploads/VAN_9185.jpg'),(398,'','',18,157,200,'','','','2011-04-15 22:41:22','uploads/VAN_9186.jpg'),(399,'','',18,157,210,'','','','2011-04-15 22:41:25','uploads/VAN_9187.jpg'),(400,'','',18,157,220,'','','','2011-04-15 22:41:27','uploads/VAN_9188.jpg'),(401,'','',18,157,230,'','','','2011-04-15 22:41:29','uploads/VAN_9189.jpg'),(402,'','',18,157,240,'','','','2011-04-15 22:41:52','uploads/VAN_9190.jpg'),(403,'','',18,157,250,'','','','2011-04-15 22:41:55','uploads/VAN_9191.jpg'),(404,'','',18,157,260,'','','','2011-04-15 22:41:57','uploads/VAN_9192.jpg'),(405,'','',18,157,270,'','','','2011-04-15 22:42:00','uploads/VAN_9193.jpg'),(406,'','',18,157,280,'','','','2011-04-15 22:42:23','uploads/VAN_9194.jpg'),(407,'','',18,157,290,'','','','2011-04-15 22:42:25','uploads/VAN_9195.jpg'),(408,'','',18,157,300,'','','','2011-04-15 22:42:28','uploads/VAN_9196.jpg'),(447,'mivkontakte kidness.gif','',18,158,10,'','','','2011-04-21 21:59:57','uploads/mivkontakte_kidness_.gif'),(611,'massaj-1.jpg','',18,169,10,'','','','2011-06-08 14:04:01','uploads/massaj-1.jpg'),(411,'','',18,157,310,'','','','2011-04-15 22:43:42','uploads/VAN_9218.jpg'),(412,'','',18,157,320,'','','','2011-04-15 22:43:45','uploads/VAN_9219.jpg'),(413,'','',18,157,330,'','','','2011-04-15 22:44:00','uploads/VAN_9236.jpg'),(414,'','',18,157,340,'','','','2011-04-15 22:44:37','uploads/VAN_9295.jpg'),(415,'','',18,157,350,'','','','2011-04-15 22:45:03','uploads/VAN_9305.jpg'),(416,'','',18,157,360,'','','','2011-04-15 22:45:19','uploads/VAN_9336.jpg'),(434,'Арт- проект','',18,156,100,'','','','2011-04-21 00:11:30','uploads/DSC_0798_.JPG'),(430,'icon_develop.png','',18,12,10,'','','','2011-04-18 11:51:31','uploads/icon_develop_.png'),(431,'icon_game.png','',18,12,20,'','','','2011-04-18 11:51:34','uploads/icon_game__.png'),(432,'icon_sport.png','',18,12,30,'','','','2011-04-18 11:51:37','uploads/icon_sport_.png'),(433,'icon_talk.png','',18,12,40,'','','','2011-04-18 11:51:40','uploads/icon_talk_.png'),(452,'DSC_0093.JPG','',18,166,40,'','','','2011-04-21 23:26:54','uploads/DSC_0093.JPG'),(453,'DSC_0112.JPG','',18,166,50,'','','','2011-04-21 23:27:19','uploads/DSC_0112.JPG'),(454,'DSC_0120.JPG','',18,166,60,'','','','2011-04-21 23:27:56','uploads/DSC_0120.JPG'),(455,'DSC_0074.JPG','',18,166,70,'','','','2011-04-21 23:28:12','uploads/DSC_0074.JPG'),(456,'DSC_0086.JPG','',18,166,80,'','','','2011-04-21 23:28:37','uploads/DSC_0086.JPG'),(457,'DSC_0117.JPG','',18,166,90,'','','','2011-04-21 23:29:06','uploads/DSC_0117.JPG'),(458,'DSC_0159.JPG','',18,166,100,'','','','2011-04-21 23:30:10','uploads/DSC_0159.JPG'),(459,'DSC_0163.JPG','',18,166,110,'','','','2011-04-21 23:30:33','uploads/DSC_0163.JPG'),(460,'mivkontaktekidness.gif','',18,158,20,'','','','2011-04-24 10:07:03','uploads/mivkontaktekidness.gif'),(607,'image021.jpg','',18,172,60,'','','','2011-06-08 13:50:23','uploads/image021.jpg'),(585,'DSC_0403.JPG','',18,170,100,'','','','2011-06-08 13:37:06','uploads/DSC_0403.JPG'),(553,'DSC_0460-1.JPG','',18,167,120,'','','','2011-04-29 17:54:23','uploads/DSC_0460-1.JPG'),(608,'image022.jpg','',18,172,70,'','','','2011-06-08 13:50:24','uploads/image022.jpg'),(548,'DSC_0458.JPG','',18,167,110,'','','','2011-04-29 17:53:50','uploads/DSC_0458.JPG'),(612,'sm_logo.rodi.jpg','',18,96,50,'','','','2011-08-30 11:59:49','uploads/sm_logo.rodi.jpg'),(613,'LogoGlue2.png','',18,96,60,'','','','2011-08-30 12:01:16','uploads/LogoGlue2.png'),(598,'DSC_0087.JPG','',18,171,110,'','','','2011-06-08 13:41:41','uploads/DSC_0087.JPG'),(599,'DSC_0090.JPG','',18,171,120,'','','','2011-06-08 13:42:02','uploads/DSC_0090_.JPG'),(600,'DSC_0093.JPG','',18,171,130,'','','','2011-06-08 13:42:04','uploads/DSC_0093_.JPG'),(601,'DSC_0095.JPG','',18,171,140,'','','','2011-06-08 13:42:07','uploads/DSC_0095.JPG'),(602,'image001.jpg','',18,172,40,'','','','2011-06-08 13:50:17','uploads/image001.jpg'),(543,'DSC_0455.JPG','',18,167,100,'','','','2011-04-29 17:53:18','uploads/DSC_0455.JPG'),(586,'DSC_0404.JPG','',18,170,110,'','','','2011-06-08 13:37:29','uploads/DSC_0404.JPG'),(539,'DSC_0451.JPG','',18,167,90,'','','','2011-04-29 17:52:49','uploads/DSC_0451.JPG'),(614,'LogoGlue2.png','',18,96,70,'','','','2011-08-30 12:14:34','uploads/LogoGlue2_.png'),(604,'image012.jpg','',18,172,30,'','','','2011-06-08 13:50:20','uploads/image012.jpg'),(536,'DSC_0449-1.JPG','',18,167,80,'','','','2011-04-29 17:52:43','uploads/DSC_0449-1.JPG'),(587,'DSC_0430.JPG','',18,170,120,'','','','2011-06-08 13:37:31','uploads/DSC_0430.JPG'),(589,'DSC_0047.JPG','',18,171,20,'','','','2011-06-08 13:41:01','uploads/DSC_0047.JPG'),(534,'DSC_0448-1.JPG','',18,167,70,'','','','2011-04-29 17:52:19','uploads/DSC_0448-1.JPG'),(603,'image005.jpg','',18,172,20,'','','','2011-06-08 13:50:18','uploads/image005.jpg'),(531,'DSC_0447.JPG','',18,167,60,'','','','2011-04-29 17:52:13','uploads/DSC_0447_.JPG'),(622,'DDANCE.jpg','',18,162,10,'','','','2011-09-07 16:53:08','uploads/DDANCE.jpg'),(609,'image033.jpg','',18,172,80,'','','','2011-06-08 13:50:25','uploads/image033.jpg'),(593,'DSC_0058.JPG','',18,171,60,'','','','2011-06-08 13:41:09','uploads/DSC_0058.JPG'),(594,'DSC_0059.JPG','',18,171,70,'','','','2011-06-08 13:41:32','uploads/DSC_0059.JPG'),(529,'DSC_0446.JPG','',18,167,50,'','','','2011-04-29 17:51:47','uploads/DSC_0446.JPG'),(524,'DSC_0443-1.JPG','',18,167,40,'','','','2011-04-29 17:51:17','uploads/DSC_0443-1.JPG'),(679,'6-3yrs-child.jpg','',18,164,10,'','','','2012-01-24 18:34:08','uploads/6-3yrs-child.jpg'),(590,'DSC_0049.JPG','',18,171,30,'','','','2011-06-08 13:41:03','uploads/DSC_0049.JPG'),(591,'DSC_0052.JPG','',18,171,40,'','','','2011-06-08 13:41:05','uploads/DSC_0052.JPG'),(592,'DSC_0056.JPG','',18,171,50,'','','','2011-06-08 13:41:07','uploads/DSC_0056.JPG'),(520,'DSC_0441-1.JPG','',18,167,30,'','','','2011-04-29 17:50:49','uploads/DSC_0441-1.JPG'),(575,'DSC_0018.JPG','',18,170,10,'','','','2011-06-08 13:36:25','uploads/DSC_0018.JPG'),(576,'DSC_0034.JPG','',18,170,20,'','','','2011-06-08 13:36:27','uploads/DSC_0034.JPG'),(577,'DSC_0036.JPG','',18,170,30,'','','','2011-06-08 13:36:29','uploads/DSC_0036.JPG'),(578,'DSC_0039.JPG','',18,170,40,'','','','2011-06-08 13:36:31','uploads/DSC_0039.JPG'),(515,'DSC_0439.JPG','',18,167,10,'','','','2011-04-29 17:50:38','uploads/DSC_0439.JPG'),(686,'DSC_0176.JPG','',49,261,20,'','','','2012-02-05 20:21:39','uploads/DSC_0176.JPG'),(517,'DSC_0440.JPG','',18,167,20,'','','','2011-04-29 17:50:42','uploads/DSC_0440.JPG'),(583,'DSC_0376.JPG','',18,170,80,'','','','2011-06-08 13:37:02','uploads/DSC_0376_.JPG'),(582,'DSC_0338.JPG','',18,170,70,'','','','2011-06-08 13:37:00','uploads/DSC_0338.JPG'),(680,'3-dzu-do.jpg','',18,178,10,'','','','2012-01-24 18:35:21','uploads/3-dzu-do.jpg'),(596,'DSC_0065.JPG','',18,171,90,'','','','2011-06-08 13:41:36','uploads/DSC_0065.JPG'),(562,'DSC_0467.JPG','',18,167,130,'','','','2011-04-29 17:55:26','uploads/DSC_0467.JPG'),(606,'image015.jpg','',18,172,50,'','','','2011-06-08 13:50:22','uploads/image015.jpg'),(564,'DSC_0468.JPG','',18,167,140,'','','','2011-04-29 17:55:30','uploads/DSC_0468_.JPG'),(605,'image014.jpg','',18,172,10,'','','','2011-06-08 13:50:21','uploads/image014.jpg'),(579,'DSC_0044.JPG','',18,170,50,'','','','2011-06-08 13:36:33','uploads/DSC_0044.JPG'),(580,'DSC_0045.JPG','',18,170,60,'','','','2011-06-08 13:36:35','uploads/DSC_0045.JPG'),(588,'DSC_0010.JPG','',18,171,10,'','','','2011-06-08 13:40:59','uploads/DSC_0010.JPG'),(688,'DSC_0404.JPG','',49,248,999,'','','','2012-02-05 20:26:47','uploads/DSC_0404_.JPG'),(694,'progmenu_3.jpg','',18,195,10,'','','','2012-02-24 19:24:31','uploads/progmenu_3.jpg'),(695,'progmenu_4.jpg','',18,196,10,'','','','2012-02-24 19:26:50','uploads/progmenu_4.jpg'),(696,'progmenu_5.jpg','',18,197,10,'','','','2012-02-24 19:27:27','uploads/progmenu_5.jpg');
/*!40000 ALTER TABLE `lfc_image` ENABLE KEYS */;
UNLOCK TABLES;

--
-- Table structure for table `lfc_navigationportlet`
--

DROP TABLE IF EXISTS `lfc_navigationportlet`;
CREATE TABLE `lfc_navigationportlet` (
  `id` int(11) NOT NULL auto_increment,
  `title` varchar(100) NOT NULL default '',
  `start_level` smallint(5) unsigned NOT NULL default '0',
  `expand_level` smallint(5) unsigned NOT NULL default '0',
  PRIMARY KEY  (`id`)
) ENGINE=MyISAM AUTO_INCREMENT=12 DEFAULT CHARSET=cp1251;

--
-- Dumping data for table `lfc_navigationportlet`
--

LOCK TABLES `lfc_navigationportlet` WRITE;
/*!40000 ALTER TABLE `lfc_navigationportlet` DISABLE KEYS */;
INSERT INTO `lfc_navigationportlet` VALUES (9,'Все анонсы',2,0),(6,'Фотогалерея',2,0),(10,'',1,0),(7,'Программы',2,0),(8,'Все статьи',2,0),(11,'',1,0);
/*!40000 ALTER TABLE `lfc_navigationportlet` ENABLE KEYS */;
UNLOCK TABLES;

--
-- Table structure for table `lfc_news_news`
--

DROP TABLE IF EXISTS `lfc_news_news`;
CREATE TABLE `lfc_news_news` (
  `basecontent_ptr_id` int(11) NOT NULL default '0',
  `text` longtext NOT NULL,
  PRIMARY KEY  (`basecontent_ptr_id`)
) ENGINE=MyISAM DEFAULT CHARSET=cp1251;

--
-- Dumping data for table `lfc_news_news`
--

LOCK TABLES `lfc_news_news` WRITE;
/*!40000 ALTER TABLE `lfc_news_news` DISABLE KEYS */;
INSERT INTO `lfc_news_news` VALUES (9,'');
/*!40000 ALTER TABLE `lfc_news_news` ENABLE KEYS */;
UNLOCK TABLES;

--
-- Table structure for table `lfc_news_newsentry`
--

DROP TABLE IF EXISTS `lfc_news_newsentry`;
CREATE TABLE `lfc_news_newsentry` (
  `basecontent_ptr_id` int(11) NOT NULL default '0',
  `text` longtext NOT NULL,
  `text_for_twitter` varchar(140) default '',
  `send_to_twitter` tinyint(1) default '0',
  PRIMARY KEY  (`basecontent_ptr_id`)
) ENGINE=MyISAM DEFAULT CHARSET=cp1251;

--
-- Dumping data for table `lfc_news_newsentry`
--

LOCK TABLES `lfc_news_newsentry` WRITE;
/*!40000 ALTER TABLE `lfc_news_newsentry` DISABLE KEYS */;
INSERT INTO `lfc_news_newsentry` VALUES (10,'<p style=\"text-align: justify;\">1 марта KidnessClub исполнилось ровно пол года. За это время мы выросли и окрепли. С каждым днем в клуб приходят дети, ради которых мы работаем. Забывая про отдых мы стремимся стать полезными для наших больших и маленьких клиентов. Пол года - это так мало и так много! &nbsp;Мы продолжаем усовершенствовать, то что уже создано. Мы с оптимизмом смотрим в будущее и делимся своей положительной энергией со всеми кто к нам приходит!</p>\n<p style=\"text-align: justify;\">&nbsp;</p>\n<p style=\"text-align: justify;\">&nbsp;</p>','',0),(11,'<p style=\"text-align: justify;\"><img style=\"float: left; margin-right: 10px;\" src=\"/media/uploads/657.200x200.jpg\" alt=\"\" width=\"200\" height=\"143\" />Это удивительно трогательное мероприятие состоялось благодаря опытным инструкторам горнолыжного курорта &laquo;Игора&raquo;, которые научили детей кататься на лыжах и помогли усовершенствовать этот навык. Наблюдать за малышами было одно удовольствие, так трогательно и мило они смотрелись, преодолевая препятствия трассы. Деткам нужно было проезжать через специальные ворота, объезжать вешки и спускаться плугом вниз по склону. Все участники соревнований боролись за призовые места по возрастным группам. Потрясающе, что самой младшей участнице всего 1,5 года. Девочку зовут Соня, она очень активный и улыбчивый ребенок.</p>\n<p style=\"text-align: justify;\">&nbsp;</p>\n<p style=\"text-align: justify;\">Организаторы мероприятия постарались, чтобы соревнования стали своеобразным праздником для участников, на котором детки очень старались показать родителям, чему они научились за три месяца зимы. Взрослые с волнением и гордостью смотрели за своими юными спортсменами. Дух соревнований и победы ощущался в стремлении пройти трассу быстрее, чем соперники. Все были большие молодцы, но все же только самым быстрым были вручены призовые сертификаты на занятия в KidnessClub за первое, второе и третье места по возрастным группам. Все участники соревнований получили памятные медали и сладкие призы.</p>','',0),(147,'<p style=\"text-align: justify;\"><img style=\"float: left; margin-right: 10px;\" src=\"/media/uploads/DSC_0487_.200x200.JPG\" alt=\"\" width=\"200\" height=\"132\" />В детском  фитнес-клубе KidnessClub проводятся не только спортивные занятия. Фитнес &ndash; это больше, чем спорт, это стиль жизни, позволяющий человеку всегда быть в хорошей физической форме и прекрасном настроении. Для физического развития и укрепления здоровья мы предлагаем  гимнастику, танцы, восточные единоборства, йогу. А для психологического благополучия и творческого развития &ndash; арт-терапию.</p>\n<p style=\"text-align: justify;\">&nbsp;</p>\n<p style=\"text-align: justify;\">Арт-терапия &ndash; это красивое сочетание психологии и искусства. Занимаясь арт-терапией,  дети осваивают язык искусства и учатся выражать свои мысли и чувства на этом универсальном языке. Они научаются лучше понимать самих себя и других, становятся более свободными и уверенными в себе. Для того, чтобы достичь высоких результатов в музыке или изобразительном искусстве, ребенку нужны способности. Арт-терапия не ставит своей задачей создание шедевров, поэтому в арт-студии каждый ребенок будет ощущать себя успешным.</p>\n<p style=\"text-align: justify;\">&nbsp;</p>\n<p style=\"text-align: justify;\">На встрече в &laquo;Буквоеде&raquo; 2 апреля &nbsp;мы приглашаем детей принять участие в создании  арт-студии, где они будут играть, сочинять, рисовать &ndash; в общем, весело и интересно проводить время. А домой они заберут сувенир, сделанный своими руками. Рекомендуемый возраст участников &ndash; 5-9 лет.</p>\n<p style=\"text-align: justify;\">&nbsp;</p>\n<p style=\"text-align: justify;\">Мероприятие состоится по адресу: Буквоед на ул. Демитрова д.18. Начало в 17:00.</p>','',0),(148,'<p style=\"text-align: justify;\">В KidnessClub основной задачей для себя мы ставим гармоничное развитие ребенка, развитие как физических, так и умственных навыков.   &laquo;Let&rsquo;s play&raquo; - занятие, построенное на основе подвижных и развивающих игр. Это спортивно-познавательное занятие как нельзя лучше поможет детям научиться концентрировать внимание и укрепить весь растущий организм. Занятие состоит из игровых комплексов, направленных на развитие внимания, логического мышления, быстроты. Сюда включены эстафеты, полоса препятствий, различные детские подвижные игры.</p>\n<p style=\"text-align: justify;\">&nbsp;</p>\n<p style=\"text-align: justify;\">&laquo;Let&rsquo;s play&raquo; способствует адаптации ребенка в незнакомой ему социальной среде. Благодаря командным испытаниям, дети могут ощутить  себя частью команды, почувствовать ответственность за себя и за других, а так же выплеснуть накопившиеся эмоции.</p>\n<p style=\"text-align: justify;\">&nbsp;</p>\n<p style=\"text-align: justify;\"><br />На встрече в &laquo;Этажах&raquo; мы приглашаем детей принять участие в мастер-классе по занятию &laquo;Let&rsquo;s play&raquo;, где они будут играть, соревноваться друг с другом, участвовать в эстафетах и просто получать множество положительных эмоций. Рекомендуемый возраст участников &ndash; 5-9 лет.</p>\n<p style=\"text-align: justify;\">Мероприятие состоится по адресу: Лиговский пр. д.74 (4 этаж). Начало занятий в 15:00. Узнать более подробную информацию и зарегистрироваться можно <a href=\"http://vkontakte.ru/club6961839\">здесь</a>.</p>\n<p>&nbsp;</p>\n<p>&nbsp;</p>','',0),(149,'<p>В день защиты детей KidnessClub примет участие в городском празднике, который состоится в 15-00 на Московской площади (ст. м. Московская).<br /><br />В рамках праздника пройдет акция \"Я готов\", в поддержку здорового образа жизни. Вас ждут соревнования, выступление звезд эстрады, благотворительные акции и &laquo;Веселая зарядка&raquo; от наших фитнес инструкторов. <br /><br />KidnessClub активно поддерживает инициативу здорового образа жизни среди детей и приглашает всех желающих на этот замечательный праздник.</p>\n<p>&nbsp;</p>','',0),(174,'<p>Уважаемые клиенты!</p>\n<p>1 сентября нам исполнился один год! В день рождения клуба мы хотим поблагодарить вас за то, что вы выбрали KidnessClub. Спасибо за доверие!</p>\n<p>&nbsp;</p>\n<p>&nbsp;</p>','KidnessClub исполнился один год!',1),(176,'<p>В соответствии с концепцией нашего клуба  \"KidnessClub  - яркий,<br />&nbsp;творческий и заботливый мир для детей\",  к его сотрудникам<br /> предъявляется ряд ожиданий. А именно: творческий подход к своим<br /> обязанностям, постоянный профессиональный и личностный рост,<br />ответственность и  активная жизненная позиция.<br /><br /> Существует много различных корпоративных систем обучения персонала. Но<br /> мало кто занимается вопросом развития у сотрудников творческого<br /> мышления, креативности.  А это более чем важно при работе с детьми.<br /><br />Тренинги личностного роста основаны на уникальных методах<br /> Арт-терапии. Рисование, составление коллажей, музицирование -<br /> позволяют раскрывать  внутренние силы человека через творчество.<br /><br /> Развитие у сотрудников креативности благоприятно скажется на<br />творческой атмосфере в клубе, что в свою очередь  будет способствовать<br /> хорошему настроению наших клиентов.<br /><br /> Подробнее о применении методов Арт-терапии для детей можно узнать на<br /> странице \"Семейный психолог\", а для будущих мам  \"Подготовка к родам\".</p>','',0),(188,'<p>Любимые клиенты!<br />С 29 декабря по 9 января включительно в KidnessClub новогодние каникулы. Ждем вас на занятиях 10 января. Наш телефон 645-01-55 работает и мы с радостью ответим на интересующие вас вопросы! С Новым Годом! Здоровья, счастья, радости и веселья в 2012 году!</p>','',0),(262,'<p><br /><strong>Дата семинара:</strong> 11 февраля<br /><strong>Время:</strong> с 14:00 до 15:30<br /><strong>Место проведения:</strong> KidnessClub <br />ул. Звенигородская, д.12. (5 мин. от м. Звенигородская) <br /><strong>Семинар ведет:</strong> психолог, арт-терапевт KidnessClub Елена Томша.</p>\n<p>&nbsp;</p>\n<p><strong>Темы семинара:</strong></p>\n<p>&nbsp;</p>\n<ul>\n<li>Эмоциональная палитра беременности &ndash; весь спектр чувств, с которыми встречается будущая мама и ее близкие.</li>\n</ul>\n<p>&nbsp;</p>\n<ul>\n</ul>\n<ul>\n<li>Изменения во внутреннем мире будущей мамы, происходящие по триместрам: радости, проблемы и &laquo;актуальные задачи&raquo; каждого периода.</li>\n</ul>\n<p>&nbsp;</p>\n<ul>\n<li>Значение перинатального периода для будущей жизни человека. Влияние состояния и настроения мамы на здоровье, способности и задатки будущего ребенка.</li>\n</ul>\n<p>&nbsp;</p>\n<p>&nbsp;</p>\n<p>Для зарегистрировавшихся гостей вход на мероприятие бесплатный.</p>\n<p>Регистрация по телефону 645-01-55.</p>','11 февраля KidnessClub проводит бесплатный семинар «Девять самых необычных месяцев в жизни женщины».',0),(185,'<p>&nbsp;</p>\r\n<p class=\"MsoNormal\">ТГ &laquo;Буду мамой&raquo; и KidnessClub рады пригласить 27 ноября в 12:00 будущих мам на сроке до 7 месяцев беременности на самое модное и полезное мероприятие &laquo;Baby Waiting Art&raquo; - Искусство ожидания малыша!&raquo;.</p>\r\n<p class=\"MsoNormal\">&nbsp;</p>\r\n<p class=\"MsoNormal\">В комфортной и приятной атмосфере вы сможете отдохнуть, позаниматься творчеством, йогой, фитболом, пообщаться со специалистами на актуальные темы, а также на игрушечных пупсах попробовать сделать массаж для новорожденного.</p>\r\n<p class=\"MsoNormal\">&nbsp;</p>\r\n<p class=\"MsoNormal\">Фуршетное меню приятно удивит любителей правильной и здоровой пищи, а подарки от партнеров станут приятным дополнением для всехгостей.</p>\r\n<p class=\"MsoNormal\">&nbsp;</p>\r\n<p class=\"MsoNormal\">Будем рады видеть вас в комфортной, спортивной одежде и сменной обуви без каблуков.</p>\r\n<p class=\"MsoNormal\">&nbsp;</p>\r\n<p class=\"MsoNormal\">ОБЯЗАТЕЛЬНА РЕГИСТРАЦИЯ</p>\r\n<p class=\"MsoNormal\">тел. 645-01-55</p>\r\n<p class=\"MsoNormal\">&nbsp;</p>\r\n<p class=\"MsoNormal\">Подробнее <span style=\"mso-spacerun: yes;\">&nbsp;</span>о мероприятии</p>\r\n<p class=\"MsoNormal\"><a href=\"http://vkontakte.ru/event32164661\"><strong>http://vkontakte.ru/event32164661</strong></a></p>\r\n<p>&nbsp;</p>','ТГ «Буду мамой» и KidnessClub рады пригласить 27 ноября в 12:00 будущих мам на сроке до 7 месяцев беременности на самое модное и полезное ме',0);
/*!40000 ALTER TABLE `lfc_news_newsentry` ENABLE KEYS */;
UNLOCK TABLES;

--
-- Table structure for table `lfc_news_newsportlet`
--

DROP TABLE IF EXISTS `lfc_news_newsportlet`;
CREATE TABLE `lfc_news_newsportlet` (
  `id` int(11) NOT NULL auto_increment,
  `title` varchar(100) NOT NULL default '',
  `limit` int(11) NOT NULL default '0',
  `show_archive` tinyint(1) NOT NULL default '0',
  `show_tags` tinyint(1) NOT NULL default '0',
  PRIMARY KEY  (`id`)
) ENGINE=MyISAM AUTO_INCREMENT=4 DEFAULT CHARSET=cp1251;

--
-- Dumping data for table `lfc_news_newsportlet`
--

LOCK TABLES `lfc_news_newsportlet` WRITE;
/*!40000 ALTER TABLE `lfc_news_newsportlet` DISABLE KEYS */;
INSERT INTO `lfc_news_newsportlet` VALUES (2,'Новости',3,0,0),(3,'Новости',5,0,0);
/*!40000 ALTER TABLE `lfc_news_newsportlet` ENABLE KEYS */;
UNLOCK TABLES;

--
-- Table structure for table `lfc_page`
--

DROP TABLE IF EXISTS `lfc_page`;
CREATE TABLE `lfc_page` (
  `basecontent_ptr_id` int(11) NOT NULL default '0',
  `text` longtext NOT NULL,
  PRIMARY KEY  (`basecontent_ptr_id`)
) ENGINE=MyISAM DEFAULT CHARSET=cp1251;

--
-- Dumping data for table `lfc_page`
--

LOCK TABLES `lfc_page` WRITE;
/*!40000 ALTER TABLE `lfc_page` DISABLE KEYS */;
INSERT INTO `lfc_page` VALUES (2,'<p><img style=\"float: left; margin-top: 5px; margin-bottom: 5px; margin-right: 10px;\" src=\"/media/uploads/IMG_0249.200x200.JPG\" alt=\"\" width=\"200\" height=\"165\" /></p>\n<p>\n<table border=\"0\">\n<tbody>\n<tr style=\"height: 20px;\">\n<td>Год основания</td>\n<td>- 2010.</td>\n</tr>\n<tr style=\"height: 20px;\">\n<td><span>Специализация &nbsp; &nbsp;&nbsp; <br /></span></td>\n<td><span>- детский фитнес, занятия для беременных.<br /></span></td>\n</tr>\n<tr style=\"height: 20px;\">\n<td><span>Возраст детей</span></td>\n<td><span>- от 3-х месяцев до 12 лет.</span></td>\n</tr>\n<tr style=\"height: 20px;\">\n<td><span>Режим работы</span></td>\n<td><span>- 7 дней в неделю с 10:00 до 20:00.</span></td>\n</tr>\n<tr style=\"height: 20px;\">\n<td><span>Кол-во программ</span></td>\n<td><span>- более 20.</span></td>\n</tr>\n<tr style=\"height: 20px;\">\n<td><span>Кол-во детей в группе&nbsp; </span></td>\n<td><span>- не более 8.</span></td>\n</tr>\n<tr style=\"height: 20px;\">\n<td><span>Кол-во посещений </span></td>\n<td><span>- от 4 в месяц.</span></td>\n</tr>\n<tr style=\"height: 20px;\">\n<td><span>Кол-во занятий </span></td>\n<td><span>- от 8 в месяц.</span></td>\n</tr>\n<tr style=\"height: 20px;\">\n<td><span>Цена абонемента </span></td>\n<td><span>- от 4800 руб./мес.*</span></td>\n</tr>\n<tr style=\"height: 20px;\">\n<td colspan=\"2\"><span>* при покупке годового абонемента на 4 посещения в месяц.</span></td>\n</tr>\n</tbody>\n</table>\n</p>\n<p><small></small></p>\n<p style=\"text-align: justify;\">&nbsp;</p>\n<p style=\"text-align: justify;\"><span>Дети живут движением, не зная ни секунды покоя, где бы они не находились - в школе, дома, в детском саду, на прогулке. Так они узнают мир и себя. И лучшая возможность помочь нашим детям развиваться интеллектуально и физически, максимально используя их внутреннюю энергию движения, это спорт. Спорт - это ключ к детскому сознанию, позволяющий наиболее эффективно воздействовать на их желания<span>&nbsp; </span>и интересы. Спортивные занятия всегда увлекают детей. Игра, соревнование, здоровый азарт, контакт со сверстниками - все это позволяет развивать в ребенке его лучшие качества и способности, ответственность за свои поступки, за близких ему людей, учит ориентироваться в жизни. Поэтому занятия в детском фитнес-клубе </span><span><strong>Kidness Club</strong></span><span>&nbsp;</span>&minus;&nbsp;это значительно больше, чем просто спорт.</p>\n<p style=\"text-align: justify;\">&nbsp;</p>'),(12,'<p><img style=\"float: left; margin-right: 10px;\" src=\"/media/uploads/icon_game__.png\" alt=\"\" width=\"39\" height=\"40\" />Любовь к здоровому образу жизни необходимо прививать с детства.&nbsp;<span style=\"color: #00a000; font-weight: bold; \">ЗДОРОВЬЕ</span>&nbsp;ребенка требует внимания взрослых.</p>\n<p>&nbsp;</p>\n<p><img style=\"float: left; margin-right: 10px;\" src=\"/media/uploads/icon_develop_.png\" alt=\"\" width=\"39\" height=\"41\" />Занятия спортом и творчеством стимулируют работу мозга.&nbsp; Гармоничное&nbsp;<span style=\"color: #1e90ff; font-weight: bold; \">РАЗВИТИЕ</span>&nbsp;ребенка невозможно без физической активности.</p>\n<p>&nbsp;</p>\n<p><img style=\"float: left; margin-right: 10px;\" src=\"/media/uploads/icon_talk_.png\" alt=\"\" width=\"41\" height=\"41\" />Для развития ребенку необходимо&nbsp;<span style=\"font-weight: bold; \"><span style=\"color: #e8b827;\">ОБЩЕНИЕ.</span></span> Занятия в мини-группах из 5-8 человек в 2 раза эффективнее индивидуальных и в 3 раза эффективнее занятий в больших группах.</p>\n<p>&nbsp;</p>\n<p><img style=\"float: left; margin-right: 10px;\" src=\"/media/uploads/icon_sport_.png\" alt=\"\" width=\"39\" height=\"40\" />Все дети любят играть.&nbsp;<span style=\"color: #ff0000; font-weight: bold; \">ИГРА</span>&nbsp;- самый эффективный способ вызвать у ребенка интерес к знаниям.</p>\n<ul>\n</ul>\n<p style=\"text-align: justify;\">&nbsp;</p>\n<p style=\"text-align: justify;\">Мы создали особенный мир для Ваших детей. Мир, который звучит в унисон с детским восприятием. Мир, в котором говорят на языке понятном детям. Мир полный игр, превращений, ярких красок. Мир, который так сильно отличается от того, что окружает детей в детском саду, в школе и так похож на их мечту. Мир <strong>KidnessClub</strong>.</p>\n<p style=\"text-align: justify;\">&nbsp;</p>\n<p style=\"text-align: justify;\">Каждое мгновение, проведенное в этом мире, дети будут чувствовать внимание, уважение, и заботу. Наши дети всегда самые способные, самые талантливые и все программы нашего клуба направлены на то, чтобы раскрыть их лучшие качества, подарить им радость от занятий в <strong>KidnessClub</strong>, дать импульс для постоянного физического и интеллектуального развития. Мы помогаем родителям ребенка сделать его детство еще более ярким, радостным, здоровым и создать основу его будущей счастливой жизни.</p>\n<p>&nbsp;</p>'),(17,'<h1>Все по-взрослому</h1>\n<address><span><em>Взрослый подход к детскому фитнесу заключается в создании исключительно комфортных условий для занятий. Требования к качеству и сервису для детей должны быть ВЫШЕ!</em></span></address>'),(18,'<p style=\"text-align: justify;\">Мы создали особенный мир для Ваших детей. Мир, который звучит в унисон с детским восприятием. Мир, в котором говорят на языке понятном детям. Мир полный игр, превращений, ярких красок. Мир, который так сильно отличается от того что окружает детей в детском саду, в школе и так похож на их мечту. Мир Kidness Club. Каждое мгновение, проведенное в этом мире дети будут чувствовать внимание, уважение, и заботу. Наши дети всегда самые способные, самые талантливые и все программы нашего клуба направлены на то, чтобы раскрыть их лучшие качества, подарить им радость от занятий в Kidness Club, дать импульс для постоянного физического и интеллектуального развития. Мы помогаем родителям ребенка сделать его детство еще более ярким, радостным, здоровым и создать основу его будущей счастливой жизни.</p>\r\n<p style=\"text-align: justify;\">&nbsp;</p>\r\n<p style=\"text-align: justify;\">Выберете интересующий вас раздел в меню ПРОГРАММЫ слева.</p>'),(33,''),(34,'<p>На курсах &laquo;Искусство ожидания малыша&raquo; вы убедитесь, что ожидание малыша &ndash; это действительно искусство, и оно вам подвластно. Каждое занятие состоит из нескольких блоков: теория, гимнастика, практикум и арт-терапия. Численность группы до пяти человек, комфортные условия и дружелюбная атмосфера будут способствовать вашему хорошему настроению в ходе подготовки к этому важному событию в вашей жизни.</p>'),(31,''),(32,'<h1>Наша цель - здоровье!</h1>\n<p>Занятия физическими упражнениями должны быть грамотно подобраны под возраст, особенности организма и способности ребенка. Только тогда они пронесут пользу для здоровья.</p>'),(43,'<h1>Новое качество детского фитнеса</h1>\n<p><span><em>Оцените комфорт, который ранее был доступен только взрослым. Приходите. Это надо видеть.</em></span></p>'),(44,'<h1>Всё под контролем</h1>\n<p><span> </span></p>\n<p><span><em>Мы позаботились о качественной системе видеонаблюдения в клубе. Ваш ребенок всегда в поле зрения.</em></span></p>'),(45,'<h1>Удовлетворите <span> </span>любопытство</h1>\n<p><span> </span></p>\n<p><span><em>Во время занятий Вы можете следить за успехами Вашего ребенка в режиме on-line на большом экране.</em></span></p>'),(46,'<h1><span>Дышите&nbsp;</span>глубже</h1>\n<p><span><em>Для вашего кофорта все помещения оборудованы современными системами вентиляции. Душно не будет.</em></span></p>'),(47,'<h1>Новое надо пробовать</h1>\n<p><span> </span></p>\n<p><span><em>Мы предлагаем новый уровень отношения к детям и их здоровью. Приходите и убедитесь.</em></span></p>'),(48,'<h1>Ждите с удовольствием</h1>\n<p><span> </span></p>\n<p><span><em>Ждете ребенка? Пусть это ожидание будет наполнено приятным, а главное, полезным. Приходите на занятия для будущих мам.</em></span></p>'),(49,'<h1>Психолог нужен всем</h1>\n<p><span> </span></p>\n<p><span><em>Тонкая душевная организация ребенка требует внимания специалистов. Важно, чтоб они были рядом. Мы рядом.</em></span></p>'),(50,'<h1>Общаться легко</h1>\n<p><em>Навыки общения закладываются с детства. Активные занятия со сверстниками помогают их развивать.</em></p>'),(42,'<h1>Мы в центре</h1>\n<p><em>Детский фитнес-клуб высокого уровня расположен там,&nbsp; где вы привыкли получать самое высокое качество обслуживания.&nbsp;<br /></em><em>В центре города.<br /></em><em>В центре вашего внимания.</em></p>'),(51,'<h1>Выходной для отдыха</h1>\n<p><span> </span></p>\n<p><span><em>Подарите себе несколько часов отдыха, пока наши педагоги занимаются развитием Вашего ребенка.</em></span></p>'),(52,'<h1>Танцуй, пока молодой</h1>\n<p><span> </span></p>\n<p><span><em>Вы когда-нибудь жалели о том, что в детстве на научились хорошо танцевать? Ваш ребенок жалеть не будет. Он будет хорошо танцевать.</em></span></p>'),(53,'<h1>Команда - это МЫ</h1>\n<p><span> </span></p>\n<p><span><em>Ни одно большое дело не делается в одиночку. Мы - команда опытных специалистов, любящих родителей, счастливых детей. Вступайте!&nbsp;</em></span></p>'),(54,'<h1>Играть полезно</h1>\n<p><span> </span></p>\n<p><span><em>Получать удовльствие от игры лучше с пользой. Игровые занятия для детей - двойная польза.</em></span></p>'),(55,''),(56,'<p style=\"text-align: justify;\">&nbsp;</p>\r\n<p style=\"text-align: justify;\">Какие преимущества имеют групповые занятия фитнесом для детей?&nbsp;<br /><br />В настоящее время ни для кого не секрет, что фитнес - это не просто вид спорта, не просто тренировки для поддержания хорошей физической формы и сохранения здоровья. Фитнес означает гораздо большее, это - определенные образ, стиль жизни, мировоззрение. Занятия фитнесом подразумевают гармонизацию не только физического состояния человека, но и психологического, и социального.&nbsp;&nbsp;Значимым становится не только влияние на тело, развитие таких его качеств как сила, выносливость, гибкость, но и философия здорового образа жизни, придающая уверенность в себе, жизнерадостность, позитивное восприятие других. Именно поэтому необходимо оценивать весь комплекс позитивных воздействий фитнеса на гармоничное развитие ребенка.</p>\r\n<p style=\"text-align: justify;\"><br />Для детей занятия фитнесом в группе предпочтительны по целому ряду причин.</p>\r\n<p style=\"text-align: justify;\">&nbsp;</p>\r\n<ul>\r\n<li>Ребенок становится членом сообщества, он чувствует себя включенным в группу, что очень важно в детском и подростковом возрасте для социализации.</li>\r\n</ul>\r\n<p>&nbsp;</p>\r\n<ul>\r\n<li>У него появляется круг сверстников для общения, разделяющих его интересы. Занятия в мини-группах способствуют естественному развитию коммуникативных навыков.</li>\r\n</ul>\r\n<p>&nbsp;</p>\r\n<ul>\r\n<li>В исследованиях было замечено, что детям очень важно видеть не только действия и движения взрослых, но и то, как их выполняют ровесники. Возможность подражать сверстникам помогает многим, особенно застенчивым и нерешительным,&nbsp;&nbsp;детям чувствовать себя спокойнее.</li>\r\n</ul>\r\n<p>&nbsp;</p>\r\n<ul>\r\n<li>Выполнение одних и тех же упражнений, движений приводит к сравнению своих результатов с результатами других детей, возникают соревновательные моменты, стремление делать лучше - один из мотивов, продвигающих обучение.</li>\r\n</ul>\r\n<p style=\"text-align: justify;\"><br />Организация занятий в мини-группах позволяет тренеру уделить внимание каждому ребенку с учетом его индивидуальных особенностей и возможностей, и, в то же время, использовать все преимущества групповой формы тренировок.</p>\r\n<p style=\"text-align: justify;\">&nbsp;</p>\r\n<p style=\"text-align: justify;\">Автор статьи</p>\r\n<p style=\"text-align: justify;\">Психолог KidnessClub</p>\r\n<p style=\"text-align: justify;\">Елена Томша</p>'),(57,'<p>&nbsp;</p>\n<p>Добро пожаловать в яркий и добрый мир KidnessClub!</p>\n<p>Наш адрес: г.Санкт-Петербург, ул. Звенигородская д.12.</p>\n<p>&nbsp;</p>\n<p>Клуб работает с 10:00 - 20:00, без выходных.</p>\n<p>Телефон: (812) 645 01 55</p>\n<p>e-mail: <a href=\"mailto:info@kidness.ru\">info@kidness.ru</a></p>\n<p>&nbsp;</p>\n<p>&nbsp;</p>\n<p><img class=\"class fancy_image\" title=\"Карта KidnessClub\" onmouseover=\"this.src=\'/media/uploads/map_smdot.jpg\';\" onmouseout=\"this.src=\'/media/uploads/map_sm.jpg\';\" src=\"/media/uploads/map_sm.jpg\" alt=\"/media/uploads/map_big.jpg\" width=\"566\" height=\"407\" /></p>\n<p>&nbsp;</p>\n<div>\n<p>&nbsp;</p>\n</div>\n<p>&nbsp;</p>'),(96,'<p>\r\n<table border=\"0\">\r\n<tbody>\r\n<tr style=\"vertical-align: middle;\">\r\n<td>\r\n<p style=\"text-align: center;\">&nbsp;</p>\r\n<p style=\"text-align: center;\">&nbsp;</p>\r\n<p style=\"text-align: center;\"><img src=\"/media/uploads/logo__.200x200.png\" alt=\"\" width=\"180\" height=\"200\" /></p>\r\n<p style=\"text-align: center;\">&nbsp;</p>\r\n</td>\r\n<td style=\"vertical-align: middle;\" valign=\"middle\">\r\n<p style=\"padding-left: 30px; text-align: justify;\">Компания SpbFerma предлагает замечательные экологически чистые продукты. Мы за то, чтобы вы и ваши дети были здоровы. Все наши клиенты получают скидки на покупку продукции от компании SpbFerma и доставку качественных продуктов на дом.</p>\r\n&nbsp;&nbsp;&nbsp;&nbsp;&nbsp; <br />&nbsp;&nbsp;&nbsp;&nbsp;&nbsp;&nbsp; <br /></td>\r\n</tr>\r\n<tr style=\"vertical-align: middle;\">\r\n<td style=\"vertical-align: middle;\">\r\n<p>&nbsp;</p>\r\n<p><img src=\"/media/uploads/default.200x200.jpeg\" alt=\"\" width=\"200\" height=\"74\" /></p>\r\n<p>&nbsp;</p>\r\n</td>\r\n<td style=\"vertical-align: middle;\">\r\n<p style=\"padding-left: 30px; text-align: justify;\">Детский книжный клуб &laquo;Буквоежка&raquo; представляет разнообразную программу для детей. Встречи с интересными людьми, детские интеллектуальные игры, мастер-классы, праздники, конкурсы&nbsp; &ndash; это неполный перечень тех событий, которые объединяет &laquo;Буквоежка&raquo;.</p>\r\n</td>\r\n</tr>\r\n<tr style=\"vertical-align: middle;\">\r\n<td>\r\n<p>&nbsp;</p>\r\n<p>&nbsp;</p>\r\n<p><img src=\"/media/uploads/kids_logo.200x200.jpg\" alt=\"\" width=\"200\" height=\"78\" /></p>\r\n<p>&nbsp;</p>\r\n</td>\r\n<td style=\"vertical-align: middle;\">\r\n<p style=\"padding-left: 30px; text-align: justify;\">Журнал \"KIDS IN THE CITY/Дети в мегаполисе\" - &nbsp;первый журнал о светской жизни детей в Петербурге.</p>\r\n<p style=\"padding-left: 30px; text-align: justify;\">Это журнал - клуб для родителей. Любите светскую жизнь? И ваши дети её любят тоже! Только у них она своя.</p>\r\n</td>\r\n</tr>\r\n<tr style=\"vertical-align: middle;\">\r\n<td>\r\n<p>&nbsp;</p>\r\n<p>&nbsp;</p>\r\n<p><img src=\"/media/uploads/sm_logo.200x200.jpg\" alt=\"\" width=\"200\" height=\"71\" /></p>\r\n<p>&nbsp;</p>\r\n</td>\r\n<td style=\"vertical-align: middle;\">\r\n<p style=\"text-align: justify; padding-left: 30px;\">Петербургское периодическое информационное издание &laquo;Счастье материнства&raquo; - журнал с авторитетным мнением.&nbsp;Это познавательный информационный журнал для беременных женщин и молодых родителей.</p>\r\n</td>\r\n</tr>\r\n<tr>\r\n<td>\r\n<p>&nbsp;</p>\r\n<p><img src=\"/media/uploads/sm_logo.rodi.jpg\" alt=\"\" width=\"200\" height=\"71\" /></p>\r\n<p>&nbsp;</p>\r\n</td>\r\n<td>\r\n<p>&nbsp;</p>\r\n<p>&nbsp;</p>\r\n<p>&nbsp; &nbsp; &nbsp; &nbsp;Журнал о беременности, родах и малыше \"РОДЫ.ru\" -</p>\r\n<p>&nbsp; &nbsp; &nbsp; &nbsp;современный журнал для современных родителей.</p>\r\n<p>&nbsp; &nbsp; &nbsp; &nbsp;http://www.mama-journal.ru/</p>\r\n</td>\r\n</tr>\r\n<tr style=\"vertical-align: middle;\">\r\n<td>\r\n<p>&nbsp;</p>\r\n<p style=\"text-align: left;\">&nbsp;<img src=\"/media/uploads/LogoGlue2_.200x200.png\" alt=\"\" width=\"200\" height=\"195\" /></p>\r\n</td>\r\n<td style=\"text-align: justify; padding-left: 30px;\">\r\n<p>&nbsp;</p>\r\n<p>ВДОМЕДОМ &ndash; это проект, на который нас вдохновили наши дети. ВДОМЕДОМ &ndash; картонный домик,  который можно разукрасить. Занимаясь творчеством, ребёнок познает мир, развивается интеллектуально и эмоционально.</p>\r\n</td>\r\n</tr>\r\n</tbody>\r\n</table>\r\n</p>\r\n<p style=\"text-align: justify;\">&nbsp;</p>\r\n<p>&nbsp;</p>'),(97,'<p style=\"text-align: justify;\">&nbsp;</p>\r\n<p style=\"text-align: justify;\">Ни для кого не секрет, что для полноценного развития ребенку необходимо движение. Именно через движение ребенок познает возможности своего тела и особенности окружающего его мира. Достаточно посмотреть, как яростно сопротивляется младенец против сдерживающих его активность пеленок, чтобы понять, как важно малышу свободно двигаться. Позднее с завидным упорством маленький человечек тянется к игрушке, учится переворачиваться, садиться, вставать на ножки. Сколько радости доставляет ползание, раздвигающее границы доступного мира. Овладение умением взбираться по лестнице, обегать препятствие, перепрыгивать через лужу<span> </span>является источником гордости и радости &ndash; &laquo;мама, смотри, как я могу<span>!&raquo;</span>. В чуть более старшем возрасте дети специально придумывают себе задания, усложняющие передвижение в пространстве &ndash; идут так, чтобы наступать только на плитки определенного цвета или перепрыгивать через трещинки в асфальте; поднимаясь по лестнице, перешагивают сразу через несколько ступеней или, рискуя подвернуть ногу, спрыгивают вниз. Взрослых это частенько раздражает: &laquo;Ты что, не можешь идти спокойно?&raquo;<span>. </span>Но ведь именно<span> </span>такое &laquo;неправильное поведение&raquo; позволяет детям на опыте узнать возможности своего тела, отмечать свое взросление как рост своих умений.</p>\r\n<p style=\"text-align: justify;\">&nbsp;</p>\r\n<p style=\"text-align: justify;\">Образы детей -&nbsp; бегущих, прыгающих, плавающих<span>,</span> брызгающихся в воде, играющих в футбол, мчащихся на велосипеде по проселочной дороге - зачастую используются как символы счастливого детства. Если мы посмотрим на жизнь в современном городе с этой точки зрения, то придется признать, что здесь ребенка ждут многочисленные рамки и ограничения: &laquo;не беги, машины<span>!</span>&raquo;, &laquo;не прыгай, у соседей потолок обвалится!&raquo;, &laquo;не вертись&raquo;, &laquo;сиди спокойно&raquo;. Постепенно ребенок научается подавлять свои импульсы к движению.<span> </span>Вряд ли это можно рассматривать как победу в воспитании. Достаточно посмотреть, как сидят первоклашки на уроке &ndash; усиленно качают ногами, ерзают, теребят все, что попадается в руки. Их тела красноречиво говорят о том, чего им хочется и чего им явно не хватает. Стоит ли удивляться, что не получая возможности активно действовать в этом мире<span>,</span> дети открывают для себя мир виртуальной реальности, где они почти что всемогущи.<span> </span>Многие родители, серьезно обеспокоенные многочасовым сидением ребенка за компьютером, пытаются решить проблему, отправив его заниматься спортом, но время зачастую упущено и подростку уже не хочется бегать, активно двигаться и вообще шевелиться.</p>\r\n<p style=\"text-align: justify;\">&nbsp;</p>\r\n<p style=\"text-align: justify;\">Двигательная активность ребенку необходима для нормального развития, как физического, так и психического. Детский фитнес &ndash; это возможность для родителей направить неисчерпаемую энергию малыша в правильное русло.  Фитнес в отличие от спорта более гармоничен и направлен на укрепление здоровья и поддержание хорошей физической формы.</p>\r\n<p style=\"text-align: justify;\">&nbsp;</p>\r\n<p>Автор статьи</p>\r\n<p>Психолог KidnessClub</p>\r\n<p>Елена Томша</p>'),(199,'<p style=\"text-align: justify;\">Курс &laquo;Умная мама&raquo; - это теория и практика детского массажа, а также&nbsp; повышение педагогической родительской компетентности.</p>\r\n<p style=\"text-align: justify;\">&nbsp;</p>\r\n<p style=\"text-align: justify;\">Ласковые прикосновения любящих маминых рук &ndash; одно из самых теплых, счастливых воспоминаний детства.&nbsp; Но мамины руки могут дарить малышу не только любовь, но и здоровье &ndash; тогда, когда они умеют делать&nbsp; массаж. Нежные, бережные поглаживания, разминания, похлопывания помогут ребенку быстрее узнать свое тело через&nbsp; прикосновения заботливых рук. Доказано, что благодаря регулярно проводимому массажу детки быстрее развиваются, начинают активнее осваивать окружающий мир. Также очень важен эмоциональный контакт мамы с малышом во время массажа &ndash; улыбки, слова, взгляд, обращенные к крохе, и&nbsp; сопровождаемые приятными для него ощущениями. В более старшем возрасте мамин массаж поможет освободить ребенка&nbsp; от излишнего напряжения, или наоборот, когда это нужно,&nbsp; взбодрить. Освоить эту область маминой науки вы сможете на курсах &laquo;Умная мама&raquo;&nbsp; под руководством опытного специалиста по детскому массажу. &nbsp;</p>\r\n<p style=\"text-align: justify;\">&nbsp;</p>\r\n<p style=\"text-align: justify;\"><br />Вторая составляющая курса &laquo;Умная мама&raquo; - это увлекательное знакомство с самыми интересными, прогрессивными педагогическими системами и взглядами &ndash; М.Монтессори, Я.Корчака, Л.Н.Толстого, В.А.Сухомлинского, П.Ф.Лесгафта, Вальдорфской педагогики и др.&nbsp; Следует признать, что искусство воспитания человека &ndash; одно из самых сложных, и универсальная&nbsp; педагогическая модель человечеством все еще не выработана. А значит, опираясь на лучшие&nbsp; достижения, вы можете искать свой путь и творчески создавать свой уникальный опыт сознательного и любящего воспитания ребенка.</p>\r\n<p>&nbsp;</p>'),(70,''),(71,''),(200,'<p style=\"text-align: justify;\">Семья &ndash; сложная живая система, благополучие которой зависит от многих внешних и внутренних условий. Как развитие отдельного человека не может всегда проходить ровно и гладко, так и в жизни семьи бывают кризисные периоды,&nbsp; когда кажется, что ситуация стала безвыходной, взаимопонимание между членами семьи потеряно, отрицательные эмоции &laquo;переливают через край&raquo;.</p>\r\n<p style=\"text-align: justify;\">&nbsp;</p>\r\n<p style=\"text-align: justify;\">Атмосфера в семье &ndash; вещь очень тонкая, и зачастую какие-либо нарушения в ней&nbsp; улавливают дети - наиболее чувствительные члены семьи. Не имея возможности&nbsp; изменить ситуацию, они &laquo;сигнализируют&raquo; о неблагополучии своим изменившимся поведением, неуспеваемостью в школе, болезнями. Находясь &laquo;внутри&raquo; ситуации, родителям зачастую трудно определить истинную причину проблем ребенка. В этом случае поможет семейный психолог, имеющий соответствующие знания и умения разобраться в тонких сплетениях внутрисемейных отношений. Гармонизация внутрисемейных отношений положительно сказывается на всех членах семьи &ndash; ведь, сознавая это или нет, они являются членами одной команды.&nbsp; Команды, которой по силам справиться с жизненными испытаниями и трудностями.</p>\r\n<p style=\"text-align: justify;\">&nbsp;</p>\r\n<p style=\"text-align: justify;\">Вы можете доверить Ваши сомнения, беспокойства, тревоги, страхи, печаль, гнев и любые другие тяжелые переживания семейному психологу. Вы обязательно получите понимание и поддержку, а также возможность увидеть ситуацию в новом свете. Психолог не решает Ваши проблемы, он помогает Вам самостоятельно найти правильное решение и успешно справиться с трудностями жизненного пути.</p>\r\n<p style=\"text-align: justify;\">&nbsp;</p>\r\n<p style=\"text-align: justify;\">В&nbsp; Kidness Сlub мы предлагаем Вам обсудить имеющиеся трудности на консультации семейного психолога, а также достичь положительных изменений с помощью арт-терапии или песочной терапии -&nbsp; современных эффективных методов, зарекомендовавших себя как наиболее подходящие в работе с детьми.</p>'),(198,'<p>&nbsp;</p>\n<p>\n<object classid=\"clsid:d27cdb6e-ae6d-11cf-96b8-444553540000\" width=\"450\" height=\"300\" codebase=\"http://download.macromedia.com/pub/shockwave/cabs/flash/swflash.cab#version=6,0,40,0\">\n<param name=\"src\" value=\"http://www.youtube.com/v/4BupDoIv4jE&amp;feature\" /><embed type=\"application/x-shockwave-flash\" width=\"450\" height=\"300\" src=\"http://www.youtube.com/v/4BupDoIv4jE&amp;feature\"></embed>\n</object>\n</p>\n<p>&nbsp;</p>\n<p>Беременность &ndash; это ожидание чуда, которое каждая женщина испытывает по-своему. Эти девять месяцев могут быть наполнены волнениями и страхами, а могут стать незабываемыми и счастливыми. Для этого необходимо ощутить новую глубину ваших отношений, установить эмоциональный контакт с малышом еще до его рождения, подготовиться к появлению ребенка как физически, так и психологически. Мы не верим, когда говорят, что стать мамой просто. Но мы создали особые условия и разработали специальные занятия, которые смогут помочь вам&nbsp;&nbsp;улучшить самочувствие и подготовиться к родам. Наши занятия проходят в комфортных условиях в небольших группах до 5 человек.&nbsp;&nbsp;Мы приветствуем, когда будущие мамы приходят со своими супругами или с близкими родственниками, которые будут поддерживать вас.</p>'),(196,'<p style=\"text-align: justify;\"><img style=\"float: left; margin-right: 10px;\" src=\"/media/uploads/progmenu_4.jpg\" alt=\"\" width=\"160\" height=\"119\" />Развитие ребенка в возрасте от шести до девяти лет знаменуется переходом на новую ступень его жизнедеятельности. Это связанно с поступлением в школу, изменением режима сна, активным общением со сверстниками, адаптацией к учебной деятельности. Занятия в KidnessClub помогут ребенку уверенно справиться с важным периодом в его жизни и будут способствовать поддержанию организма в хорошей физической форме.</p>\n<p style=\"text-align: justify;\">&nbsp;</p>\n<p style=\"text-align: justify;\">&nbsp;&nbsp;<br />Шестилетние дети весьма самостоятельные и сознательные люди. Они прекрасно понимают, что от них требуют взрослые, стремятся выполнять различные задания. <br />На смену игровой деятельности ребенка приходит учебная. Первый год обучения в школе очень сложный период не только для детей, но и для родителей. Важно не перегружать учебой, чтобы интерес к ней сохранился и в будущем. Полезно выполнять физические упражнения, заниматься гимнастикой, танцами, чаще бывать на свежем воздухе.</p>\n<p style=\"text-align: justify;\">&nbsp;</p>\n<p style=\"text-align: justify;\">Дети&nbsp; - одаренные создания по своей природе. Но способности не раскрываются сами по себе. Прислушиваясь к его интересам и предоставляя ему возможность пробовать свои силы в различной деятельности, вы сможете помочь развить безграничный потенциал вашего ребенка.</p>\n<p style=\"text-align: justify;\">&nbsp;</p>\n<p style=\"text-align: justify;\">KidnessClub предлагает различные программы для&nbsp; детей в возрасте от шести до девяти лет. Подробнее с их описанием вы можете ознакомиться ниже.</p>'),(197,'<p style=\"text-align: justify;\"><img style=\"float: left; margin-right: 10px;\" src=\"/media/uploads/progmenu_5.jpg\" alt=\"\" width=\"160\" height=\"119\" />Наступает время, когда ваш ребенок становиться подростком и не заметить этого невозможно. Занятия в KidnessClub ориентированы на возраст, физические и интеллектуальные особенности каждого ребенка. Переходный возраст &ndash; это время полового созревания. У всех подростков этот период может начинаться в разное время. В основном с одиннадцати до тринадцати лет. В это время у ребёнка появляется резкая смена настроений, раздражительность, беспокойство, упрямство, ему хочется больше времени проводить среди сверстников. В этот период подросток интересуется многим, далеко выходящим за рамки его повседневной жизни и школьной программы. К сожалению, именно в этом возрасте многие начинают пробовать курить. Поэтому, так важно суметь отвлечь внимание подростка от пагубных привычек, помочь найти занятие по душе &ndash; хобби, переключив тем самым его интерес на здоровый образ жизни и культуру спорта. <br />KidnessClub&nbsp; предлагает интересные программы для детей этого возраста. Подробнее с их описанием, вы можете ознакомиться ниже.</p>'),(195,'<p style=\"text-align: justify;\"><img style=\"float: left; margin-right: 10px;\" src=\"/media/uploads/progmenu_3.jpg\" alt=\"\" width=\"160\" height=\"119\" />Каждый ребенок наполнен неисчерпаемой энергией и наделен уникальными способностями. Поэтому одна из основных задач KidnessClub&nbsp;состоит в том, чтобы создать необходимые условия и предоставить возможности для того, чтобы каждый смог найти занятие по интересу и раскрыть свой талант.</p>\n<p style=\"text-align: justify;\">&nbsp;</p>\n<p style=\"text-align: justify;\">Дети в возрасте от трех до шести лет стремятся к общению, полны желания познавать и крайне любознательны. Для них становятся важны совместные занятия со сверстниками и ощущение себя в процессе взаимодействия с ними. В этом возрасте возможны конфликтные ситуации. Понять причины и устранить их нежелательные последствия<span>&nbsp; </span>помогает доверительная беседа с психологом или арт-терапевтом.</p>\n<p class=\"MsoNormal\" style=\"text-align: justify;\">&nbsp;</p>\n<p class=\"MsoNormal\" style=\"text-align: justify;\">Не нужно забывать, что продолжает формироваться походка. Рекомендуется практика хождения босиком, выполнение специальных упражнений на укрепление позвоночника, массаж. Возраст от пяти до шести лет &ndash; важный период в развитии интеллектуальной сферы ребенка. Поэтому игровой материал занятий усложняется.</p>\n<p class=\"MsoNormal\" style=\"text-align: justify;\">&nbsp;</p>\n<p class=\"MsoNormal\" style=\"text-align: justify;\">Он становится логическим и непринужденно заставляет ребенка думать. В ходе игры естественным образом совершенствуется мышление, память, воображение, умение анализировать. Чтобы помочь малышу разобраться в полученной информации, нужно развернуто отвечать на его вопросы, спрашивать его мнение и позволять рассуждать. Важным показателем этого возраста является самооценка ребенка. Развитие уверенности в себе во многом определяется достижениями малыша, которые нуждаются <span>&nbsp;</span>в одобрении и похвале. Воспитание у ребенка чувства собственного достоинства и позитивного мышления &ndash; это залог его успеха в будущем.</p>\n<p class=\"MsoNormal\" style=\"text-align: justify;\">&nbsp;</p>\n<p class=\"MsoNormal\" style=\"text-align: justify;\"><span lang=\"EN-US\">KidnessClub</span> предлагает специальные программы для развития вашего ребенка в возрасте от 3-х до 6 лет. Подробнее с их описанием вы можете ознакомиться ниже.</p>\n<p class=\"MsoNormal\" style=\"text-align: justify;\">&nbsp;</p>'),(98,'<p style=\"text-align: justify;\">&nbsp;</p>\n<p style=\"text-align: justify;\">Чтобы правильно рос и развивался малыш, необходимо с самого раннего возраста начинать физическое воспитание. Физическое воспитание детей ясельного возраста предусматривает охрану и укрепление здоровья, совершенствование функций организма ребенка, его полноценное физическое развитие. Оно направлено на своевременное формирование у малышей двигательных навыков, умений и физических качеств (силы, выносливости, ловкости, быстроты); развитие интереса к различным, доступным ребенку видам двигательной деятельности; воспитание привычки к ежедневным занятиям физическими упражнениями, а также положительных нравственных, моральных и волевых черт личности.</p>\n<p style=\"text-align: justify;\">&nbsp;</p>\n<p style=\"text-align: justify;\">Особенно важное значение имеет развитие движений. С этой целью проводятся утренняя гигиеническая гимнастика, подвижные игры, физкультурные занятия и др. Следует заботиться также о повышении двигательной активности ребенка на протяжении всего дня путем создания соответствующей обстановки, подбора физкультурных пособий и игрушек и побуждения детей к ее использованию. Обучение детей двигательным навыкам и умениям происходит главным образом на занятиях физической культуры. Занятия обязательны для всех здоровых детей.</p>\n<p style=\"text-align: justify;\">&nbsp;</p>\n<p style=\"text-align: justify;\">В физическом воспитании должен соблюдаться строгий дифференцированный подход: при назначении режима, питания, закаливающих процедур, при подборе игр и физических упражнений, в их дозировке учитывается возраст, состояние здоровья, физическое развитие и подготовленность, а также индивидуальные особенности ребенка. Методика физического воспитания детей зависит от их возраста, но основные принципы ее во всех возрастных группах остаются одинаковыми. Некоторые отличия в методике проведения занятий по физическому воспитанию связаны лишь с анатомо-физиологическими особенностями детей различных возрастных групп</p>\n<p style=\"text-align: justify;\">&nbsp;</p>\n<p style=\"text-align: justify;\">Во время занятий нужно стремиться развивать и совершенствовать те двигательные навыки, которые наиболее необходимы в данном возрасте. Например, у детей первого полугодия жизни необходимо развивать двигательные навыки в поворотах со спины на живот, с живота на спину, несколько позже - навыки в ползании. У детей более старшего возраста развивать и совершенствовать двигательные навыки в основных видах движения: в ходьбе, беге, равновесии, лазании, занятиях на развитие ловкости и реакции.</p>\n<p>&nbsp;</p>\n<p>Автор статьи</p>\n<p>Детский спортивный врач KidnessClub</p>\n<p>Мордовская Наталья</p>\n<p>&nbsp;</p>'),(99,'<p style=\"text-align: justify;\">&nbsp;</p>\n<p style=\"text-align: justify;\">Физическое воспитание для детей то же, что фундамент для здания. Чем прочнее заложен фундамент, тем выше может быть возведена постройка; чем больше забот о физическом воспитании ребенка, тем больших успехов он достигнет в общем развитии, в науках, в умении работать и быть полезным для общества человеком.</p>\n<p style=\"text-align: justify;\">&nbsp;</p>\n<p style=\"text-align: justify;\">Ни в каком другом возрасте физическое воспитание не связано так тесно с общим воспитанием, как в первые семь лет. В период дошкольного детства (от рождения до семи лет) у ребенка закладываются основы здоровья, долголетия, всесторонней двигательной подготовленности и гармоничного физического развития.</p>\n<p style=\"text-align: justify;\">&nbsp;</p>\n<p style=\"text-align: justify;\">Растить детей здоровыми, сильными, жизнерадостными -- задача не только родителей, но и каждого дошкольного учреждения, так как и них дети проводят большую часть дня. С этой целью предусмотрены занятия по физической культуре, которые следует строить в соответствии с психологическими особенностями конкретного возраста, доступности и целесообразности упражнений. Комплексы упражнений должны быть увлекательными, а также предусматривать физиологически и педагогически необходимую и оправданную нагрузку, удовлетворяющую потребность ребенка в движении.</p>\n<p style=\"text-align: justify;\">&nbsp;</p>\n<p style=\"text-align: justify;\">Болезненный, физически плохо развитый ребенок обычно отстает от здоровых детей в учебе. У него хуже память, его внимание быстрее утомляется, и поэтому он не может хорошо учиться, а родители и даже педагоги нередко ошибаются, считая ребенка лентяем. Эта слабость вызывает также и самые различные расстройства в деятельности организма, ведет не только к понижению способностей, но и расшатывает волю ребенка.</p>\n<p style=\"text-align: justify;\">&nbsp;</p>\n<p style=\"text-align: justify;\">Правильно организованное физическое воспитание способствует формированию хорошего телосложения, профилактике заболеваний, улучшению деятельности внутренних органов и систем детского организма.</p>\n<p style=\"text-align: justify;\">&nbsp;</p>\n<p style=\"text-align: justify;\">Положительные эмоции, эмоциональная насыщенность занятий являются основными условиями при обучении детей движениям. Подражание рождает эмоции, которые активизируют ребенка. Кроме того, заинтересованность положительно действует на двигательную активность детей, особенно малоподвижных и инертных. Освоение движений хорошо влияет и на развитие речи ребенка. Совершенствуется понимание речи взрослого, расширяется словарь активной речи.</p>\n<p style=\"text-align: justify;\">&nbsp;</p>\n<p style=\"text-align: justify;\">Вот почему так справедливо отмечал выдающийся советский педагог В. А. Сухомлинский: &laquo;Я не боюсь еще и еще раз повторить: забота о здоровье - это важнейший труд воспитателя. От жизнерадостности, бодрости детей зависит их духовная жизнь, мировоззрение, умственное развитие, прочность знаний, вера в свои силы&raquo;.</p>\n<p>&nbsp;</p>\n<p>Автор статьи</p>\n<p>Детский спортивный врач KidnessClub</p>\n<p>Мордовская Наталья.</p>\n<p>&nbsp;</p>'),(100,'<p>&nbsp;</p>\n<p style=\"text-align: right;\">Движение &ndash; кладовая жизни<br />(<span>Плутарх</span>)</p>\n<p style=\"text-align: right;\">&nbsp;</p>\n<p style=\"text-align: right;\"><span>Ничто так не истощает и не разрушает человека,&nbsp;<br />к</span><span>ак продолжительное физическое бездействие</span></p>\n<p style=\"text-align: right;\">(<span>Аристотель</span>)</p>\n<p>&nbsp;</p>\n<p style=\"text-align: justify;\">Удовлетворение потребности ребенка в движениях является важнейшим<span> </span>условием его жизнедеятельности и нормального развития &mdash; не только<span> </span>физического, но и интеллектуального.<span> </span>Достаточная по объему двигательная активность благоприятно сказывается на<span> </span>функциональном состоянии головного мозга, увеличении работоспособности,<span> </span>повышении произвольности в выполнении различных действий.</p>\n<p style=\"text-align: justify;\">&nbsp;</p>\n<p style=\"text-align: justify;\">Физическая<span> </span>активность способствует нормальному развитию центральной нервной системы,<span> </span>улучшению памяти, процессов обучения, нормализации эмоционально-мотивационной<span> </span>сферы, улучшению сна, возрастанию возможностей не только в физической, но и<span> </span>в умственной деятельности.</p>\n<p style=\"text-align: justify;\">&nbsp;</p>\n<p style=\"text-align: justify;\">Физические упражнения необходимы для повышения мышечной активности<span>, </span>совершенствования двигательных процессов и<span> </span>навыков, улучшения осанки, предупреждения развития плоскостопия.</p>\n<p style=\"text-align: justify;\">&nbsp;</p>\n<p style=\"text-align: justify;\">Именно в детском возрасте формируются жизненно важные базовые, локомоторные навыки и умения, создается фундамент двигательного опыта, осваивается азбука движений, из элементов которой в последствие<span>&nbsp; </span>формируется вся двигательная деятельность человека.</p>\n<p style=\"text-align: justify;\">&nbsp;</p>\n<p style=\"text-align: justify;\">Двигательная активность детей является одновременно и условием, и стимулирующим фактором развития интеллектуальной<span>,&nbsp;</span> эмоциональной и других сфер<span>.&nbsp;</span></p>\n<p style=\"text-align: justify;\">&nbsp;</p>\n<p style=\"text-align: justify;\">Ни в какой другой период жизни физическое воспитание не связано так тесно с общим воспитанием, как в первые шесть лет. В период<span>&nbsp;</span> дошкольного детства у ребенка закладываются основы здоровья,&nbsp;<span> </span>долголетия<span>,</span> всесторонней двигательной подготовленности и гармонического физического развития. Болезненный, отстающий в физическом развитии ребенок быстрее утомляется, у него неустойчивое внимание, память. Эта общая слабость вызывает и самые различные расстройства в деятельности организма, не только ведет к понижению способности, но и расшатывает волю ребенка. Недаром выдающийся педагог В.А. Сухомлинский подчеркивал, что от здоровья, жизнерадостности детей зависит их духовная жизнь, мировоззрение, умственное развитие, прочность в знаниях, вера в свои силы. Поэтому крайне важно организовывать занятия физической культурой именно в детстве, что позволит организму накопить силы и обеспечить в дальнейшем всестороннее гармоническое развитие личности.</p>\n<p style=\"text-align: justify;\">&nbsp;</p>\n<p style=\"text-align: justify;\">Длительное значительное ограничение движений резко угнетает нервную систему, ухудшает развитие мышц. При гиподинамии снижается до предельного уровня обмен веществ, задерживается развитие внутренних органов, сердечно &ndash; сосудистой, дыхательной и пищеварительной систем, желез внутренней секреции и т. п. Гиподинамия отражается на опорно <span>-</span>&ndash; двигательном аппарате, функционировании многих систем организма, особенно сердечно &ndash; сосудистой и дыхательной. При длительном сидении мышцы, поддерживающие правильную позу, устают, дыхание становится менее глубоким и легкие недостаточно вентилируются; работа сердца изменяется, происходит застой крови в малом тазу и нижних конечностях. Работоспособность организма и особенно мозга постепенно падает: снижается внимание, увеличивается время мыслительных операций, ослабляется память, ухудшается координация движений. У многих школьников, особенно у девочек, наблюдаются нарушения осанки, а у некоторых &ndash; искривление позвоночника (сколиоз) из-за слабости мышц. Гипокинезия на фоне чрезмерного питания с избытком углеводов и жиров является одной из причин ожирения, отмечаемого почти у каждого 4 &ndash; 5 ребенка. К отрицательным проявлениям гипокинезии в комплексе с другими факторами относится снижение сопротивляемости молодого организма простудным, инфекционным и другим заболеваниям.</p>\n<p style=\"text-align: justify;\">&nbsp;</p>\n<p style=\"text-align: justify;\">Подвижные игры имеют оздоровительное, воспитательное и образовательное значение<span>.</span> Доказано, что они улучшают физическое развитие детей, благотворно воздействуют на нервную систему и укрепляют здоровье. Кроме этого это очень эмоциональное спортивное занятие, которое может создавать очень большую физическую нагрузку на ребенка, что необходимо обязательно учитывать при организации занятий и игр с малышом.</p>\n<p style=\"text-align: justify;\">&nbsp;</p>\n<p style=\"text-align: justify;\">Почти в каждой игре присутствует бег, прыжки, метания, упражнения на равновесие и т.д.&nbsp;<span> </span>В играх воспитываются основные физические качества ребенка, такие как сила, быстрота, выносливость и совершенствуются разнообразнейшие двигательные умения и навыки<span>.</span></p>\n<p style=\"text-align: justify;\">&nbsp;</p>\n<p style=\"text-align: justify;\"><span>Автор статьи</span></p>\n<p style=\"text-align: justify;\"><span>Детский спортивный врач KidnessClub</span></p>\n<p style=\"text-align: justify;\"><span>Наталья Мордовская&nbsp;</span></p>\n<p>&nbsp;</p>'),(103,''),(104,'<p>&nbsp;</p>\n<p style=\"text-align: justify;\">Вы ждете малыша. Само осознание предстоящего родительства рождает целый спектр переживаний &ndash; радость, гордость, волнения, тревогу&hellip; 9 месяцев ожидания долгожданной встречи, 9 месяцев &ndash; прежде, чем Вы увидите, какой он или она, ощутите младенца на руках, прижмете теплого кроху к груди. Как подготовиться к этой встрече, как создать наилучшие условия для появления малыша на свет?</p>\n<p style=\"text-align: justify;\">&nbsp;</p>\n<p style=\"text-align: justify;\">Известна старинная притча о молодых родителях, пришедших с новорожденным младенцем к мудрецу за советом &ndash; когда начинать воспитывать ребенка, чтобы он вырос хорошим и счастливым человеком. Старец ответил: &laquo;Вы опоздали на 9 месяцев&raquo;. Многочисленные современные исследования подтверждают справедливость этой истории: связь между &laquo;жизнью до рождения&raquo; и всей последующей жизнью человека научно доказана. В настоящее время нет необходимости говорить о том, что беременность &ndash; процесс не только физиологический, но и психологический. От того, как ждут малыша будущие родители, что делает, а еще важнее, что эмоционально переживает мама во время беременности, во многом зависит физическое и психическое развитие ребенка. Попробуем вкратце обозначить самые главные моменты, на которые заботливым родителям стоит обратить внимание:</p>\n<p style=\"text-align: justify;\">&bull;<span> </span>Дети, которых ждут и любят еще до их появления на свет, рождаются физически более здоровыми, крепкими, и психологически благополучными; они хорошо развиваются и меньше плачут;</p>\n<p style=\"text-align: justify;\">&bull;<span> </span>Эмоциональный контакт (не только мамы, но и папы, и других значимых членов семьи) с ребенком формируется до его появления на свет, поэтому, если Вы хотите установить с малышом хорошие, полные понимания и любви отношения &ndash; начинайте общаться с ним заранее, до его рождения;</p>\n<p style=\"text-align: justify;\">&bull;<span> </span>На развитие малыша влияет эмоциональное состояние мамы, поэтому, важнейшая задача будущей мамочки и всех близких обеспечить ее гармоничное состояние &ndash; спокойное и жизнерадостное;</p>\n<p style=\"text-align: justify;\">&bull;<span> </span>С древности беременных старались окружить красотой &ndash; природной и рукотворной, и гармоничной музыкой. В настоящее время доказано: ребенок воспринимает мир, находясь внутри мамы, именно поэтому во время ожидания малыша так важно обеспечить женщине эстетическое и гармоничное окружение;</p>\n<p style=\"text-align: justify;\">&bull;<span> </span>Для эмоционального и умственного развития малыша очень полезно, чтобы мама занималась творчеством &ndash; рисованием, пением, пластикой, рукоделием &ndash; всем, что приносит ей удовольствие. Развитие способностей женщины формирует творческий потенциал ее ребенка.</p>\n<p style=\"text-align: justify;\">&nbsp;</p>\n<p style=\"text-align: justify;\">Чтобы рождение ребенка стало радостным событием в жизни Вашей семьи, мы предлагаем:</p>\n<p style=\"text-align: justify;\">&bull;<span> </span>Индивидуальные консультации психолога для будущих мам и для семейных пар, ожидающих ребенка;</p>\n<p style=\"text-align: justify;\">&bull;<span> </span>Индивидуальные занятия арт-терапией или песочной терапией для развития более полного самопознания, раскрытия творческого потенциала, снятия психологического напряжения;</p>\n<p style=\"text-align: justify;\">&bull;<span> </span>Групповые занятия для будущих мам по подготовке к рождению ребенка;</p>\n<p style=\"text-align: justify;\">&bull;<span> </span>Групповые занятия для семейных пар по подготовке к рождению ребенка.</p>\n<p style=\"text-align: justify;\">&nbsp;</p>\n<p style=\"text-align: justify;\">Наполните время ожидания малыша радостью и творчеством, ощутите новую глубину Ваших отношений, подготовьтесь физически и психологически к появлению Вашего ребенка самым лучшим образом &ndash; современные технологии перинатальной подготовки предоставляют для этого прекрасные возможности!</p>\n<p style=\"text-align: justify;\">Автор статьи</p>\n<p style=\"text-align: justify;\">Психолог KidnessClub</p>\n<p style=\"text-align: justify;\">Елена Томша</p>\n<p>&nbsp;</p>'),(146,'<p>Детский массаж является одним из эффективных средств всестороннего развития ребенка. <br />Он укрепляет&nbsp; опорно-двигательный аппарат, повышает тонус мышечной системы и подвижность связочного аппарата. <br /><br />В KidnessClub вы можете научиться делать его самостоятельно под руководством квалифицированного специалиста или воспользоваться услугами профессионального массажиста.&nbsp;&nbsp;&nbsp;&nbsp; &nbsp;<br /><br />Расписание занятий по обучению мам детскому массажу: <br />вт., 12:00 &ndash; 20:00<br />ср., 10:00 &ndash; 17:00<br />чт., 10:00 &ndash; 18:00<br />пт., 12:00 &ndash; 20:00<br />сб.&nbsp; 10:00 &ndash; 17:00<br /><br />Расписание массажа для детей<br />вт., 10:00 &ndash; 20:00<br />ср., 10:00 &ndash; 20:00<br />чт., 10:00 &ndash; 20:00<br />пт., 10:00 &ndash; 20:00<br />сб.&nbsp; 10:00 &ndash; 20:00</p>'),(194,'<p style=\"text-align: justify;\"><img style=\"float: left; margin-right: 10px;\" src=\"/media/uploads/progmenu_2.jpg\" alt=\"\" width=\"160\" height=\"119\" />Физическое развитие ребенка в возрасте от 1,5 до 3 лет происходит стремительно. Помочь в освоении новых навыков и совершенствовании уже имеющихся помогут квалифицированные специалисты <span lang=\"EN-US\">KidnessClub</span>.</p>\n<p class=\"MsoNormal\" style=\"text-align: justify;\">&nbsp;</p>\n<p class=\"MsoNormal\" style=\"text-align: justify;\">Если ребенок все еще учится передвигаться без помощи взрослого, то ему будет полезно толкать вперед игрушки, или тянуть их за собой. Научившись ходить, малыш будет стремиться совершенствовать этот навык. Для него станет интересно лазить, бегать и прыгать. Дети старше полутора лет пытаются рисовать, поэтому толстые карандаши, пальчиковые краски, или цветные мелки могут стать для вас хорошими помощниками, чтобы занять непоседу. Захватывая и удерживая пальцами предметы, у ребенка активно развивается зрительное восприятие и воображение. Ранняя &laquo;проба пера&raquo; совсем не похожа на слова, однако роль первых каракулей очень важна в процессе подготовки к обучению письму. В связи с этим мы уделяем особое внимание творческой составляющей каждого занятия, предоставляя малышу все необходимое для освоения этого навыка. Важно помнить, что взаимодействие с другими детьми будет способствовать коммуникабельности вашего малыша в будущем. Поэтому занятия проходят в небольших группах.</p>\n<p class=\"MsoNormal\" style=\"text-align: justify;\">&nbsp;</p>\n<p class=\"MsoNormal\" style=\"text-align: justify;\">Детям старше двух лет очень нравятся игры с мячом. Навыки ловить и бросать мяч, пытаться попасть им в корзину положительным образом сказываются на развитии зрительно-моторной координации, ловкости и меткости. Так как все занятия построены по принципу веселой и занимательной игры, то подобные упражнения с мячом просты для исполнения и не вызывают страха сделать что-то не так или неправильно. Похвала и одобрение действий малыша &ndash; важная составляющая его гармоничного психологического развития. Об этом необходимо помнить всегда.</p>\n<p class=\"MsoNormal\" style=\"text-align: justify;\"><span lang=\"EN-US\">&nbsp;&nbsp;&nbsp;&nbsp; </span></p>\n<p class=\"MsoNormal\" style=\"text-align: justify;\"><span lang=\"EN-US\">KidnessClub</span> предлагает специальные программы для развития вашего ребенка в возрасте от 1,5 до 3 лет. Подробнее с их описанием вы можете ознакомиться ниже.</p>'),(265,''),(193,'<p>&nbsp;</p>\n<p>Йога для беременных направлена на укрепление мышечного каркаса, оздоровление и подготовку организма мамы к родам.</p>\n<p>&nbsp;</p>\n<p>Программа занятий включает в себя как упражнения на растяжку и расслабление тела, так и комплексы для укрепления мышц, что поможет в дальнейшем организму мамы быстрее восстановиться после родов. Специальные комплексы упражнений и дыхательных техник устраняют дискомфортные и болевые состояния, раскрывают тазовый пояс , стабилизируют нервную систему и улучшают настроение.</p>\n<p><br />Занятия проводятся в группах до 5 человек.<br />Длительность курса 4 или 8 занятий в месяц по 1,5 часа.</p>\n<p>&nbsp;</p>\n<p>Действующие группы:</p>\n<p>&nbsp;</p>\n<p>Ср., 13:00 - 14:30</p>\n<p>Пт., 13:00 - 14:30</p>\n<p>Сб., 18:00 - 19:30</p>\n<p>&nbsp;</p>\n<p>Мы занимаемся здоровьем детей еще до их рождения!</p>'),(125,'<h1>Друзей выбирают</h1>\n<p>Мы выбрали тех, с кем приятно дружить. Потому, что они не подведут.</p>'),(189,'<p><img src=\"/media/uploads/ZelenayaKoftochka.200x200.png\" alt=\"\" width=\"200\" height=\"120\" /></p>\n<p>\n<object classid=\"clsid:d27cdb6e-ae6d-11cf-96b8-444553540000\" width=\"425\" height=\"350\" codebase=\"http://download.macromedia.com/pub/shockwave/cabs/flash/swflash.cab#version=6,0,40,0\">\n<param name=\"src\" value=\"http://www.youtube.com/v/cwneS9AI-Gg&amp;feature\" /><embed type=\"application/x-shockwave-flash\" width=\"425\" height=\"350\" src=\"http://www.youtube.com/v/cwneS9AI-Gg&amp;feature\"></embed>\n</object>\n</p>\n<p><img src=\"/media/uploads/BeremenyeYoga.200x200.png\" alt=\"\" width=\"200\" height=\"120\" /></p>\n<p>\n<object classid=\"clsid:d27cdb6e-ae6d-11cf-96b8-444553540000\" width=\"425\" height=\"350\" codebase=\"http://download.macromedia.com/pub/shockwave/cabs/flash/swflash.cab#version=6,0,40,0\">\n<param name=\"src\" value=\"http://www.youtube.com/v/4BupDoIv4jE&amp;feature\" /><embed type=\"application/x-shockwave-flash\" width=\"425\" height=\"350\" src=\"http://www.youtube.com/v/4BupDoIv4jE&amp;feature\"></embed>\n</object>\n</p>'),(164,'<h1>Фитнес занятие для детей до трех лет</h1>\r\n<p>Благодаря телесно-ориентированной практике построения занятия, происходит активное взаимодействие между папой или мамой и ребенком. Физические упражнения способствуют развитию необходимых навыков, важных для данного возраста ребенка.</p>\r\n<p>&nbsp;</p>\r\n<p>Занятие состоит из двух частей, длительностью 1,5 часа. Первая часть - оздоровительная гимнастика. Вторая часть - подвижные игры с использованием фитнес-мячей, мягких модулей, игр на развитие  внимания, координации движений, узнаваемости и запоминаемости предмета.</p>\r\n<p>&nbsp;</p>\r\n<p>Занятие проводит врач лечебной физкультуры, массажист.</p>\r\n<p>&nbsp;</p>\r\n<p>Подробности программы и расписание по тел. 645-01-55</p>'),(151,''),(152,''),(153,''),(154,''),(155,''),(156,''),(157,''),(165,'<h1>Приглашаем Вас в группу по подготовке к родам &laquo;Baby waiting art&raquo;.</h1>\r\n<p><br /><strong>Дорогие будущие мамы! </strong></p>\r\n<p>&laquo;Baby waiting art&raquo; - этa программа создана специально для Вас и вашего малыша. Главный акцент курса делается на психологическую готовность будущей мамы &ndash; это понимание происходящих с ней процессов и изменений, освоение навыков поведения при родах, послеродовой уход за ребенком.<br /><br />Программа курса рассчитана на 8 занятий по 2,5 часа.</p>\r\n<p>Начало занятий в середине февраля!<br /><br /><strong>Описание занятия</strong><br /><br />Каждое занятие начинается с&nbsp; мини-лекции, после которой вы сможете обсудить и&nbsp; задать вопросы по теме. Методические рекомендации, полученные в ходе мини-лекции, позволят вам чувствовать себя увереннее, избавиться от лишних и, порой необоснованных, тревог и сомнений. Полученные знания также положительно сказываются на психологической компетенции в вопросах развития и воспитания детей. Способствуют адаптации будущих родителей к их новому статусу. <br /><br />Затем, мягкая&nbsp; адаптационная гимнастика поможет вам подготовить свое тело&nbsp; к родам и освоить родовые позы. С каждым посещением вы будете узнавать все больше нужной и интересной информации. Вы получите навыки ухода за ребенком (взятие на руки, пеленание и одевание, массаж, ношение в слинге и другие тонкости материнства). <br /><br />Во время занятий предусмотрен перерыв. Вы сможете отдохнуть и подкрепиться свежими овощами и фруктами, выпить чашечку чая или минеральной воды. <br /><br />После того, как вы&nbsp; будете готовы продолжать занятия, начнется самое интересное - Арт-Терапия. Кратко можно сказать, что данная методика налаживает позитивные эмоциональные связи в триаде &laquo;мама &ndash; папа &ndash; малыш&raquo;. Гармонизирует отношения между супругами. Развивает у беременных женщин осознание своего эмоционального состояния, его изменения и принятие. Завершением занятия становиться личная беседа с тренером. <br /><br />Приветствуется посещение курсов вместе с&nbsp; будущими папами или близкими родственниками. Совместная подготовка к рождению малыша благоприятно влияет на процесс рождения и дальнейшее здоровье ребенка и мамы.<br /><br /><strong><br />Расписание и стоимость можно узнать тел. 645-01-55</strong></p>'),(162,'<p style=\"text-align: justify;\"><strong>Приглашаем детей от 3 до 12 лет на занятия танцами.</strong></p>\n<p style=\"text-align: left;\"><br />Благодаря танцевальным занятиям у&nbsp; ребенка улучшается координация, вырабатывается чувство музыкального ритма, повышается выносливость организма. Ребенок учится комбинировать танцевальные движения и связывать их в полноценный танец.</p>\n<p style=\"text-align: left;\"><br />Детям от 5&nbsp; - 6 лет предлагаем занятия &laquo;Baby dance&raquo;.<br />Чт. 18:00 - 19:30</p>\n<p style=\"text-align: left;\"><br />Детям от 6 до 9 лет предлагаем занятия &laquo;Dance&raquo;.<br />Вт, Пт. 16:00 до 17:30, с 18:00 до 19:00.</p>\n<p style=\"text-align: left;\"><br />Подросткам от 9 до 12 лет предлагаем занятия \"Современные танцы\".</p>\n<p style=\"text-align: left;\">&nbsp;</p>\n<p style=\"text-align: left;\">Записаться на занятие можно по тел. 645-01-55.</p>'),(171,''),(172,''),(158,'<p style=\"position: relative; left: -5px;\"><a href=\"http://vkontakte.ru/club21907312\" target=\"_blank\"><img src=\"/media/uploads/mivkontaktekidness.gif\" alt=\"\" width=\"166\" height=\"36\" /></a></p>'),(178,'<p style=\"text-align: left;\">&nbsp;</p>\r\n<p><strong>Приглашаем на занятия по ДЗЮДО детей от 4 до 12 лет.</strong></p>\r\n<p><br />В основе Дзюдо лежат два основных философских принципа: взаимная помощь для достижения прогресса; наилучшее использование возможностей тела и силы духа. Занятия воспитывают в ребенке волевые качества, дисциплину, поддерживают хорошую физическую форму. Дзюдо для детей до 5 лет, проходят с элементами подвижных игр на внимание, координацию движений.</p>\r\n<p>&nbsp;</p>\r\n<p>Общая продолжительность занятия 1,5 часа.</p>\r\n<p><br /><strong>Дети от  4 до 5 лет. (начальный уровень подготовки)</strong><br />Пн., 18:00 &ndash; 19:30</p>\r\n<p>Чт., 15:30 &ndash; 17:00</p>\r\n<p><br /><strong>Дети от 6 до 9 лет. (высокий уровень подготовки)</strong><br />Пн., 16:30 - 17:00</p>\r\n<p>Чт., 17:30 &ndash; 19:00<br /><br /><strong>Подростки от 9 до 12 лет.</strong><br />Группа формируется&nbsp;<br /><br /><strong><br /></strong></p>'),(177,'<p>&nbsp;</p>\r\n<p style=\"text-align: left;\">Приглашаем детей от 4 до 12 лет на занятия йогой.</p>\r\n<p style=\"text-align: left;\">&nbsp;</p>\r\n<p style=\"text-align: left;\">Занятия йогой развивают гибкость, укрепляют опорно-двигательную и иммунную системы, способствуют расслаблению, развивают концентрацию внимания. Детская йога отлично влияет на растущий организм. Упражнения, которые используются на занятиях детской йоги, адаптированы под возраст и физические возможности ребенка.</p>\r\n<p style=\"text-align: left;\">&nbsp;</p>\r\n<p style=\"text-align: left;\">Вт., 17:00 - 18:30</p>\r\n<p style=\"text-align: left;\">Сб., 16:00 - 17:30</p>\r\n<p style=\"text-align: left;\">&nbsp;</p>\r\n<p style=\"text-align: left;\">Записаться в группу вы можете по тел. 645-01-55.</p>\r\n<p>&nbsp;</p>'),(170,''),(166,''),(167,''),(169,'<p>Детский массаж является одним из эффективных средств всестороннего развития ребенка.<br />Он укрепляет&nbsp; опорно-двигательный аппарат, повышает тонус мышечной системы и подвижность связочного аппарата.<br /><br />В KidnessClub вы можете научиться делать его самостоятельно под руководством квалифицированного специалиста или воспользоваться услугами профессионального массажиста.&nbsp;&nbsp;&nbsp;&nbsp; &nbsp;<br /><br />Расписание занятий по обучению мам детскому массажу (1,5 часа):<br />вт., 12:00 &ndash; 20:00<br />ср., 10:00 &ndash; 17:00<br />чт., 10:00 &ndash; 18:00<br />пт., 12:00 &ndash; 20:00<br />сб.&nbsp; 10:00 &ndash; 17:00<br /><br />Расписание массажа для детей (40минут)<br />вт., 10:00 &ndash; 20:00<br />ср., 10:00 &ndash; 20:00<br />чт., 10:00 &ndash; 20:00<br />пт., 10:00 &ndash; 20:00<br />сб.&nbsp; 10:00 &ndash; 20:00<br /><br /><br />Стоимость обучения массажу и массаж для ребенка вы можете узнать по тел. 645-01-55</p>'),(192,'<p class=\"MsoNormal\" style=\"text-align: justify;\"><img style=\"float: left; margin-right: 10px;\" src=\"/media/uploads/progmenu_1.jpg\" alt=\"\" width=\"160]\" height=\"119\" />Вы попали на страницу для самых маленьких детей, которые занимаются в <span lang=\"EN-US\">KidnessClub</span>. Наши программы созданы для того, чтобы ваши дети были здоровы и гармонично развивались с учетом своих возрастных особенностей.</p>\n<p class=\"MsoNormal\" style=\"text-align: justify;\">&nbsp;</p>\n<p class=\"MsoNormal\" style=\"text-align: justify;\">Известно, что в трехмесячном возрасте у ребенка активно развиваются основные навыки: физические, познавательные, эмоциональные. Малыш учиться поднимать голову, осязательные ощущения становятся<span>&nbsp; </span>богаче. Поэтому так важно делать упражнения на улучшение координации движений рук и ног. Пройдет еще несколько недель и ребенок научится самостоятельно переворачиваться со спины на живот. В этот период особо важно делать специальный массаж, который будет способствовать расслаблению или наоборот повышению тонуса мышц. <span>&nbsp;</span>К семи месяцам у малыша совершенствуется мелкая моторика рук и ему доставляет огромное удовольствие стучать разными предметами друг о друга. Он увлеченно играет в привычные для него игры, в которых предметы исчезают и появляются снова.&nbsp;<span>&nbsp;</span></p>\n<p class=\"MsoNormal\" style=\"text-align: justify;\">&nbsp;</p>\n<p class=\"MsoNormal\" style=\"text-align: justify;\">Достигнув восьмимесячного возраста, ребенок может уверенно сидеть, ползать, пробует вставать. В этот период важно выполнять физические упражнения способствующие укреплению опорно-двигательного аппарата. С каждой неделей малыш становится все более активным и любознательным.</p>\n<p class=\"MsoNormal\" style=\"text-align: justify;\">&nbsp;</p>\n<p class=\"MsoNormal\" style=\"text-align: justify;\">В одиннадцать месяцев продолжает складываться характер малыша. Он может быть очень общительным и улыбаться каждому встречному, а может пугаться при виде незнакомцев. Ребенок начинает осознавать простые слова и короткие фразы. В один год малыш готов сделать свои первые шаги. Это долгожданное событие может произойти и позже, в любом случае волноваться не стоит. Постепенно развивается речь, и самое время расширять словарный запас, объясняя, что вещи имеют названия.</p>\n<p class=\"MsoNormal\" style=\"text-align: justify;\">&nbsp;</p>\n<p class=\"MsoNormal\" style=\"text-align: justify;\">К возрасту полтора года малыш обычно понимает более пятидесяти слов и может выполнить просьбу взрослого, даже если она состоит из двух действий, например &laquo;Подними этот мячик и положи его в корзину&raquo;. Занимаясь с детьми, важно помнить, что каждый ребенок индивидуален и развивается по-своему.</p>\n<p class=\"MsoNormal\" style=\"text-align: justify;\"><span lang=\"EN-US\">KidnessClub</span><span lang=\"EN-US\"> </span>предлагает специальные программы для развития детей в раннем возрасте. В структуру каждого занятия входит: оздоровительная и лечебная гимнастика, задания на интеллектуальное развитие, массаж, консультации специалистов.</p>\n<p class=\"MsoNormal\" style=\"text-align: justify;\">&nbsp;</p>\n<p class=\"MsoNormal\" style=\"text-align: justify;\">Узнайте расписание занятий и наличие мест в группах по телефону 645 01 55.</p>\n<!--EndFragment-->\n<p>&nbsp;</p>\n<!--EndFragment-->\n<p>&nbsp;</p>'),(181,'<p>\n<object classid=\"clsid:d27cdb6e-ae6d-11cf-96b8-444553540000\" width=\"642\" height=\"386\" codebase=\"http://download.macromedia.com/pub/shockwave/cabs/flash/swflash.cab#version=6,0,40,0\">\n<param name=\"src\" value=\"http://www.youtube.com/v/4BupDoIv4jE\" />\n<param name=\"bgcolor\" value=\"#ffffff\" /><embed type=\"application/x-shockwave-flash\" width=\"642\" height=\"386\" src=\"http://www.youtube.com/v/4BupDoIv4jE\" bgcolor=\"#ffffff\"></embed>\n</object>\n</p>'),(182,'<p><img title=\"Арт-терапия для детей\" src=\"/media/uploads/ZelenayaKoftochka.200x200.png\" alt=\"\" width=\"200\" height=\"120\" /></p>\n<p>\n<object classid=\"clsid:d27cdb6e-ae6d-11cf-96b8-444553540000\" width=\"425\" height=\"350\" codebase=\"http://download.macromedia.com/pub/shockwave/cabs/flash/swflash.cab#version=6,0,40,0\">\n<param name=\"name\" value=\"Арт-терапия для детей\" />\n<param name=\"src\" value=\"http://www.youtube.com/v/cwneS9AI-Gg&amp;feature\" /><embed type=\"application/x-shockwave-flash\" width=\"425\" height=\"350\" src=\"http://www.youtube.com/v/cwneS9AI-Gg&amp;feature\" name=\"Арт-терапия для детей\"></embed>\n</object>\n</p>\n<p><img title=\"Йога для беременных\" src=\"/media/uploads/BeremenyeYoga.200x200.png\" alt=\"\" width=\"200\" height=\"120\" /></p>\n<p>\n<object classid=\"clsid:d27cdb6e-ae6d-11cf-96b8-444553540000\" width=\"425\" height=\"350\" codebase=\"http://download.macromedia.com/pub/shockwave/cabs/flash/swflash.cab#version=6,0,40,0\">\n<param name=\"src\" value=\"http://www.youtube.com/v/4BupDoIv4jE&amp;feature\" /><embed type=\"application/x-shockwave-flash\" width=\"425\" height=\"350\" src=\"http://www.youtube.com/v/4BupDoIv4jE&amp;feature\"></embed>\n</object>\n</p>'),(257,'<p><img src=\"/media/uploads/beremenIMG.png\" alt=\"\" width=\"163\" height=\"101\" /></p>\n<p>\n<object classid=\"clsid:d27cdb6e-ae6d-11cf-96b8-444553540000\" width=\"450\" height=\"300\" codebase=\"http://download.macromedia.com/pub/shockwave/cabs/flash/swflash.cab#version=6,0,40,0\">\n<param name=\"src\" value=\"http://www.youtube.com/v/4BupDoIv4jE&amp;feature\" /><embed type=\"application/x-shockwave-flash\" width=\"450\" height=\"300\" src=\"http://www.youtube.com/v/4BupDoIv4jE&amp;feature\"></embed>\n</object>\n</p>'),(256,'<p><img src=\"../media/uploads/beremenIMG.png\" alt=\"\" width=\"163\" height=\"101\" /></p>\n<p>\n<object classid=\"clsid:d27cdb6e-ae6d-11cf-96b8-444553540000\" width=\"160\" height=\"100\" codebase=\"http://download.macromedia.com/pub/shockwave/cabs/flash/swflash.cab#version=6,0,40,0\">\n<param name=\"wmode\" value=\"window\" />\n<param name=\"src\" value=\"http://www.youtube.com/v/4BupDoIv4jE\" />\n<param name=\"bgcolor\" value=\"#ffffff\" /><embed type=\"application/x-shockwave-flash\" width=\"160\" height=\"100\" src=\"http://www.youtube.com/v/4BupDoIv4jE\" bgcolor=\"#ffffff\" wmode=\"window\"></embed>\n</object>\n</p>'),(266,'<p class=\"MsoNormal\" style=\"text-align: justify;\">Вы попали на страницу для самых маленьких детей, которые занимаются в <span lang=\"EN-US\">KidnessClub</span>. Наши программы созданы для того, чтобы ваши дети были здоровы и гармонично развивались с учетом своих возрастных особенностей.</p>\n<p class=\"MsoNormal\" style=\"text-align: justify;\">&nbsp;</p>\n<p class=\"MsoNormal\" style=\"text-align: justify;\">Известно, что в трехмесячном возрасте у ребенка активно развиваются основные навыки: физические, познавательные, эмоциональные. Малыш учиться поднимать голову, осязательные ощущения становятся<span>&nbsp; </span>богаче. Поэтому так важно делать упражнения на улучшение координации движений рук и ног. Пройдет еще несколько недель и ребенок научится самостоятельно переворачиваться со спины на живот. В этот период особо важно делать специальный массаж, который будет способствовать расслаблению или наоборот повышению тонуса мышц. <span>&nbsp;</span>К семи месяцам у малыша совершенствуется мелкая моторика рук и ему доставляет огромное удовольствие стучать разными предметами друг о друга. Он увлеченно играет в привычные для него игры, в которых предметы исчезают и появляются снова.&nbsp;<span>&nbsp;</span></p>\n<p class=\"MsoNormal\" style=\"text-align: justify;\">&nbsp;</p>\n<p class=\"MsoNormal\" style=\"text-align: justify;\">Достигнув восьмимесячного возраста, ребенок может уверенно сидеть, ползать, пробует вставать. В этот период важно выполнять физические упражнения способствующие укреплению опорно-двигательного аппарата. С каждой неделей малыш становится все более активным и любознательным.</p>\n<p class=\"MsoNormal\" style=\"text-align: justify;\">&nbsp;</p>\n<p class=\"MsoNormal\" style=\"text-align: justify;\">В одиннадцать месяцев продолжает складываться характер малыша. Он может быть очень общительным и улыбаться каждому встречному, а может пугаться при виде незнакомцев. Ребенок начинает осознавать простые слова и короткие фразы. В один год малыш готов сделать свои первые шаги. Это долгожданное событие может произойти и позже, в любом случае волноваться не стоит. Постепенно развивается речь, и самое время расширять словарный запас, объясняя, что вещи имеют названия.</p>\n<p class=\"MsoNormal\" style=\"text-align: justify;\">&nbsp;</p>\n<p class=\"MsoNormal\" style=\"text-align: justify;\">К возрасту полтора года малыш обычно понимает более пятидесяти слов и может выполнить просьбу взрослого, даже если она состоит из двух действий, например &laquo;Подними этот мячик и положи его в корзину&raquo;. Занимаясь с детьми, важно помнить, что каждый ребенок индивидуален и развивается по-своему.</p>\n<p class=\"MsoNormal\" style=\"text-align: justify;\"><span lang=\"EN-US\">KidnessClub</span><span lang=\"EN-US\"> </span>предлагает специальные программы для развития детей в раннем возрасте. В структуру каждого занятия входит: оздоровительная и лечебная гимнастика, задания на интеллектуальное развитие, массаж, консультации специалистов.</p>\n<p class=\"MsoNormal\" style=\"text-align: justify;\">&nbsp;</p>\n<p class=\"MsoNormal\" style=\"text-align: justify;\">Узнайте расписание занятий и наличие мест в группах по телефону 645 01 55.</p>\n<!--EndFragment-->\n<p>&nbsp;</p>\n<!--EndFragment-->\n<p>&nbsp;</p>'),(259,''),(258,'<p><img title=\"Арт-терапия для детей\" src=\"/media/uploads/art_terathy_for_children_width300.png\" alt=\"\" width=\"300\" height=\"180\" /></p>\n<p>\n<object classid=\"clsid:d27cdb6e-ae6d-11cf-96b8-444553540000\" width=\"425\" height=\"350\" codebase=\"http://download.macromedia.com/pub/shockwave/cabs/flash/swflash.cab#version=6,0,40,0\">\n<param name=\"src\" value=\"http://www.youtube.com/v/cwneS9AI-Gg\" /><embed type=\"application/x-shockwave-flash\" width=\"425\" height=\"350\" src=\"http://www.youtube.com/v/cwneS9AI-Gg\"></embed>\n</object>\n</p>\n<p><img title=\"Занятия для беременных\" src=\"/media/uploads/yoga_for_pregnant_width300.png\" alt=\"\" width=\"300\" height=\"182\" /></p>\n<p>\n<object classid=\"clsid:d27cdb6e-ae6d-11cf-96b8-444553540000\" width=\"425\" height=\"350\" codebase=\"http://download.macromedia.com/pub/shockwave/cabs/flash/swflash.cab#version=6,0,40,0\">\n<param name=\"src\" value=\"http://www.youtube.com/v/4BupDoIv4jE\" /><embed type=\"application/x-shockwave-flash\" width=\"425\" height=\"350\" src=\"http://www.youtube.com/v/4BupDoIv4jE\"></embed>\n</object>\n</p>'),(272,'<p style=\"text-align: justify;\">Каждый ребенок наполнен неисчерпаемой энергией и наделен уникальными способностями. Поэтому одна из основных задач KidnessClub&nbsp;состоит в том, чтобы создать необходимые условия и предоставить возможности для того, чтобы каждый смог найти занятие по интересу и раскрыть свой талант.</p>\n<p style=\"text-align: justify;\">&nbsp;</p>\n<p style=\"text-align: justify;\">Дети в возрасте от трех до шести лет стремятся к общению, полны желания познавать и крайне любознательны. Для них становятся важны совместные занятия со сверстниками и ощущение себя в процессе взаимодействия с ними. В этом возрасте возможны конфликтные ситуации. Понять причины и устранить их нежелательные последствия<span>&nbsp; </span>помогает доверительная беседа с психологом или арт-терапевтом.</p>\n<p class=\"MsoNormal\" style=\"text-align: justify;\">&nbsp;</p>\n<p class=\"MsoNormal\" style=\"text-align: justify;\">Не нужно забывать, что продолжает формироваться походка. Рекомендуется практика хождения босиком, выполнение специальных упражнений на укрепление позвоночника, массаж. Возраст от пяти до шести лет &ndash; важный период в развитии интеллектуальной сферы ребенка. Поэтому игровой материал занятий усложняется.</p>\n<p class=\"MsoNormal\" style=\"text-align: justify;\">&nbsp;</p>\n<p class=\"MsoNormal\" style=\"text-align: justify;\">Он становится логическим и непринужденно заставляет ребенка думать. В ходе игры естественным образом совершенствуется мышление, память, воображение, умение анализировать. Чтобы помочь малышу разобраться в полученной информации, нужно развернуто отвечать на его вопросы, спрашивать его мнение и позволять рассуждать. Важным показателем этого возраста является самооценка ребенка. Развитие уверенности в себе во многом определяется достижениями малыша, которые нуждаются <span>&nbsp;</span>в одобрении и похвале. Воспитание у ребенка чувства собственного достоинства и позитивного мышления &ndash; это залог его успеха в будущем.</p>\n<p class=\"MsoNormal\" style=\"text-align: justify;\">&nbsp;</p>\n<p class=\"MsoNormal\" style=\"text-align: justify;\"><span lang=\"EN-US\">KidnessClub</span> предлагает специальные программы для развития вашего ребенка в возрасте от 3-х до 6 лет. Подробнее с их описанием вы можете ознакомиться ниже.</p>\n<p class=\"MsoNormal\" style=\"text-align: justify;\">&nbsp;</p>'),(278,'<p style=\"text-align: justify;\">Развитие ребенка в возрасте от шести до девяти лет знаменуется переходом на новую ступень его жизнедеятельности. Это связанно с поступлением в школу, изменением режима сна, активным общением со сверстниками, адаптацией к учебной деятельности. Занятия в KidnessClub помогут ребенку уверенно справиться с важным периодом в его жизни и будут способствовать поддержанию организма в хорошей физической форме.</p>\n<p style=\"text-align: justify;\">&nbsp;</p>\n<p style=\"text-align: justify;\">&nbsp;&nbsp;<br />Шестилетние дети весьма самостоятельные и сознательные люди. Они прекрасно понимают, что от них требуют взрослые, стремятся выполнять различные задания. <br />На смену игровой деятельности ребенка приходит учебная. Первый год обучения в школе очень сложный период не только для детей, но и для родителей. Важно не перегружать учебой, чтобы интерес к ней сохранился и в будущем. Полезно выполнять физические упражнения, заниматься гимнастикой, танцами, чаще бывать на свежем воздухе.</p>\n<p style=\"text-align: justify;\">&nbsp;</p>\n<p style=\"text-align: justify;\">Дети&nbsp; - одаренные создания по своей природе. Но способности не раскрываются сами по себе. Прислушиваясь к его интересам и предоставляя ему возможность пробовать свои силы в различной деятельности, вы сможете помочь развить безграничный потенциал вашего ребенка.</p>\n<p style=\"text-align: justify;\">&nbsp;</p>\n<p style=\"text-align: justify;\">KidnessClub предлагает различные программы для&nbsp; детей в возрасте от шести до девяти лет. Подробнее с их описанием вы можете ознакомиться ниже.</p>');
/*!40000 ALTER TABLE `lfc_page` ENABLE KEYS */;
UNLOCK TABLES;

--
-- Table structure for table `lfc_pagesportlet`
--

DROP TABLE IF EXISTS `lfc_pagesportlet`;
CREATE TABLE `lfc_pagesportlet` (
  `id` int(11) NOT NULL auto_increment,
  `title` varchar(100) NOT NULL default '',
  `limit` smallint(5) unsigned NOT NULL default '0',
  `tags` varchar(100) NOT NULL default '',
  PRIMARY KEY  (`id`)
) ENGINE=MyISAM AUTO_INCREMENT=2 DEFAULT CHARSET=cp1251;

--
-- Dumping data for table `lfc_pagesportlet`
--

LOCK TABLES `lfc_pagesportlet` WRITE;
/*!40000 ALTER TABLE `lfc_pagesportlet` DISABLE KEYS */;
/*!40000 ALTER TABLE `lfc_pagesportlet` ENABLE KEYS */;
UNLOCK TABLES;

--
-- Table structure for table `lfc_portal`
--

DROP TABLE IF EXISTS `lfc_portal`;
CREATE TABLE `lfc_portal` (
  `id` int(11) NOT NULL auto_increment,
  `title` varchar(100) NOT NULL default '',
  `standard_id` int(11) default NULL,
  `from_email` varchar(75) NOT NULL default '',
  `notification_emails` longtext NOT NULL,
  `allow_comments` tinyint(1) NOT NULL default '0',
  PRIMARY KEY  (`id`),
  KEY `lfc_portal_standard_id` (`standard_id`)
) ENGINE=MyISAM AUTO_INCREMENT=2 DEFAULT CHARSET=cp1251;

--
-- Dumping data for table `lfc_portal`
--

LOCK TABLES `lfc_portal` WRITE;
/*!40000 ALTER TABLE `lfc_portal` DISABLE KEYS */;
INSERT INTO `lfc_portal` VALUES (1,'KidnessClub',12,'site@kidness.ru','form@kidness.ru',0);
/*!40000 ALTER TABLE `lfc_portal` ENABLE KEYS */;
UNLOCK TABLES;

--
-- Table structure for table `lfc_randomportlet`
--

DROP TABLE IF EXISTS `lfc_randomportlet`;
CREATE TABLE `lfc_randomportlet` (
  `id` int(11) NOT NULL auto_increment,
  `title` varchar(100) NOT NULL default '',
  `limit` smallint(5) unsigned NOT NULL default '0',
  `tags` varchar(100) NOT NULL default '',
  PRIMARY KEY  (`id`)
) ENGINE=MyISAM AUTO_INCREMENT=5 DEFAULT CHARSET=cp1251;

--
-- Dumping data for table `lfc_randomportlet`
--

LOCK TABLES `lfc_randomportlet` WRITE;
/*!40000 ALTER TABLE `lfc_randomportlet` DISABLE KEYS */;
/*!40000 ALTER TABLE `lfc_randomportlet` ENABLE KEYS */;
UNLOCK TABLES;

--
-- Table structure for table `lfc_template`
--

DROP TABLE IF EXISTS `lfc_template`;
CREATE TABLE `lfc_template` (
  `id` int(11) NOT NULL auto_increment,
  `name` varchar(50) NOT NULL default '',
  `path` varchar(100) NOT NULL default '',
  `children_columns` int(11) NOT NULL default '0',
  `images_columns` int(11) NOT NULL default '0',
  PRIMARY KEY  (`id`),
  UNIQUE KEY `name` (`name`)
) ENGINE=MyISAM AUTO_INCREMENT=19 DEFAULT CHARSET=cp1251;

--
-- Dumping data for table `lfc_template`
--

LOCK TABLES `lfc_template` WRITE;
/*!40000 ALTER TABLE `lfc_template` DISABLE KEYS */;
INSERT INTO `lfc_template` VALUES (1,'Plain','lfc/templates/plain.html',0,0),(2,'Article','lfc/templates/article.html',0,0),(3,'Gallery','lfc/templates/gallery.html',0,3),(4,'Overview','lfc/templates/overview.html',0,0),(5,'News','lfc/templates/news.html',0,0),(6,'News Entry','lfc/templates/news_entry.html',0,0),(14,'Carousel Overview','lfc/templates/jcarousel_overview.html',0,0),(9,'Kidness Gallery','lfc/templates/jcarousel_gallery.html',0,0),(13,'Scrollable Overview','lfc/templates/scrollable_overview.html',0,0),(12,'Video Gallery','lfc/templates/video_gallery.html',0,0),(15,'Video Gallery with VK Comments','lfc/templates/video_gallery_vk.html',0,0),(16,'Page with one video','lfc/templates/one_video_page.html',0,0),(17,'Video Gallery New','lfc/templates/video_gallery_new.html',0,0),(18,'Carousel Overview With Video','lfc/templates/jcarousel_overview_for_video.html',0,0);
/*!40000 ALTER TABLE `lfc_template` ENABLE KEYS */;
UNLOCK TABLES;

--
-- Table structure for table `lfc_textportlet`
--

DROP TABLE IF EXISTS `lfc_textportlet`;
CREATE TABLE `lfc_textportlet` (
  `id` int(11) NOT NULL auto_increment,
  `title` varchar(100) NOT NULL default '',
  `text` longtext NOT NULL,
  PRIMARY KEY  (`id`)
) ENGINE=MyISAM AUTO_INCREMENT=12 DEFAULT CHARSET=cp1251;

--
-- Dumping data for table `lfc_textportlet`
--

LOCK TABLES `lfc_textportlet` WRITE;
/*!40000 ALTER TABLE `lfc_textportlet` DISABLE KEYS */;
/*!40000 ALTER TABLE `lfc_textportlet` ENABLE KEYS */;
UNLOCK TABLES;

--
-- Table structure for table `lfc_workflowstatesinformation`
--

DROP TABLE IF EXISTS `lfc_workflowstatesinformation`;
CREATE TABLE `lfc_workflowstatesinformation` (
  `id` int(11) NOT NULL auto_increment,
  `state_id` int(11) NOT NULL default '0',
  `public` tinyint(1) NOT NULL default '0',
  `review` tinyint(1) NOT NULL default '0',
  PRIMARY KEY  (`id`),
  KEY `lfc_workflowstatesinformation_state_id` (`state_id`)
) ENGINE=MyISAM AUTO_INCREMENT=4 DEFAULT CHARSET=cp1251;

--
-- Dumping data for table `lfc_workflowstatesinformation`
--

LOCK TABLES `lfc_workflowstatesinformation` WRITE;
/*!40000 ALTER TABLE `lfc_workflowstatesinformation` DISABLE KEYS */;
INSERT INTO `lfc_workflowstatesinformation` VALUES (1,2,1,0),(2,5,1,0),(3,4,0,1);
/*!40000 ALTER TABLE `lfc_workflowstatesinformation` ENABLE KEYS */;
UNLOCK TABLES;

--
-- Table structure for table `permissions_objectpermission`
--

DROP TABLE IF EXISTS `permissions_objectpermission`;
CREATE TABLE `permissions_objectpermission` (
  `id` int(11) NOT NULL auto_increment,
  `role_id` int(11) default NULL,
  `permission_id` int(11) NOT NULL default '0',
  `content_type_id` int(11) NOT NULL default '0',
  `content_id` int(10) unsigned NOT NULL default '0',
  PRIMARY KEY  (`id`),
  KEY `permissions_objectpermission_role_id` (`role_id`),
  KEY `permissions_objectpermission_permission_id` (`permission_id`),
  KEY `permissions_objectpermission_content_type_id` (`content_type_id`)
) ENGINE=MyISAM AUTO_INCREMENT=2455 DEFAULT CHARSET=cp1251;

--
-- Dumping data for table `permissions_objectpermission`
--

LOCK TABLES `permissions_objectpermission` WRITE;
/*!40000 ALTER TABLE `permissions_objectpermission` DISABLE KEYS */;
INSERT INTO `permissions_objectpermission` VALUES (1,1,4,16,1),(2,3,1,16,1),(3,3,2,16,1),(4,3,4,16,1),(5,3,3,16,1),(6,6,1,16,1),(7,6,2,16,1),(8,6,3,16,1),(9,6,9,16,1),(10,6,5,16,1),(11,6,4,16,1),(12,6,7,16,1),(13,6,8,16,1),(14,6,10,16,1),(15,6,6,16,1),(16,2,1,16,1),(17,2,2,16,1),(18,2,3,16,1),(19,2,8,16,1),(20,2,7,16,1),(21,2,4,16,1),(22,4,4,16,1),(23,5,4,16,1),(24,5,6,16,1),(25,5,8,16,1),(26,5,10,16,1),(94,4,4,18,2),(95,5,4,18,2),(1981,6,1,18,12),(89,3,1,18,2),(90,3,2,18,2),(91,3,3,18,2),(92,3,4,18,2),(85,6,1,18,2),(93,2,4,18,2),(86,6,2,18,2),(87,6,3,18,2),(88,6,4,18,2),(1301,3,4,18,155),(1300,3,3,18,155),(1299,3,2,18,155),(1298,3,1,18,155),(1279,2,4,18,154),(1296,6,3,18,155),(1295,6,2,18,155),(1294,6,1,18,155),(1988,3,4,18,12),(1297,6,4,18,155),(1281,5,4,18,154),(1280,4,4,18,154),(1987,3,3,18,12),(1986,3,2,18,12),(1985,3,1,18,12),(2003,3,4,18,189),(1991,5,4,18,12),(1990,4,4,18,12),(1303,4,4,18,155),(1984,6,4,18,12),(1983,6,3,18,12),(1982,6,2,18,12),(286,3,4,18,42),(285,3,3,18,42),(284,3,2,18,42),(283,3,1,18,42),(282,6,4,18,42),(281,6,3,18,42),(280,6,2,18,42),(279,6,1,18,42),(278,2,4,18,42),(277,2,3,18,42),(276,2,2,18,42),(275,2,1,18,42),(120,2,1,18,17),(121,2,2,18,17),(122,2,3,18,17),(123,2,4,18,17),(124,6,1,18,17),(125,6,2,18,17),(126,6,3,18,17),(127,6,4,18,17),(128,3,1,18,17),(129,3,2,18,17),(130,3,3,18,17),(131,3,4,18,17),(1865,6,1,18,18),(1872,3,4,18,18),(1871,3,3,18,18),(1870,3,2,18,18),(1869,3,1,18,18),(1891,6,4,18,181),(1875,5,4,18,18),(1874,4,4,18,18),(566,3,3,18,70),(1868,6,4,18,18),(1867,6,3,18,18),(1866,6,2,18,18),(925,6,4,18,19),(924,6,3,18,19),(923,6,2,18,19),(922,6,1,18,19),(929,3,4,18,19),(928,3,3,18,19),(927,3,2,18,19),(926,3,1,18,19),(1278,3,4,18,154),(932,5,4,18,19),(931,4,4,18,19),(930,2,4,18,19),(825,6,4,18,27),(824,6,3,18,27),(823,6,2,18,27),(822,6,1,18,27),(829,3,4,18,27),(828,3,3,18,27),(827,3,2,18,27),(826,3,1,18,27),(845,2,2,18,125),(832,5,4,18,27),(831,4,4,18,27),(830,2,4,18,27),(168,2,1,18,31),(169,2,2,18,31),(170,2,3,18,31),(171,2,4,18,31),(172,6,1,18,31),(173,6,2,18,31),(174,6,3,18,31),(175,6,4,18,31),(176,3,1,18,31),(177,3,2,18,31),(178,3,3,18,31),(179,3,4,18,31),(180,2,1,18,32),(181,2,2,18,32),(182,2,3,18,32),(183,2,4,18,32),(184,6,1,18,32),(185,6,2,18,32),(186,6,3,18,32),(187,6,4,18,32),(188,3,1,18,32),(189,3,2,18,32),(190,3,3,18,32),(191,3,4,18,32),(892,6,4,18,33),(891,6,3,18,33),(890,6,2,18,33),(889,6,1,18,33),(896,3,4,18,33),(895,3,3,18,33),(894,3,2,18,33),(893,3,1,18,33),(1275,3,1,18,154),(899,5,4,18,33),(898,4,4,18,33),(897,2,4,18,33),(903,6,4,18,34),(902,6,3,18,34),(901,6,2,18,34),(900,6,1,18,34),(907,3,4,18,34),(906,3,3,18,34),(905,3,2,18,34),(904,3,1,18,34),(1276,3,2,18,154),(910,5,4,18,34),(909,4,4,18,34),(908,2,4,18,34),(306,6,4,18,44),(307,3,1,18,44),(308,3,2,18,44),(309,3,3,18,44),(302,2,4,18,44),(303,6,1,18,44),(304,6,2,18,44),(305,6,3,18,44),(298,3,4,18,43),(299,2,1,18,44),(300,2,2,18,44),(301,2,3,18,44),(297,3,3,18,43),(296,3,2,18,43),(295,3,1,18,43),(294,6,4,18,43),(293,6,3,18,43),(292,6,2,18,43),(291,6,1,18,43),(290,2,4,18,43),(289,2,3,18,43),(288,2,2,18,43),(287,2,1,18,43),(251,2,1,18,40),(252,2,2,18,40),(253,2,3,18,40),(254,2,4,18,40),(255,6,1,18,40),(256,6,2,18,40),(257,6,3,18,40),(258,6,4,18,40),(259,3,1,18,40),(260,3,2,18,40),(261,3,3,18,40),(262,3,4,18,40),(263,2,1,18,41),(264,2,2,18,41),(265,2,3,18,41),(266,2,4,18,41),(267,6,1,18,41),(268,6,2,18,41),(269,6,3,18,41),(270,6,4,18,41),(271,3,1,18,41),(272,3,2,18,41),(273,3,3,18,41),(274,3,4,18,41),(310,3,4,18,44),(311,2,1,18,45),(312,2,2,18,45),(313,2,3,18,45),(314,2,4,18,45),(315,6,1,18,45),(316,6,2,18,45),(317,6,3,18,45),(318,6,4,18,45),(319,3,1,18,45),(320,3,2,18,45),(321,3,3,18,45),(322,3,4,18,45),(323,2,1,18,46),(324,2,2,18,46),(325,2,3,18,46),(326,2,4,18,46),(327,6,1,18,46),(328,6,2,18,46),(329,6,3,18,46),(330,6,4,18,46),(331,3,1,18,46),(332,3,2,18,46),(333,3,3,18,46),(334,3,4,18,46),(335,2,1,18,47),(336,2,2,18,47),(337,2,3,18,47),(338,2,4,18,47),(339,6,1,18,47),(340,6,2,18,47),(341,6,3,18,47),(342,6,4,18,47),(343,3,1,18,47),(344,3,2,18,47),(345,3,3,18,47),(346,3,4,18,47),(347,2,1,18,48),(348,2,2,18,48),(349,2,3,18,48),(350,2,4,18,48),(351,6,1,18,48),(352,6,2,18,48),(353,6,3,18,48),(354,6,4,18,48),(355,3,1,18,48),(356,3,2,18,48),(357,3,3,18,48),(358,3,4,18,48),(359,2,1,18,49),(360,2,2,18,49),(361,2,3,18,49),(362,2,4,18,49),(363,6,1,18,49),(364,6,2,18,49),(365,6,3,18,49),(366,6,4,18,49),(367,3,1,18,49),(368,3,2,18,49),(369,3,3,18,49),(370,3,4,18,49),(371,2,1,18,50),(372,2,2,18,50),(373,2,3,18,50),(374,2,4,18,50),(375,6,1,18,50),(376,6,2,18,50),(377,6,3,18,50),(378,6,4,18,50),(379,3,1,18,50),(380,3,2,18,50),(381,3,3,18,50),(382,3,4,18,50),(383,2,1,18,51),(384,2,2,18,51),(385,2,3,18,51),(386,2,4,18,51),(387,6,1,18,51),(388,6,2,18,51),(389,6,3,18,51),(390,6,4,18,51),(391,3,1,18,51),(392,3,2,18,51),(393,3,3,18,51),(394,3,4,18,51),(395,2,1,18,52),(396,2,2,18,52),(397,2,3,18,52),(398,2,4,18,52),(399,6,1,18,52),(400,6,2,18,52),(401,6,3,18,52),(402,6,4,18,52),(403,3,1,18,52),(404,3,2,18,52),(405,3,3,18,52),(406,3,4,18,52),(407,2,1,18,53),(408,2,2,18,53),(409,2,3,18,53),(410,2,4,18,53),(411,6,1,18,53),(412,6,2,18,53),(413,6,3,18,53),(414,6,4,18,53),(415,3,1,18,53),(416,3,2,18,53),(417,3,3,18,53),(418,3,4,18,53),(419,2,1,18,54),(420,2,2,18,54),(421,2,3,18,54),(422,2,4,18,54),(423,6,1,18,54),(424,6,2,18,54),(425,6,3,18,54),(426,6,4,18,54),(427,3,1,18,54),(428,3,2,18,54),(429,3,3,18,54),(430,3,4,18,54),(870,6,4,18,55),(869,6,3,18,55),(868,6,2,18,55),(867,6,1,18,55),(874,3,4,18,55),(873,3,3,18,55),(872,3,2,18,55),(871,3,1,18,55),(1304,5,4,18,155),(877,5,4,18,55),(876,4,4,18,55),(875,2,4,18,55),(1002,6,4,18,56),(1001,6,3,18,56),(1000,6,2,18,56),(999,6,1,18,56),(1006,3,4,18,56),(1005,3,3,18,56),(1004,3,2,18,56),(1003,3,1,18,56),(1251,6,4,18,153),(1009,5,4,18,56),(1008,4,4,18,56),(1007,2,4,18,56),(836,6,4,18,57),(835,6,3,18,57),(834,6,2,18,57),(833,6,1,18,57),(840,3,4,18,57),(839,3,3,18,57),(838,3,2,18,57),(837,3,1,18,57),(844,2,1,18,125),(843,5,4,18,57),(842,4,4,18,57),(841,2,4,18,57),(941,2,4,18,73),(942,4,4,18,73),(943,5,4,18,73),(1271,6,1,18,154),(937,3,1,18,73),(938,3,2,18,73),(939,3,3,18,73),(940,3,4,18,73),(933,6,1,18,73),(934,6,2,18,73),(935,6,3,18,73),(936,6,4,18,73),(560,6,1,18,70),(570,5,4,18,70),(947,6,4,18,79),(562,6,3,18,70),(569,4,4,18,70),(568,2,4,18,70),(567,3,4,18,70),(561,6,2,18,70),(565,3,2,18,70),(564,3,1,18,70),(563,6,4,18,70),(814,6,4,18,71),(813,6,3,18,71),(812,6,2,18,71),(811,6,1,18,71),(818,3,4,18,71),(817,3,3,18,71),(816,3,2,18,71),(815,3,1,18,71),(846,2,3,18,125),(821,5,4,18,71),(820,4,4,18,71),(819,2,4,18,71),(946,6,3,18,79),(945,6,2,18,79),(944,6,1,18,79),(951,3,4,18,79),(950,3,3,18,79),(949,3,2,18,79),(948,3,1,18,79),(1272,6,2,18,154),(954,5,4,18,79),(953,4,4,18,79),(952,2,4,18,79),(886,2,4,18,96),(887,4,4,18,96),(888,5,4,18,96),(1320,6,4,18,156),(882,3,1,18,96),(883,3,2,18,96),(884,3,3,18,96),(885,3,4,18,96),(878,6,1,18,96),(879,6,2,18,96),(880,6,3,18,96),(881,6,4,18,96),(1018,2,4,18,97),(1019,4,4,18,97),(1020,5,4,18,97),(1250,6,3,18,153),(1014,3,1,18,97),(1015,3,2,18,97),(1016,3,3,18,97),(1017,3,4,18,97),(1010,6,1,18,97),(1011,6,2,18,97),(1012,6,3,18,97),(1013,6,4,18,97),(958,6,4,18,88),(957,6,3,18,88),(956,6,2,18,88),(955,6,1,18,88),(962,3,4,18,88),(961,3,3,18,88),(960,3,2,18,88),(959,3,1,18,88),(1255,3,4,18,153),(965,5,4,18,88),(964,4,4,18,88),(963,2,4,18,88),(2347,2,4,18,146),(2346,3,4,18,146),(2340,6,2,18,146),(1277,3,3,18,154),(2349,5,4,18,146),(2410,2,4,18,266),(2341,6,3,18,146),(2348,4,4,18,146),(2343,3,1,18,146),(2342,6,4,18,146),(1176,2,4,18,152),(2339,6,1,18,146),(1024,6,4,18,98),(1023,6,3,18,98),(1022,6,2,18,98),(1021,6,1,18,98),(1028,3,4,18,98),(1027,3,3,18,98),(1026,3,2,18,98),(1025,3,1,18,98),(1256,2,4,18,153),(1031,5,4,18,98),(1030,4,4,18,98),(1029,2,4,18,98),(1035,6,4,18,99),(1034,6,3,18,99),(1033,6,2,18,99),(1032,6,1,18,99),(1039,3,4,18,99),(1038,3,3,18,99),(1037,3,2,18,99),(1036,3,1,18,99),(1254,3,3,18,153),(1042,5,4,18,99),(1041,4,4,18,99),(1040,2,4,18,99),(1057,6,4,18,100),(1056,6,3,18,100),(1055,6,2,18,100),(1054,6,1,18,100),(1061,3,4,18,100),(1060,3,3,18,100),(1059,3,2,18,100),(1058,3,1,18,100),(1252,3,1,18,153),(1064,5,4,18,100),(1063,4,4,18,100),(1062,2,4,18,100),(1149,3,1,18,151),(1171,6,4,18,152),(1155,5,4,18,151),(1154,4,4,18,151),(1145,6,1,18,151),(1152,3,4,18,151),(1151,3,3,18,151),(1150,3,2,18,151),(1253,3,2,18,153),(1148,6,4,18,151),(1147,6,3,18,151),(1146,6,2,18,151),(1172,3,1,18,152),(1257,4,4,18,153),(1178,5,4,18,152),(1177,4,4,18,152),(1168,6,1,18,152),(1175,3,4,18,152),(1174,3,3,18,152),(1173,3,2,18,152),(1273,6,3,18,154),(1153,2,4,18,151),(1170,6,3,18,152),(1169,6,2,18,152),(1090,6,4,18,103),(1089,6,3,18,103),(1088,6,2,18,103),(1087,6,1,18,103),(1094,3,4,18,103),(1093,3,3,18,103),(1092,3,2,18,103),(1091,3,1,18,103),(2344,3,2,18,146),(1097,5,4,18,103),(1096,4,4,18,103),(1095,2,4,18,103),(1046,6,4,18,104),(1045,6,3,18,104),(1044,6,2,18,104),(1043,6,1,18,104),(1050,3,4,18,104),(1049,3,3,18,104),(1048,3,2,18,104),(1047,3,1,18,104),(1274,6,4,18,154),(1053,5,4,18,104),(1052,4,4,18,104),(1051,2,4,18,104),(969,6,4,18,105),(968,6,3,18,105),(967,6,2,18,105),(966,6,1,18,105),(973,3,4,18,105),(972,3,3,18,105),(971,3,2,18,105),(970,3,1,18,105),(1248,6,1,18,153),(976,5,4,18,105),(975,4,4,18,105),(974,2,4,18,105),(980,6,4,18,109),(979,6,3,18,109),(978,6,2,18,109),(977,6,1,18,109),(984,3,4,18,109),(983,3,3,18,109),(982,3,2,18,109),(981,3,1,18,109),(1249,6,2,18,153),(987,5,4,18,109),(986,4,4,18,109),(985,2,4,18,109),(991,6,4,18,113),(990,6,3,18,113),(989,6,2,18,113),(988,6,1,18,113),(995,3,4,18,113),(994,3,3,18,113),(993,3,2,18,113),(992,3,1,18,113),(1258,5,4,18,153),(998,5,4,18,113),(997,4,4,18,113),(996,2,4,18,113),(1318,6,2,18,156),(1319,6,3,18,156),(1302,2,4,18,155),(855,3,4,18,125),(854,3,3,18,125),(853,3,2,18,125),(852,3,1,18,125),(851,6,4,18,125),(850,6,3,18,125),(849,6,2,18,125),(848,6,1,18,125),(847,2,4,18,125),(1317,6,1,18,156),(1324,3,4,18,156),(1323,3,3,18,156),(1322,3,2,18,156),(1321,3,1,18,156),(1617,6,1,18,157),(1327,5,4,18,156),(1326,4,4,18,156),(1325,2,4,18,156),(1624,3,4,18,157),(1623,3,3,18,157),(1622,3,2,18,157),(1621,3,1,18,157),(1698,6,1,18,167),(1627,5,4,18,157),(1626,4,4,18,157),(1625,2,4,18,157),(1620,6,4,18,157),(1619,6,3,18,157),(1618,6,2,18,157),(1541,6,4,18,158),(1540,6,3,18,158),(1539,6,2,18,158),(1538,6,1,18,158),(1545,3,4,18,158),(1544,3,3,18,158),(1543,3,2,18,158),(1542,3,1,18,158),(1727,3,3,18,166),(1548,5,4,18,158),(1547,4,4,18,158),(1546,2,4,18,158),(1997,6,2,18,189),(1740,3,1,18,170),(1999,6,4,18,189),(2000,3,1,18,189),(1993,2,2,18,189),(2002,3,3,18,189),(1995,2,4,18,189),(1996,6,1,18,189),(2001,3,2,18,189),(1998,6,3,18,189),(2285,6,4,18,193),(1992,2,1,18,189),(1741,3,2,18,170),(1742,3,3,18,170),(1743,3,4,18,170),(1736,6,1,18,170),(1737,6,2,18,170),(1738,6,3,18,170),(1739,6,4,18,170),(1495,6,4,18,162),(1690,6,4,18,169),(1734,2,3,18,170),(1735,2,4,18,170),(1494,6,3,18,162),(1493,6,2,18,162),(1492,6,1,18,162),(1499,3,4,18,162),(1498,3,3,18,162),(1497,3,2,18,162),(1496,3,1,18,162),(1551,6,3,18,164),(1502,5,4,18,162),(1501,4,4,18,162),(1500,2,4,18,162),(1694,3,4,18,169),(1687,6,1,18,169),(1688,6,2,18,169),(1689,6,3,18,169),(1733,2,2,18,170),(1691,3,1,18,169),(1692,3,2,18,169),(1693,3,3,18,169),(1552,6,4,18,164),(1695,2,4,18,169),(1696,4,4,18,169),(1697,5,4,18,169),(1550,6,2,18,164),(1549,6,1,18,164),(1556,3,4,18,164),(1555,3,3,18,164),(1554,3,2,18,164),(1553,3,1,18,164),(1728,3,4,18,166),(1559,5,4,18,164),(1558,4,4,18,164),(1557,2,4,18,164),(1583,6,1,18,165),(1590,3,4,18,165),(1589,3,3,18,165),(1588,3,2,18,165),(1587,3,1,18,165),(1721,6,1,18,166),(1593,5,4,18,165),(1592,4,4,18,165),(1591,2,4,18,165),(1586,6,4,18,165),(1585,6,3,18,165),(1584,6,2,18,165),(1726,3,2,18,166),(1725,3,1,18,166),(1732,2,1,18,170),(1731,5,4,18,166),(1730,4,4,18,166),(1705,3,4,18,167),(1724,6,4,18,166),(1723,6,3,18,166),(1722,6,2,18,166),(1704,3,3,18,167),(1703,3,2,18,167),(1702,3,1,18,167),(1729,2,4,18,166),(1708,5,4,18,167),(1707,4,4,18,167),(1706,2,4,18,167),(1701,6,4,18,167),(1700,6,3,18,167),(1699,6,2,18,167),(1744,2,1,18,171),(1745,2,2,18,171),(1746,2,3,18,171),(1747,2,4,18,171),(1748,6,1,18,171),(1749,6,2,18,171),(1750,6,3,18,171),(1751,6,4,18,171),(1752,3,1,18,171),(1753,3,2,18,171),(1754,3,3,18,171),(1755,3,4,18,171),(1756,2,1,18,172),(1757,2,2,18,172),(1758,2,3,18,172),(1759,2,4,18,172),(1760,6,1,18,172),(1761,6,2,18,172),(1762,6,3,18,172),(1763,6,4,18,172),(1764,3,1,18,172),(1765,3,2,18,172),(1766,3,3,18,172),(1767,3,4,18,172),(1829,6,2,18,177),(1830,6,3,18,177),(1831,6,4,18,177),(2407,2,1,18,266),(2392,2,4,18,178),(2391,3,4,18,178),(2390,3,3,18,178),(2408,2,2,18,266),(2388,3,1,18,178),(2387,6,4,18,178),(2386,6,3,18,178),(2393,4,4,18,178),(2389,3,2,18,178),(1838,5,4,18,177),(1837,4,4,18,177),(1836,2,4,18,177),(1835,3,4,18,177),(1834,3,3,18,177),(1833,3,2,18,177),(1832,3,1,18,177),(2385,6,2,18,178),(2406,3,4,18,265),(2394,5,4,18,178),(1828,6,1,18,177),(2384,6,1,18,178),(1873,2,4,18,18),(1890,6,3,18,181),(1889,6,2,18,181),(1888,6,1,18,181),(1895,3,4,18,181),(1894,3,3,18,181),(1893,3,2,18,181),(1892,3,1,18,181),(1899,2,1,18,182),(1898,5,4,18,181),(1897,4,4,18,181),(1896,2,4,18,181),(1900,2,2,18,182),(1901,2,3,18,182),(1902,2,4,18,182),(1903,6,1,18,182),(1904,6,2,18,182),(1905,6,3,18,182),(1906,6,4,18,182),(1907,3,1,18,182),(1908,3,2,18,182),(1909,3,3,18,182),(1910,3,4,18,182),(2128,3,1,18,192),(2219,6,4,18,256),(2134,5,4,18,192),(2133,4,4,18,192),(2124,6,1,18,192),(2131,3,4,18,192),(2130,3,3,18,192),(2129,3,2,18,192),(1994,2,3,18,189),(2127,6,4,18,192),(2126,6,3,18,192),(2125,6,2,18,192),(2284,6,3,18,193),(2283,6,2,18,193),(2282,6,1,18,193),(2289,3,4,18,193),(2288,3,3,18,193),(2287,3,2,18,193),(2286,3,1,18,193),(2293,2,1,18,259),(2292,5,4,18,193),(2291,4,4,18,193),(1989,2,4,18,12),(2132,2,4,18,192),(2290,2,4,18,193),(2138,6,4,18,194),(2137,6,3,18,194),(2136,6,2,18,194),(2135,6,1,18,194),(2142,3,4,18,194),(2141,3,3,18,194),(2140,3,2,18,194),(2139,3,1,18,194),(2218,6,3,18,256),(2145,5,4,18,194),(2144,4,4,18,194),(2143,2,4,18,194),(2149,6,4,18,195),(2148,6,3,18,195),(2147,6,2,18,195),(2146,6,1,18,195),(2153,3,4,18,195),(2152,3,3,18,195),(2151,3,2,18,195),(2150,3,1,18,195),(2217,6,2,18,256),(2156,5,4,18,195),(2155,4,4,18,195),(2154,2,4,18,195),(2160,6,4,18,196),(2159,6,3,18,196),(2158,6,2,18,196),(2157,6,1,18,196),(2164,3,4,18,196),(2163,3,3,18,196),(2162,3,2,18,196),(2161,3,1,18,196),(2216,6,1,18,256),(2167,5,4,18,196),(2166,4,4,18,196),(2165,2,4,18,196),(2171,6,4,18,197),(2170,6,3,18,197),(2169,6,2,18,197),(2168,6,1,18,197),(2175,3,4,18,197),(2174,3,3,18,197),(2173,3,2,18,197),(2172,3,1,18,197),(2215,2,4,18,256),(2178,5,4,18,197),(2177,4,4,18,197),(2176,2,4,18,197),(2182,6,4,18,198),(2181,6,3,18,198),(2180,6,2,18,198),(2179,6,1,18,198),(2186,3,4,18,198),(2185,3,3,18,198),(2184,3,2,18,198),(2183,3,1,18,198),(2214,2,3,18,256),(2189,5,4,18,198),(2188,4,4,18,198),(2187,2,4,18,198),(2193,6,4,18,199),(2192,6,3,18,199),(2191,6,2,18,199),(2190,6,1,18,199),(2197,3,4,18,199),(2196,3,3,18,199),(2195,3,2,18,199),(2194,3,1,18,199),(2213,2,2,18,256),(2200,5,4,18,199),(2199,4,4,18,199),(2198,2,4,18,199),(2204,6,4,18,200),(2203,6,3,18,200),(2202,6,2,18,200),(2201,6,1,18,200),(2208,3,4,18,200),(2207,3,3,18,200),(2206,3,2,18,200),(2205,3,1,18,200),(2212,2,1,18,256),(2211,5,4,18,200),(2210,4,4,18,200),(2209,2,4,18,200),(2220,3,1,18,256),(2221,3,2,18,256),(2222,3,3,18,256),(2223,3,4,18,256),(2224,2,1,18,257),(2225,2,2,18,257),(2226,2,3,18,257),(2227,2,4,18,257),(2228,6,1,18,257),(2229,6,2,18,257),(2230,6,3,18,257),(2231,6,4,18,257),(2232,3,1,18,257),(2233,3,2,18,257),(2234,3,3,18,257),(2235,3,4,18,257),(2271,6,1,18,258),(2278,3,4,18,258),(2277,3,3,18,258),(2276,3,2,18,258),(2275,3,1,18,258),(2294,2,2,18,259),(2281,5,4,18,258),(2280,4,4,18,258),(2279,2,4,18,258),(2274,6,4,18,258),(2273,6,3,18,258),(2272,6,2,18,258),(2295,2,3,18,259),(2296,2,4,18,259),(2297,6,1,18,259),(2298,6,2,18,259),(2299,6,3,18,259),(2300,6,4,18,259),(2301,3,1,18,259),(2302,3,2,18,259),(2303,3,3,18,259),(2304,3,4,18,259),(2401,6,3,18,265),(2409,2,3,18,266),(2395,2,1,18,265),(2396,2,2,18,265),(2405,3,3,18,265),(2398,2,4,18,265),(2399,6,1,18,265),(2400,6,2,18,265),(2397,2,3,18,265),(2402,6,4,18,265),(2403,3,1,18,265),(2404,3,2,18,265),(2345,3,3,18,146),(2411,6,1,18,266),(2412,6,2,18,266),(2413,6,3,18,266),(2414,6,4,18,266),(2415,3,1,18,266),(2416,3,2,18,266),(2417,3,3,18,266),(2418,3,4,18,266),(2419,2,1,18,272),(2420,2,2,18,272),(2421,2,3,18,272),(2422,2,4,18,272),(2423,6,1,18,272),(2424,6,2,18,272),(2425,6,3,18,272),(2426,6,4,18,272),(2427,3,1,18,272),(2428,3,2,18,272),(2429,3,3,18,272),(2430,3,4,18,272),(2431,2,1,18,278),(2432,2,2,18,278),(2433,2,3,18,278),(2434,2,4,18,278),(2435,6,1,18,278),(2436,6,2,18,278),(2437,6,3,18,278),(2438,6,4,18,278),(2439,3,1,18,278),(2440,3,2,18,278),(2441,3,3,18,278),(2442,3,4,18,278);
/*!40000 ALTER TABLE `permissions_objectpermission` ENABLE KEYS */;
UNLOCK TABLES;

--
-- Table structure for table `permissions_objectpermissioninheritanceblock`
--

DROP TABLE IF EXISTS `permissions_objectpermissioninheritanceblock`;
CREATE TABLE `permissions_objectpermissioninheritanceblock` (
  `id` int(11) NOT NULL auto_increment,
  `permission_id` int(11) NOT NULL default '0',
  `content_type_id` int(11) NOT NULL default '0',
  `content_id` int(10) unsigned NOT NULL default '0',
  PRIMARY KEY  (`id`),
  KEY `permissions_objectpermissioninheritanceblock_permission_id` (`permission_id`),
  KEY `permissions_objectpermissioninheritanceblock_content_type_id` (`content_type_id`)
) ENGINE=MyISAM AUTO_INCREMENT=759 DEFAULT CHARSET=cp1251;

--
-- Dumping data for table `permissions_objectpermissioninheritanceblock`
--

LOCK TABLES `permissions_objectpermissioninheritanceblock` WRITE;
/*!40000 ALTER TABLE `permissions_objectpermissioninheritanceblock` DISABLE KEYS */;
INSERT INTO `permissions_objectpermissioninheritanceblock` VALUES (19,1,18,2),(20,2,18,2),(21,3,18,2),(535,2,18,170),(617,4,18,189),(476,1,18,158),(615,2,18,189),(481,3,18,164),(613,3,18,12),(612,2,18,12),(84,4,18,42),(83,3,18,42),(82,2,18,42),(81,1,18,42),(30,1,18,17),(31,2,18,17),(32,3,18,17),(33,4,18,17),(524,1,18,167),(585,1,18,182),(577,3,18,18),(576,2,18,18),(500,2,18,157),(292,3,18,19),(291,2,18,19),(290,1,18,19),(269,2,18,125),(264,3,18,27),(263,2,18,27),(262,1,18,27),(46,1,18,31),(47,2,18,31),(48,3,18,31),(49,4,18,31),(50,1,18,32),(51,2,18,32),(52,3,18,32),(53,4,18,32),(477,2,18,158),(283,3,18,33),(282,2,18,33),(281,1,18,33),(478,3,18,158),(286,3,18,34),(285,2,18,34),(284,1,18,34),(88,4,18,43),(89,1,18,44),(90,2,18,44),(91,3,18,44),(87,3,18,43),(86,2,18,43),(85,1,18,43),(73,1,18,40),(74,2,18,40),(75,3,18,40),(76,4,18,40),(77,1,18,41),(78,2,18,41),(79,3,18,41),(80,4,18,41),(92,4,18,44),(93,1,18,45),(94,2,18,45),(95,3,18,45),(96,4,18,45),(97,1,18,46),(98,2,18,46),(99,3,18,46),(100,4,18,46),(101,1,18,47),(102,2,18,47),(103,3,18,47),(104,4,18,47),(105,1,18,48),(106,2,18,48),(107,3,18,48),(108,4,18,48),(109,1,18,49),(110,2,18,49),(111,3,18,49),(112,4,18,49),(113,1,18,50),(114,2,18,50),(115,3,18,50),(116,4,18,50),(117,1,18,51),(118,2,18,51),(119,3,18,51),(120,4,18,51),(121,1,18,52),(122,2,18,52),(123,3,18,52),(124,4,18,52),(125,1,18,53),(126,2,18,53),(127,3,18,53),(128,4,18,53),(129,1,18,54),(130,2,18,54),(131,3,18,54),(132,4,18,54),(614,1,18,189),(277,3,18,55),(276,2,18,55),(275,1,18,55),(401,2,18,155),(313,3,18,56),(312,2,18,56),(311,1,18,56),(268,1,18,125),(267,3,18,57),(266,2,18,57),(265,1,18,57),(293,1,18,73),(294,2,18,73),(295,3,18,73),(501,3,18,157),(178,3,18,70),(177,2,18,70),(176,1,18,70),(270,3,18,125),(261,3,18,71),(260,2,18,71),(259,1,18,71),(298,3,18,79),(297,2,18,79),(296,1,18,79),(278,1,18,96),(279,2,18,96),(280,3,18,96),(707,1,18,259),(314,1,18,97),(315,2,18,97),(316,3,18,97),(402,3,18,155),(407,1,18,156),(301,3,18,88),(300,2,18,88),(299,1,18,88),(724,2,18,146),(723,1,18,146),(360,1,18,152),(533,3,18,166),(393,1,18,154),(319,3,18,98),(318,2,18,98),(317,1,18,98),(394,2,18,154),(322,3,18,99),(321,2,18,99),(320,1,18,99),(387,2,18,153),(328,3,18,100),(327,2,18,100),(326,1,18,100),(388,3,18,153),(499,1,18,157),(355,3,18,151),(354,2,18,151),(395,3,18,154),(353,1,18,151),(362,3,18,152),(361,2,18,152),(725,3,18,146),(337,3,18,103),(336,2,18,103),(335,1,18,103),(386,1,18,153),(325,3,18,104),(324,2,18,104),(323,1,18,104),(408,2,18,156),(304,3,18,105),(303,2,18,105),(302,1,18,105),(409,3,18,156),(307,3,18,109),(306,2,18,109),(305,1,18,109),(400,1,18,155),(310,3,18,113),(309,2,18,113),(308,1,18,113),(464,3,18,162),(537,4,18,170),(536,3,18,170),(271,4,18,125),(463,2,18,162),(462,1,18,162),(534,1,18,170),(521,1,18,169),(522,2,18,169),(523,3,18,169),(480,2,18,164),(479,1,18,164),(489,1,18,165),(531,1,18,166),(491,3,18,165),(490,2,18,165),(532,2,18,166),(526,3,18,167),(525,2,18,167),(538,1,18,171),(539,2,18,171),(540,3,18,171),(541,4,18,171),(542,1,18,172),(543,2,18,172),(544,3,18,172),(545,4,18,172),(737,2,18,178),(736,1,18,178),(575,1,18,18),(738,3,18,178),(584,3,18,181),(566,3,18,177),(565,2,18,177),(564,1,18,177),(583,2,18,181),(582,1,18,181),(586,2,18,182),(587,3,18,182),(588,4,18,182),(616,3,18,189),(689,4,18,257),(660,3,18,192),(659,2,18,192),(706,3,18,193),(705,2,18,193),(611,1,18,12),(658,1,18,192),(704,1,18,193),(688,3,18,257),(663,3,18,194),(662,2,18,194),(661,1,18,194),(687,2,18,257),(666,3,18,195),(665,2,18,195),(664,1,18,195),(686,1,18,257),(669,3,18,196),(668,2,18,196),(667,1,18,196),(685,4,18,256),(672,3,18,197),(671,2,18,197),(670,1,18,197),(684,3,18,256),(675,3,18,198),(674,2,18,198),(673,1,18,198),(683,2,18,256),(678,3,18,199),(677,2,18,199),(676,1,18,199),(682,1,18,256),(681,3,18,200),(680,2,18,200),(679,1,18,200),(701,1,18,258),(708,2,18,259),(703,3,18,258),(702,2,18,258),(709,3,18,259),(710,4,18,259),(741,3,18,265),(742,4,18,265),(739,1,18,265),(740,2,18,265),(743,1,18,266),(744,2,18,266),(745,3,18,266),(746,4,18,266),(747,1,18,272),(748,2,18,272),(749,3,18,272),(750,4,18,272),(751,1,18,278),(752,2,18,278),(753,3,18,278),(754,4,18,278);
/*!40000 ALTER TABLE `permissions_objectpermissioninheritanceblock` ENABLE KEYS */;
UNLOCK TABLES;

--
-- Table structure for table `permissions_permission`
--

DROP TABLE IF EXISTS `permissions_permission`;
CREATE TABLE `permissions_permission` (
  `id` int(11) NOT NULL auto_increment,
  `name` varchar(100) NOT NULL default '',
  `codename` varchar(100) NOT NULL default '',
  PRIMARY KEY  (`id`),
  UNIQUE KEY `name` (`name`),
  UNIQUE KEY `codename` (`codename`)
) ENGINE=MyISAM AUTO_INCREMENT=11 DEFAULT CHARSET=cp1251;

--
-- Dumping data for table `permissions_permission`
--

LOCK TABLES `permissions_permission` WRITE;
/*!40000 ALTER TABLE `permissions_permission` DISABLE KEYS */;
INSERT INTO `permissions_permission` VALUES (1,'Add','add'),(2,'Delete','delete'),(3,'Edit','edit'),(4,'View','view'),(5,'Manage content','manage_content'),(6,'Publish','publish'),(7,'Submit','submit'),(8,'Reject','reject'),(9,'Manage portal','manage_portal'),(10,'Review','review');
/*!40000 ALTER TABLE `permissions_permission` ENABLE KEYS */;
UNLOCK TABLES;

--
-- Table structure for table `permissions_permission_content_types`
--

DROP TABLE IF EXISTS `permissions_permission_content_types`;
CREATE TABLE `permissions_permission_content_types` (
  `id` int(11) NOT NULL auto_increment,
  `permission_id` int(11) NOT NULL default '0',
  `contenttype_id` int(11) NOT NULL default '0',
  PRIMARY KEY  (`id`),
  UNIQUE KEY `permission_id` (`permission_id`,`contenttype_id`),
  KEY `contenttype_id_refs_id_7463a632` (`contenttype_id`)
) ENGINE=MyISAM AUTO_INCREMENT=3 DEFAULT CHARSET=cp1251;

--
-- Dumping data for table `permissions_permission_content_types`
--

LOCK TABLES `permissions_permission_content_types` WRITE;
/*!40000 ALTER TABLE `permissions_permission_content_types` DISABLE KEYS */;
INSERT INTO `permissions_permission_content_types` VALUES (1,9,6),(2,10,6);
/*!40000 ALTER TABLE `permissions_permission_content_types` ENABLE KEYS */;
UNLOCK TABLES;

--
-- Table structure for table `permissions_principalrolerelation`
--

DROP TABLE IF EXISTS `permissions_principalrolerelation`;
CREATE TABLE `permissions_principalrolerelation` (
  `id` int(11) NOT NULL auto_increment,
  `user_id` int(11) default NULL,
  `group_id` int(11) default NULL,
  `role_id` int(11) NOT NULL default '0',
  `content_type_id` int(11) default NULL,
  `content_id` int(10) unsigned default NULL,
  PRIMARY KEY  (`id`),
  KEY `permissions_principalrolerelation_user_id` (`user_id`),
  KEY `permissions_principalrolerelation_group_id` (`group_id`),
  KEY `permissions_principalrolerelation_role_id` (`role_id`),
  KEY `permissions_principalrolerelation_content_type_id` (`content_type_id`)
) ENGINE=MyISAM AUTO_INCREMENT=3 DEFAULT CHARSET=cp1251;

--
-- Dumping data for table `permissions_principalrolerelation`
--

LOCK TABLES `permissions_principalrolerelation` WRITE;
/*!40000 ALTER TABLE `permissions_principalrolerelation` DISABLE KEYS */;
INSERT INTO `permissions_principalrolerelation` VALUES (1,2,NULL,3,NULL,NULL),(2,3,NULL,3,NULL,NULL);
/*!40000 ALTER TABLE `permissions_principalrolerelation` ENABLE KEYS */;
UNLOCK TABLES;

--
-- Table structure for table `permissions_role`
--

DROP TABLE IF EXISTS `permissions_role`;
CREATE TABLE `permissions_role` (
  `id` int(11) NOT NULL auto_increment,
  `name` varchar(100) NOT NULL default '',
  PRIMARY KEY  (`id`),
  UNIQUE KEY `name` (`name`)
) ENGINE=MyISAM AUTO_INCREMENT=7 DEFAULT CHARSET=cp1251;

--
-- Dumping data for table `permissions_role`
--

LOCK TABLES `permissions_role` WRITE;
/*!40000 ALTER TABLE `permissions_role` DISABLE KEYS */;
INSERT INTO `permissions_role` VALUES (1,'Anonymous'),(2,'Owner'),(3,'Editor'),(4,'Reader'),(5,'Reviewer'),(6,'Manager');
/*!40000 ALTER TABLE `permissions_role` ENABLE KEYS */;
UNLOCK TABLES;

--
-- Table structure for table `portlets_portletassignment`
--

DROP TABLE IF EXISTS `portlets_portletassignment`;
CREATE TABLE `portlets_portletassignment` (
  `id` int(11) NOT NULL auto_increment,
  `slot_id` int(11) NOT NULL default '0',
  `content_type_id` int(11) NOT NULL default '0',
  `content_id` int(10) unsigned NOT NULL default '0',
  `portlet_type_id` int(11) NOT NULL default '0',
  `portlet_id` int(10) unsigned NOT NULL default '0',
  `position` smallint(5) unsigned NOT NULL default '0',
  PRIMARY KEY  (`id`),
  KEY `portlets_portletassignment_slot_id` (`slot_id`),
  KEY `portlets_portletassignment_content_type_id` (`content_type_id`),
  KEY `portlets_portletassignment_portlet_type_id` (`portlet_type_id`)
) ENGINE=MyISAM AUTO_INCREMENT=128 DEFAULT CHARSET=cp1251;

--
-- Dumping data for table `portlets_portletassignment`
--

LOCK TABLES `portlets_portletassignment` WRITE;
/*!40000 ALTER TABLE `portlets_portletassignment` DISABLE KEYS */;
INSERT INTO `portlets_portletassignment` VALUES (1,1,18,3,50,1,1),(29,1,18,70,21,6,2),(26,1,18,27,50,4,3),(74,1,18,18,51,26,5),(23,1,18,57,51,6,1),(32,1,18,18,21,7,3),(22,1,18,27,51,5,1),(64,1,45,9,47,3,2),(20,1,18,2,51,3,1),(63,1,18,12,47,2,2),(28,1,45,9,51,8,1),(30,1,18,19,51,9,1),(31,1,18,19,50,5,3),(33,1,18,73,51,10,1),(34,1,18,73,50,6,3),(53,1,18,27,52,6,2),(40,1,18,79,51,11,1),(41,1,18,79,50,7,3),(42,1,18,19,52,1,2),(43,1,18,73,52,2,2),(44,1,18,88,51,12,1),(45,1,18,88,50,8,3),(46,1,18,55,21,8,2),(47,1,18,18,51,13,1),(48,1,18,18,52,3,1),(49,1,18,79,52,4,1),(50,1,18,105,51,14,1),(51,1,18,105,52,5,1),(52,1,18,105,50,9,1),(54,1,18,109,51,15,1),(55,1,18,109,52,7,1),(56,1,18,109,50,10,1),(57,1,18,113,51,16,1),(58,1,18,113,52,8,1),(59,1,18,113,50,11,1),(60,1,18,96,51,17,1),(73,1,18,2,51,25,3),(62,1,18,88,52,9,2),(70,1,18,146,21,9,1),(66,1,18,32,51,20,1),(67,3,16,1,53,1,1),(72,1,18,12,51,24,2),(69,1,16,1,51,22,1),(75,1,18,19,51,27,5),(76,1,18,73,51,28,5),(78,1,18,79,51,29,4),(79,1,18,88,51,30,4),(80,1,18,105,51,31,4),(81,1,18,27,51,32,4),(82,1,18,109,51,33,4),(83,1,18,113,51,34,4),(84,1,45,9,51,35,3),(85,1,18,55,51,36,2),(86,1,18,70,51,37,2),(87,1,18,57,51,38,2),(88,1,18,96,51,39,2),(89,1,18,173,21,10,1),(90,1,18,27,51,40,1),(91,1,18,195,51,41,1),(93,1,18,195,50,12,1),(94,1,18,195,51,42,1),(95,1,18,200,51,43,1),(96,1,18,200,52,11,1),(97,1,18,200,50,13,1),(99,1,18,200,51,44,1),(100,1,18,199,51,45,1),(101,1,18,199,52,12,1),(102,1,18,199,50,15,1),(103,1,18,199,51,46,1),(104,1,18,198,51,47,1),(126,1,18,263,21,11,1),(127,3,18,198,53,2,1),(107,1,18,198,50,16,1),(108,1,18,198,51,49,1),(109,1,18,197,51,50,1),(111,1,18,197,50,17,1),(112,1,18,197,51,51,1),(113,1,18,196,51,52,1),(115,1,18,196,50,18,1),(116,1,18,196,51,53,1),(117,1,18,194,51,54,1),(119,1,18,194,50,19,1),(120,1,18,194,51,55,1),(121,1,18,192,51,56,1),(123,1,18,192,50,20,1),(124,1,18,192,51,57,1);
/*!40000 ALTER TABLE `portlets_portletassignment` ENABLE KEYS */;
UNLOCK TABLES;

--
-- Table structure for table `portlets_portletblocking`
--

DROP TABLE IF EXISTS `portlets_portletblocking`;
CREATE TABLE `portlets_portletblocking` (
  `id` int(11) NOT NULL auto_increment,
  `slot_id` int(11) NOT NULL default '0',
  `content_type_id` int(11) NOT NULL default '0',
  `content_id` int(10) unsigned NOT NULL default '0',
  PRIMARY KEY  (`id`),
  UNIQUE KEY `slot_id` (`slot_id`,`content_id`,`content_type_id`),
  KEY `portlets_portletblocking_slot_id` (`slot_id`),
  KEY `portlets_portletblocking_content_type_id` (`content_type_id`)
) ENGINE=MyISAM AUTO_INCREMENT=30 DEFAULT CHARSET=cp1251;

--
-- Dumping data for table `portlets_portletblocking`
--

LOCK TABLES `portlets_portletblocking` WRITE;
/*!40000 ALTER TABLE `portlets_portletblocking` DISABLE KEYS */;
INSERT INTO `portlets_portletblocking` VALUES (1,2,18,3),(2,2,45,9),(3,2,18,2),(7,1,18,19),(6,1,18,27),(8,1,18,73),(9,1,18,79),(11,1,18,88),(12,1,18,105),(13,1,18,109),(14,1,18,113),(16,1,18,2),(17,1,18,18),(18,1,45,9),(19,1,18,57),(20,1,18,96),(21,1,18,195),(22,1,18,200),(23,1,18,199),(24,1,18,198),(25,1,18,197),(26,1,18,196),(27,1,18,194),(28,1,18,192),(29,3,18,198);
/*!40000 ALTER TABLE `portlets_portletblocking` ENABLE KEYS */;
UNLOCK TABLES;

--
-- Table structure for table `portlets_portletregistration`
--

DROP TABLE IF EXISTS `portlets_portletregistration`;
CREATE TABLE `portlets_portletregistration` (
  `id` int(11) NOT NULL auto_increment,
  `type` varchar(30) NOT NULL default '',
  `name` varchar(50) NOT NULL default '',
  `active` tinyint(1) NOT NULL default '0',
  PRIMARY KEY  (`id`),
  UNIQUE KEY `type` (`type`),
  UNIQUE KEY `name` (`name`)
) ENGINE=MyISAM AUTO_INCREMENT=15 DEFAULT CHARSET=cp1251;

--
-- Dumping data for table `portlets_portletregistration`
--

LOCK TABLES `portlets_portletregistration` WRITE;
/*!40000 ALTER TABLE `portlets_portletregistration` DISABLE KEYS */;
INSERT INTO `portlets_portletregistration` VALUES (1,'navigationportlet','Navigation',1),(2,'pagesportlet','Pages',1),(3,'randomportlet','Random',1),(4,'textportlet','Text',1),(5,'newsportlet','News',1),(9,'textblockportlet','TextBlock',1),(14,'feedbackactionportlet','Копка формы обратной связи',1),(10,'slideshowportlet','Slideshow',1),(13,'scrollablenavigatorportlet','ScrollableNavigator',1);
/*!40000 ALTER TABLE `portlets_portletregistration` ENABLE KEYS */;
UNLOCK TABLES;

--
-- Table structure for table `portlets_slot`
--

DROP TABLE IF EXISTS `portlets_slot`;
CREATE TABLE `portlets_slot` (
  `id` int(11) NOT NULL auto_increment,
  `name` varchar(50) NOT NULL default '',
  PRIMARY KEY  (`id`)
) ENGINE=MyISAM AUTO_INCREMENT=4 DEFAULT CHARSET=cp1251;

--
-- Dumping data for table `portlets_slot`
--

LOCK TABLES `portlets_slot` WRITE;
/*!40000 ALTER TABLE `portlets_slot` DISABLE KEYS */;
INSERT INTO `portlets_slot` VALUES (1,'Left'),(2,'Right'),(3,'Promo');
/*!40000 ALTER TABLE `portlets_slot` ENABLE KEYS */;
UNLOCK TABLES;

--
-- Table structure for table `scrollable_parts_feedbackactionportlet`
--

DROP TABLE IF EXISTS `scrollable_parts_feedbackactionportlet`;
CREATE TABLE `scrollable_parts_feedbackactionportlet` (
  `id` int(11) NOT NULL auto_increment,
  `title` varchar(100) NOT NULL default '',
  PRIMARY KEY  (`id`)
) ENGINE=MyISAM AUTO_INCREMENT=18 DEFAULT CHARSET=cp1251;

--
-- Dumping data for table `scrollable_parts_feedbackactionportlet`
--

LOCK TABLES `scrollable_parts_feedbackactionportlet` WRITE;
/*!40000 ALTER TABLE `scrollable_parts_feedbackactionportlet` DISABLE KEYS */;
INSERT INTO `scrollable_parts_feedbackactionportlet` VALUES (1,''),(2,''),(3,''),(4,''),(5,''),(6,''),(7,''),(8,''),(9,''),(11,''),(12,'');
/*!40000 ALTER TABLE `scrollable_parts_feedbackactionportlet` ENABLE KEYS */;
UNLOCK TABLES;

--
-- Table structure for table `scrollable_parts_scrollablecontainer`
--

DROP TABLE IF EXISTS `scrollable_parts_scrollablecontainer`;
CREATE TABLE `scrollable_parts_scrollablecontainer` (
  `basecontent_ptr_id` int(11) NOT NULL default '0',
  `items_per_page` smallint(6) NOT NULL default '0',
  PRIMARY KEY  (`basecontent_ptr_id`)
) ENGINE=MyISAM DEFAULT CHARSET=cp1251;

--
-- Dumping data for table `scrollable_parts_scrollablecontainer`
--

LOCK TABLES `scrollable_parts_scrollablecontainer` WRITE;
/*!40000 ALTER TABLE `scrollable_parts_scrollablecontainer` DISABLE KEYS */;
INSERT INTO `scrollable_parts_scrollablecontainer` VALUES (273,3),(267,3),(252,3),(250,3),(246,3),(233,3),(219,3),(215,3),(210,3),(205,3),(279,3);
/*!40000 ALTER TABLE `scrollable_parts_scrollablecontainer` ENABLE KEYS */;
UNLOCK TABLES;

--
-- Table structure for table `scrollable_parts_scrollablenavigatorportlet`
--

DROP TABLE IF EXISTS `scrollable_parts_scrollablenavigatorportlet`;
CREATE TABLE `scrollable_parts_scrollablenavigatorportlet` (
  `id` int(11) NOT NULL auto_increment,
  `title` varchar(100) NOT NULL default '',
  `limit` int(11) NOT NULL default '0',
  PRIMARY KEY  (`id`)
) ENGINE=MyISAM AUTO_INCREMENT=21 DEFAULT CHARSET=cp1251;

--
-- Dumping data for table `scrollable_parts_scrollablenavigatorportlet`
--

LOCK TABLES `scrollable_parts_scrollablenavigatorportlet` WRITE;
/*!40000 ALTER TABLE `scrollable_parts_scrollablenavigatorportlet` DISABLE KEYS */;
INSERT INTO `scrollable_parts_scrollablenavigatorportlet` VALUES (1,'Группы программ',5),(6,'',5),(4,'',100),(5,'',5),(7,'',5),(8,'',5),(9,'',5),(10,'',5),(11,'',5),(12,'',5),(13,'',5),(15,'',5),(16,'',5),(17,'',5),(18,'',5),(19,'',5),(20,'',5);
/*!40000 ALTER TABLE `scrollable_parts_scrollablenavigatorportlet` ENABLE KEYS */;
UNLOCK TABLES;

--
-- Table structure for table `scrollable_parts_scrollablepart`
--

DROP TABLE IF EXISTS `scrollable_parts_scrollablepart`;
CREATE TABLE `scrollable_parts_scrollablepart` (
  `basecontent_ptr_id` int(11) NOT NULL default '0',
  `short_text` longtext,
  `text` longtext NOT NULL,
  PRIMARY KEY  (`basecontent_ptr_id`)
) ENGINE=MyISAM DEFAULT CHARSET=cp1251;

--
-- Dumping data for table `scrollable_parts_scrollablepart`
--

LOCK TABLES `scrollable_parts_scrollablepart` WRITE;
/*!40000 ALTER TABLE `scrollable_parts_scrollablepart` DISABLE KEYS */;
INSERT INTO `scrollable_parts_scrollablepart` VALUES (255,'<p style=\"text-align: justify;\">Технологии,  используемые в&nbsp; песочной терапии многофункциональны. Они позволяют  одновременно решать задачи диагностики, коррекции, развития ребёнка и  терапии. Анализируя песочные картины, можно диагностировать наличие  внутренних конфликтов, детско-родительские отношения, можно узнать, как  ребенок преодолевает трудности. Что в свою очередь позволяет подобрать  программу индивидуальных занятий.</p>',''),(261,'<p style=\"text-align: justify;\">Будущие мамы с различным уровнем подготовки и на разных сроках беременности могут заниматься фитнесом: фитбол или йога. Нагрузка во время занятие идет щадящая. Занятие &nbsp;подойдет  тем беременным, кто избегает интенсивных нагрузок, но хочет поддерживать свое тело в форме.  Упражнения направлены на уменьшение боли в спине, улучшение кровообращения и общего самочувствия в целом.</p>\r\n<p style=\"text-align: justify;\">&nbsp;</p>','<p>Фитнес для беременных направлен на укрепление мышечного каркаса, оздоровление и подготовку организма мамы к родам. Программа занятий включает в себя как упражнения на растяжку и расслабление тела, так и комплексы для укрепления мышц, что поможет в дальнейшем организму мамы быстрее восстановиться после родов.  Специальные комплексы упражнений и дыхательных техник устраняют дискомфортные и болевые состояния, раскрывают таз, стабилизируют нервную систему и  улучшают настроение.</p>\r\n<p>&nbsp;</p>\r\n<p>Занятия проводятся в группах до 5 человек.</p>\r\n<p><br />Длительность занятия 1,5 часа с перерывом.</p>\r\n<p>&nbsp;</p>\r\n<p><img src=\"/media/uploads/DSC_0141.200x200.JPG\" alt=\"\" width=\"200\" height=\"132\" /><img src=\"/media/uploads/DSC_0176.200x200.JPG\" alt=\"\" width=\"200\" height=\"132\" /></p>\r\n<p>&nbsp;</p>\r\n<p>&nbsp;</p>\r\n<p>&nbsp;</p>'),(254,'<p>&nbsp;</p>\n<p style=\"text-align: justify;\">Арт-терапия&nbsp;  - психологический метод, позволяющий лучше понять себя, занимаясь  различными видами искусства.&nbsp; Рисование, лепка,&nbsp; музицирование,  театрализация&nbsp; помогают ребенку выражать свои чувства, минуя трудности  слов, на близком и понятном детям языке образов. Это способствует&nbsp;  развитию&nbsp; уверенности в себе, преодолению страхов, трудностей&nbsp; в  общении. Ребенок научается выражать свои негативные чувства &ndash; злость,  раздражение&nbsp; - в социально приемлемой форме. В процессе занятий  раскрывается его&nbsp; творческий&nbsp; потенциал.</p>',''),(253,'<p style=\"text-align: justify;\">Многие  взрослые испытывают трудности, когда им нужно сказать о проблемах. Еще  сложнее детям ограниченным в своих речевых возможностях. Дети очень  хотят быть услышанными, и о своих трудностях говорят языком своих  действий, своего поведения. Взрослым не всегда понятны эти &laquo;послания&raquo;.  На консультации семейного и детского психолога Вы можете обсудить все  интересующие вопросы, связанные с развитием ребенка.</p>',''),(251,'<p style=\"text-align: justify;\">Основы  физического и психологического здоровья ребенка закладываются в раннем  возрасте. Одним из эффективных средств всестороннего развития малыша  является массаж. Он укрепляет&nbsp; опорно-двигательный аппарат, повышает  тонус мышечной системы и подвижность связочного аппарата. В KidnessClub  вы можете научиться делать его самостоятельно под руководством  квалифицированного специалиста. Детям с различными нарушениями или  отклонениями в развитии курс массажа проводит врач.</p>',''),(247,'<p>Главный акцент курса &laquo;Искусство ожидания малыша&raquo; &nbsp;делается на  психологическую готовность будущей мамы &ndash; это понимание происходящих с  ней процессов и изменений, освоение навыков поведения при родах,  послеродовой уход за малышом. Приветствуется посещение курсов будущими  папами или близкими родственниками.</p>','<p class=\"MsoNormal\" style=\"text-align: justify;\"><span>Совместная  подготовка к рождению малыша благоприятно влияет на процесс рождения и  дальнейшее здоровье ребенка и мамы. Записаться на курсы можно на любом  сроке беременности. </span></p>\r\n<p class=\"MsoNormal\" style=\"text-align: center;\"><span>Программа курса включает в себя 8 занятий.</span></p>\r\n<p class=\"MsoNormal\" style=\"text-align: center;\"><span>Длительность занятий по 2,5 часа 2 раза в неделю &ndash; 1 месяц.</span></p>\r\n<h3 class=\"MsoNormal\" style=\"text-align: justify;\"><span>Описание занятия</span></h3>\r\n<p class=\"MsoNormal\" style=\"text-align: justify;\"><span>Каждое  занятие начинается с мини-лекции, после которой вы сможете обсудить и  задать вопросы по теме. Методические рекомендации, полученные в ходе  мини-лекции, позволят вам чувствовать себя увереннее, избавиться от  лишних, порой необоснованных, тревог и сомнений. Полученные знания также  положительно сказываются на психологической компетенции в вопросах  развития и воспитания детей. Способствуют адаптации будущих родителей к  их новому статусу. </span></p>\r\n<p class=\"MsoNormal\" style=\"text-align: justify;\"><span>&nbsp;</span></p>\r\n<p class=\"MsoNormal\" style=\"text-align: justify;\"><span>Затем, мягкая<span>&nbsp; </span>адаптационная гимнастика поможет вам подготовить свое тело<span>&nbsp; </span>к  родам и освоить родовые позы. С каждым посещением вы будете узнавать  все больше нужной и интересной информации. Вы получите навыки ухода за  ребенком (взятие на руки, пеленание и одевание, массаж, ношение в слинге  и другие тонкости материнства). </span></p>\r\n<p class=\"MsoNormal\" style=\"text-align: justify;\"><span>&nbsp;</span></p>\r\n<p class=\"MsoNormal\" style=\"text-align: justify;\"><span>Во  время занятий предусмотрен перерыв, который вы сможете провести в  уютном гостевом зале. Вы сможете отдохнуть и подкрепиться свежими  овощами и фруктами, выпить чашечку чая или минеральной воды. </span></p>\r\n<p class=\"MsoNormal\" style=\"text-align: justify;\"><span>&nbsp;</span></p>\r\n<p class=\"MsoNormal\" style=\"text-align: justify;\"><span>После того, как вы<span>&nbsp; </span>будете  готовы продолжать занятия, начнется самое интересное - Арт-Терапия.  Кратко можно сказать, что данная методика налаживает позитивные  эмоциональные связи в триаде &laquo;мама &ndash; папа &ndash; малыш&raquo;. Гармонизирует  отношения между супругами. Развивает у беременных женщин навыки  самосознания, осознание своего эмоционального состояния и его изменения. </span></p>\r\n<p class=\"MsoNormal\" style=\"text-align: justify;\"><span>&nbsp;</span></p>\r\n<p class=\"MsoNormal\" style=\"text-align: justify;\"><span>Завершением  занятия становиться личная беседа с тренером. На время курса &laquo;Baby  waiting art&raquo; он будет для вас надежным, квалифицированным помощником,  открытым для интересного общения с вами. </span></p>\r\n<p class=\"MsoNormal\" style=\"text-align: justify;\"><span>&nbsp;</span></p>\r\n<h3 style=\"text-align: justify;\"><span>Ваш тренер</span></h3>\r\n<p class=\"MsoNormal\" style=\"text-align: justify;\"><span>Елена Юрьевна Томша</span></p>\r\n<p class=\"MsoNormal\" style=\"text-align: justify;\"><span>Психолог, арт-терапевт. </span></p>\r\n<p class=\"MsoNormal\" style=\"text-align: justify;\"><span>Член Российской Ассоциации арт-терапевтов.</span></p>\r\n<p class=\"MsoNormal\" style=\"text-align: justify;\"><span>Опыт работы более 15 лет</span></p>\r\n<p class=\"MsoNormal\" style=\"text-align: justify;\"><span>Успешная мама двоих детей.</span></p>\r\n<p>&nbsp;</p>'),(260,'<p style=\"text-align: justify;\">Вы приняли решение, что роды должны быть партнерскими, т.е. во время родов Вам будет комфортнее, если рядом будет находиться близкий человек &ndash; муж, а может быть мама или подруга. В любом случае, помощник должен быть готов не только оказывать психологическую поддержку, что, безусловно, важно, но и пройти специальную подготовку, чтобы иметь возможность активно помогать Вам во время родов.</p>\r\n<p style=\"text-align: justify;\">&nbsp;</p>','<p style=\"text-align: justify;\"><br /> Данный  курс разработан&nbsp; специально для индивидуальных занятий с будущими  родителями.&nbsp; <br /><strong><br />На занятиях по подготовке к партнерским родам: </strong><br /><br /><br />&bull;	Мы расскажем  о предстоящем процессе родов, чтобы у вас  было представление о том, что происходит с мамой и малышом на каждом этапе родов, какие действия мамы способствуют благоприятному течению родового процесса, а также о том, как помощник сможет облегчить болевые ощущения во время схваток<br />&bull;	Вы на практике освоите виды дыхания в родах, родовые позы, а Ваш партнер &ndash; приемы обезболивающего массажа<br />&bull;	Одна из составляющих успешных родов &ndash; умение расслабляться. Мы научим Вас техникам релаксации, помощника &ndash; приемам расслабляющего массажа  <br />&bull;	Залог  успешных совместных родов &ndash; взаимопонимание партнеров, умение помощника чувствовать состояние будущей мамы, адекватно и чутко на него реагировать. Применяемые нами методы арт-терапии помогут вам позитивно настроиться  на предстоящие роды, гармонизировать отношения, научиться лучше понимать друг друга. <br /><br />Длительность курса &ndash; 4 занятия по 2 часа один или два раза в неделю.</p>\r\n<p style=\"text-align: justify;\">&nbsp;</p>\r\n<p><strong>Ваш тренер <br /></strong>Елена Юрьевна Томша<br />Психолог, арт-терапевт. <br />Член Российской Ассоциации арт-терапевтов.<br />Опыт работы более 15 лет<br />Успешная мама двоих детей.</p>'),(248,'<p style=\"text-align: justify;\">Во  время беременности будущая мама становиться более эмоциональной и  чуткой. У нее обостряется чувство прекрасного и она особенно тонко  начинает чувствовать свою связь с природой. Однако, зачастую&nbsp; ежедневные  бытовые заботы и суматоха окружающего мира блокируют сигналы организма.  Здесь-то как раз на помощь приходит арт-терапия.</p>','<p style=\"text-align: justify;\">Данный  курс помогает будущим мамам воссоединиться со своим внутренним  пространством, погрузиться в атмосферу прекрасного и отдаться стихии  материнства. Вы сможете настроиться на общение с будущим ребенком через  творчество. Это позволит вам нейтрализовать возможное эмоциональное  напряжение, достигнуть гармонизации своего внутреннего состояния.</p>\r\n<p style=\"text-align: justify;\">&nbsp;<br /><strong>Занимаясь арт-терапией  Вы сможете:</strong><br />&bull;	настроиться на общение с будущим ребенком через творчество ;<br />&bull;	визуализировать свои ощущения и чувства, лучше понять себя;<br />&bull;	увидеть и осознать свои страхи и тревоги, а значит &ndash;  освободиться от них;<br />&bull;	запечатлеть свои мечты и надежды в визуальных образах ;<br />&bull;	развивая свой творческий потенциал, заложить основы будущих способностей ребенка.</p>\r\n<p style=\"text-align: justify;\"><br /><br />Сам творческий процесс доставляет глубокую радость и маме, и малышу. Для того, чтобы заниматься арт-терапией, не требуется никаких специальных способностей или умений.  Беременная женщина имеет колоссальный творческий потенциал, который непременно реализуется, если будет создана особая атмосфера.</p>\r\n<p style=\"text-align: justify;\">Занятия проводятся в группах до 5 человек.</p>\r\n<p style=\"text-align: justify;\">&nbsp;</p>\r\n<p><strong>Ваш тренер</strong></p>\r\n<p><br />Елена Юрьевна Томша<br />Психолог, арт-терапевт. <br />Член Российской Ассоциации арт-терапевтов.<br />Опыт работы более 15 лет<br />Успешная мама двоих детей.</p>\r\n<p>&nbsp;</p>\r\n<p>&nbsp;</p>\r\n<p>&nbsp;</p>'),(249,'<p style=\"text-align: justify;\">Данный  курс разработан&nbsp; специально для индивидуальных занятий с будущими  мамами. Это обусловлено тем, что песочная терапия одна из наиболее  красивых, мягких по воздействию, и в тоже время, эффективных методик по  гармонизации психологического состояния, разрешению внутренних  конфликтов, развитию творческого потенциала.</p>','<p style=\"text-align: justify;\">Песочная  терапия обладает рядом совершенно особенных свойств в силу необычности  самого материала. Песок - природный материал, поэтому наполняет любого,  прикоснувшегося к нему, энергией, дает ощущение творца, положительно  влияет на эмоциональное состояние. Песок состоит из мельчайших песчинок,  работа с которыми активизирует чувствительные точки на кончиках  пальцев, что самым положительным образом сказывается на работе  внутренних систем организма.</p>\r\n<p style=\"text-align: justify;\">&nbsp;</p>\r\n<p style=\"text-align: justify;\"><strong>Описание занятия<br /></strong>Для  занятий&nbsp; используется водонепроницаемый ящик специальных размеров&nbsp; для  оптимального поля зрительного восприятия, его целиком можно охватить  взглядом. Внутренняя поверхность такой песочницы выкрашена в  сине-голубой цвет &ndash; символ бессознательного, бесконечности, продолжения.  На 2/3 объема она заполняется просеянным и прокаленным песком. Участник  занятий выбирает разнообразные фигурки (максимальная высота которых  всего&nbsp; 5 - 8 см). Все они составляют своеобразную коллекцию для песочной  терапии. Песок, вода и несколько&nbsp; маленьких фигурок людей, животных или  предметов способны помочь человеку раскрыться, выразить свои чувства и  эмоции, которые порой так трудно передать с помощью слов. Песочная  терапия способна помочь разобраться в себе, справится с волнением и  беспокойством. При этом терапевтические занятия дают ощущение  защищенности и полной свободы. Занятия проводит арт-терапевт.</p>\r\n<p style=\"text-align: justify;\">&nbsp;</p>\r\n<p style=\"text-align: justify;\"><strong>Занятия проводятся  индивидуально.</strong></p>\r\n<p>&nbsp;</p>\r\n<p><strong>Ваш тренер <br /></strong>Елена Юрьевна Томша<br />Психолог, арт-терапевт. <br />Член Российской Ассоциации арт-терапевтов.<br />Опыт работы более 15 лет<br />Успешная мама двоих детей.</p>'),(217,'<p style=\"text-align: justify;\">&nbsp;</p>\n<p style=\"text-align: justify;\">Занятия&nbsp;  направлены на активное развитие основных физических процессов &ndash;  ползания, ходьбы, бега, прыжков, а также координации и согласованности  действий. Выполнение несложных физических упражнений позволяет укрепить  здоровье малыша и привить любовь к спорту с самого раннего возраста.  Занятие по оздоровительной гимнастике проходит в паре с Smart Ыport  &laquo;Развивающие игры&raquo;.</p>\n<p style=\"text-align: justify;\">&nbsp;</p>',''),(218,'<p style=\"text-align: justify;\">Основы  физического и психологического здоровья ребенка закладываются в раннем  возрасте. Одним из эффективных средств всестороннего развития малыша  является массаж. Он укрепляет&nbsp; опорно-двигательный аппарат, повышает  тонус мышечной системы и подвижность связочного аппарата.</p>\n<p>&nbsp;</p>','<p style=\"text-align: justify;\">В  KidnessClub вы можете научиться делать его самостоятельно под  руководством квалифицированного специалиста. Детям с различными  нарушениями или отклонениями в развитии курс массажа проводит врач.  Занятие по массажу проходит в паре с занятием Smart sport.</p>'),(220,'<h2>Children Yoga (детская йога)</h2>\n<p style=\"text-align: justify;\"><br />Занятия йогой развивают гибкость, укрепляют опорно-двигательную и  иммунную системы, способствуют расслаблению, развивают концентрацию  внимания. Детская йога отлично влияет на растущий организм. Упражнения,  которые используются на занятиях детской йоги, адаптированы под возраст и  физические возможности ребенка.</p>','<p><img src=\"/media/uploads/DSC_0252.400x400.JPG\" alt=\"\" width=\"400\" height=\"265\" /><img src=\"/media/uploads/DSC_0265.400x400.JPG\" alt=\"\" width=\"400\" height=\"265\" /></p>'),(223,'<h2>Оздоровительная гимнастика</h2>\n<p>&nbsp;</p>\n<p style=\"text-align: justify;\">Занятия по оздоровительной гимнастике научат ребенка красиво  двигаться, сформируют правильную осанку. Комплекс упражнений состоит из  освоения простых гимнастических элементов, различных видов ходьбы и  бега.</p>',''),(224,'<p style=\"text-align: justify;\">Hip-Hop &ndash; это объединение многих танцевальных стилей и техник исполнения  танца.На занятиях используются элементы аэробики, что в свою очередь  тренирует сердечнососудистую и дыхательную системы. У ребенка улучшается  координация, вырабатывается чувство музыкального ритма, повышается  выносливость организма. Ребенок учится комбинировать танцевальные  движения и связывать их в полноценный танец. Сложные танцевальные  комбинации дети с гордостью демонстрируют сверстникам. Занятия Hip-Hop  проходят в паре с Flex.</p>',''),(281,'<h2 style=\"text-align: justify;\">Let\'s play (Подвижные игры)</h2>\n<p style=\"text-align: justify;\">Основное  содержание занятий составляют игры и упражнения направленные на  развитие социального поведения, формирование сплоченности. Игры способны  скорректировать повышенную тревожность, улучшить коммуникативные навыки  взаимодействия со сверстниками и взрослыми. Занятия проходят в паре с  Самбо, Дзюдо иди Solo-Duet.</p>',''),(277,'<p>Гимнастика имеет большое терапевтическое значение при условии ее  систематического выполнения. На занятиях используется комплекс  упражнений, включающий в себя различные виды ходьбы и бега, растяжку,  эстафеты и несложные игровые задания малой и средней активности. Это  способствует оздоровлению организма, развивает силу мышц, подвижность  суставов, формирует правильную осанку и походку.</p>',''),(229,'<p style=\"text-align: justify;\">Классический  танец &ndash; основа хореографии. Комплекс выполняемых упражнений разработан  для постановки корпуса, правильной осанки и красивого шага. Развитие  гибкости и устойчивости тела, пластичное владение руками делают  поведение и жесты ребенка грациозными и придают уверенность в себе.  Занятия Classic проходит вместе с Folk dance.</p>',''),(231,'<p style=\"text-align: justify;\">В  основе Дзюдо лежат два основных философских принципа: взаимная помощь  для достижения прогресса; наилучшее использование возможностей тела и  силы духа. Занятия по Дзюдо воспитывают в ребенке волевые качества,  дисциплину, поддерживают хорошую физическую форму. Занятия Дзюдо  проходят в паре с Let\'s play.</p>\n<p>&nbsp;</p>',''),(234,'<h2>Children yoga (детская йога)</h2>\n<p style=\"text-align: justify;\">Детская  йога - это система&nbsp; упражнений, способствующих всестороннему  гармоничному развитию ребенка и укрепляющих его здоровье. Занятия  позволяют больше узнать о себе и возможностях своего тела, научиться  управлять им. Комплекс сбалансированных упражнений направлен на  укрепление спины, брюшного пресса, тем самым формируя мышечный корсет.  Занятия являются профилактикой нарушений осанки.</p>',''),(236,'<p style=\"text-align: justify;\">В  основе Дзюдо лежат два основных философских принципа: взаимная помощь  для достижения прогресса; наилучшее использование возможностей тела и  силы духа. Занятия по Дзюдо воспитывают в ребенке волевые качества,  дисциплину, поддерживают хорошую физическую форму.</p>\n<p>&nbsp;</p>',''),(237,'<p style=\"text-align: justify;\">Hip-Hop &ndash; это объединение многих танцевальных стилей и техник исполнения  танца.На занятиях используются элементы аэробики, что в свою очередь  тренирует сердечнососудистую и дыхательную системы. У ребенка улучшается  координация, вырабатывается чувство музыкального ритма, повышается  выносливость организма. Ребенок учится комбинировать танцевальные  движения и связывать их в полноценный танец. Сложные танцевальные  комбинации дети с гордостью демонстрируют сверстникам.</p>',''),(238,'<p style=\"text-align: justify;\">Классический  танец &ndash; основа хореографии. Комплекс выполняемых упражнений разработан  для постановки корпуса, правильной осанки и красивого шага. Развитие  гибкости и устойчивости тела, пластичное владение руками делают  поведение и жесты ребенка грациозными и придают уверенность в себе.</p>',''),(240,'<h2>Оздоровительная гимнастика</h2>\n<p>&nbsp;</p>\n<p style=\"text-align: justify;\">Занятия по оздоровительной гимнастике научат ребенка красиво  двигаться, сформируют правильную осанку. Комплекс упражнений состоит из  освоения простых гимнастических элементов, различных видов ходьбы и  бега.</p>',''),(271,'<p>&nbsp;</p>\n<p style=\"text-align: justify;\">Первые  гимнастические упражнения &ndash; это важная составляющая гармоничного  физического развития ребенка. Простые упражнения принесут пользу малышу,  давая ему возможность использовать мышцы, которыми он учиться  управлять. В программу &laquo;Оздоровительная гимнастика&raquo; входят упражнения на  развитие ног и рук, гибкости и координации движения. Данные занятия  проходят совместно с программой&nbsp; Smart sport.</p>\n<p>&nbsp;</p>',''),(242,'<h2>Folk dance (танцы народов мира)</h2>\n<p style=\"text-align: justify;\">Folk  dance&nbsp; - это стилизация танцев, которые подарят вашему ребенку задор и  веселье. Занятия знакомят малыша с культурой разных народов, тем самым  расширяя его кругозор.&nbsp; Танцы &ndash; это&nbsp; поэтичность и образность мысли,  нашедшие свое отражение в подвижных и энергичных движениях. Пластика  хореографии позволяет ему перейти на новый уровень коммуникации и  приобщает к культуре.</p>',''),(216,'<h2 style=\"text-align: justify;\">Smart sport&nbsp;(Подвижные игры)</h2>\n<p style=\"text-align: justify;\">Занятие  Smart sport&nbsp; ориентировано на малышей от полутора лет. В этом возрасте  ребенку сложно объяснить, что полезно и нужно для его здоровья. Но зато  детям так нравится играть.</p>','<h2 style=\"text-align: justify;\">Smart sport&nbsp;(Подвижные игры)</h2>\n<p style=\"text-align: justify;\">Играя,&nbsp;  ребята выполняют различные упражнения, направленные на укрепление  опорно-двигательного аппарата, развитие ловкости, творческого мышления,  внимания и памяти.Тренер вместе с детьми проигрывает увлекательные  истории, придумывая персонажей и предлагая выполнить специальные задания  на различные виды физической активности. Используя мягкие модули,  перелезая, ползая и прыгая через искусственные препятствия, ребята  отправляются в сказочное путешествие. Каждая такая игра-тренировка  включает в себя и творческие задания. Дети занимаются&nbsp; рисованием,  аппликацией, лепкой.</p>\n<p style=\"text-align: justify;\">Занятие Smart sport&nbsp; проходит в паре с оздоровительной гимнастикой или массажем.</p>'),(208,'<p>В основе дзюдо лежат два основных философских принципа: взаимная помощь для достижения прогресса, наилучшее использование возможностей тела и силы духа. Занятия воспитывают в ребенке волевые качества, дисциплину, поддерживают хорошую физическую форму. Дзюдо для детей до 5 лет, проходят с элементами подвижных игр на внимание и координацию движений.</p>',''),(211,'<p>&nbsp;</p>\n<p style=\"text-align: justify;\">Занятия по программе First Steps рекомендованы детям до одного  года.&nbsp; В первой части занятия малыши при помощи мамы выполняют различные  физические упражнения с использованием фитнес-мячей, мягких кубиков  разных размеров и методических игр. Вторая часть состоит из элементов \"мягкой школы\" и обучения мам  детскому массажу.</p>\n<p>&nbsp;</p>','<p>Малышам особенно приятно прикосновения заботливых маминых рук.  Выполнение детского массажа требует специальных знаний, которые вы  можете получить у нас на занятиях. Занятия улучшают навыки  самостоятельного передвижения, способствуют координации движений у  малыша.</p>'),(212,'<h2>Smart sport (Развивающие игры)</h2>\n<p style=\"text-align: justify;\">Для  малышей постарше разработана программа Smart Sport. Ваш малыш научился  самостоятельно ходить или только сделал свои первые шаги, тогда самое  время подумать об укреплении мышц и суставов. В этом возрасте дети  понимают и могут выполнить простые задания взрослого. Это можно назвать  игрой. Для малышей игра знакомое и понятное слово, которое ассоциируется  с радостью и весельем.</p>','<p>Первая часть занятия проходит в игровой форме с использованием   фитнес-мячей, игр на развитие внимательности, узнаваемости и   запоминаемости предмета. Вторая часть - это оздоровительная гимнастика.</p>'),(213,'<p style=\"text-align: justify;\">Тактильный раздражитель, каким является массаж, в грудном возрасте представляет собой фактор особого значения: он оказывает существенное влияние на развитие положительных эмоций и голосовых реакций. Различные приемы массажа оказывают положительное воздействие на нервную систему: поглаживание, растирание и разминание успокаивают нервную систему, похлопывание и вибрация усиливают возбудительные процессы. В KidnessClub массаж делает врач лечебной физкультуры, детский массажист с многолетним опытом.</p>',''),(206,'<h2 style=\"text-align: justify;\">Kiddy Yoga (детская йога)</h2>\n<p style=\"text-align: justify;\">Йога -  это гармоничное развитие. На занятиях дети учатся чувствовать разницу  между активными действиями и отдыхом, расслаблением и быстротой реакции.  Осознавая свое тело, его возможности, ребенок становится более  уверенными в себе и своих силах. Благодаря занятиям йогой гиперактивные  дети становятся более спокойными, а малоподвижные &ndash; более шустрыми и  энергичными.</p>','<p><img src=\"/media/uploads/DSC_0252.400x400.JPG\" alt=\"\" width=\"400\" height=\"265\" /><img src=\"/media/uploads/DSC_0265.400x400.JPG\" alt=\"\" width=\"400\" height=\"265\" /></p>'),(207,'<h2>Smart Sport (развивающие игры)</h2>\n<p style=\"text-align: justify;\">Занятие  Smart Sport состоит из разнообразных&nbsp; заданий на различные виды  двигательной активности. Комплекс выполняемых&nbsp; упражнений способствует&nbsp;  развитию смекалки, мышления, ловкости и быстроты реакции. Групповые  занятия Smart Sport ориентированны на развитие коммуникативных навыков  ребенка и его социальную адаптацию.</p>','');
/*!40000 ALTER TABLE `scrollable_parts_scrollablepart` ENABLE KEYS */;
UNLOCK TABLES;

--
-- Table structure for table `tagging_tag`
--

DROP TABLE IF EXISTS `tagging_tag`;
CREATE TABLE `tagging_tag` (
  `id` int(11) NOT NULL auto_increment,
  `name` varchar(50) NOT NULL default '',
  PRIMARY KEY  (`id`),
  UNIQUE KEY `name` (`name`)
) ENGINE=MyISAM AUTO_INCREMENT=235 DEFAULT CHARSET=cp1251;

--
-- Dumping data for table `tagging_tag`
--

LOCK TABLES `tagging_tag` WRITE;
/*!40000 ALTER TABLE `tagging_tag` DISABLE KEYS */;
INSERT INTO `tagging_tag` VALUES (2,'память'),(52,'практические'),(51,'позы'),(50,'навыки'),(49,'компетентность'),(48,'дыхания'),(11,'Визуализация'),(12,'Позитивный'),(13,'расслабление'),(15,'настрой'),(16,'Снятие'),(17,'чувствительность'),(18,'энергия'),(19,'напряжения'),(20,'ссылки'),(22,'взрослый'),(24,'центр'),(25,'качество'),(26,'контроль'),(27,'любопытство'),(28,'дышите'),(29,'новое'),(30,'ждите'),(31,'психолог'),(33,'выходной'),(34,'танцуй'),(35,'команда'),(36,'играть'),(37,'качество1'),(38,'качество2'),(47,'гармонизация'),(53,'родовые'),(54,'техника'),(56,'раннее'),(209,'семинар'),(59,'гармоничное'),(229,'командность'),(63,'радость'),(220,'promo_uogamam'),(66,'костьсть'),(208,'для будущих родителей'),(69,'пение'),(70,'распевпание колыбельных'),(71,'рисование'),(72,'г армония'),(73,'гимнастика'),(74,'дыхательные упражнения'),(75,'подготовка к родам'),(76,'Позитивный настрой'),(77,'Снятие напряжения'),(78,'положительная энергия'),(224,'гибкость'),(225,'координация'),(83,'твоество'),(84,'тэг_здоровье'),(85,'тэг_взрослый'),(86,'тэг_центр'),(87,'тэг_качество'),(88,'контрольтэг_'),(89,'тэг_контроль'),(90,'тэг_любопытство'),(91,'тэг_дышите'),(92,'тэг_новое'),(93,'тэг_ждите'),(94,'тэг_психолог'),(95,'тэг_общение'),(96,'тэг_выходной'),(97,'тэг_танцуй'),(98,'тэг_команда'),(99,'тэг_играть'),(100,'тэг_друзья'),(207,'для беременных'),(227,'укрепление мышц и суставов'),(228,'гармоничное развитие'),(226,'исправление осанки'),(231,'общение'),(230,'творчество'),(117,'решение'),(118,'преодоление страхов'),(119,'диагностика'),(234,'здоровье'),(122,'укрепление'),(123,'стойкость'),(124,'танец'),(125,'эстетический вкус'),(232,'рост'),(127,'чувство ритма'),(128,'концентрация'),(129,'энергия движения'),(130,'сплоченность'),(131,'подвижность'),(132,'навыки массажа'),(133,'практические навыки'),(134,'родовые позы'),(135,'техника дыхания'),(136,'понимание'),(137,'решение проблем'),(138,'события'),(139,'мероприятия'),(140,'встречи'),(141,'vkontakte'),(143,'promo'),(144,'promo_sambo'),(168,'день'),(146,'распевание колыбельных'),(147,'promo_bukvoed_salon'),(167,'promo_massaj'),(151,'получение навыков массажа'),(221,'мягкая школа'),(154,'занятие'),(155,'малышами'),(156,'с'),(157,'promo_malishi'),(158,'mam'),(159,'promo_kyrsi'),(160,'promo_kyrsimam'),(161,'беременные'),(162,'пилатес'),(163,'фитнес для беременных'),(164,'promo_leto_zima'),(165,'promo_letovkidness'),(169,'детей'),(170,'защиты'),(171,'арт-терапия'),(172,'психологическая подготовка к родам'),(173,'зарядка'),(174,'спортивные занятия'),(175,'фитнес для детей'),(176,'promo_test'),(177,'лояльность'),(178,'персонал'),(179,'тренинги'),(180,'для'),(181,'занятия'),(188,'елка для школьников'),(183,'promo_dance'),(185,'promo_uoga'),(186,'promo_edinobors'),(192,'promo_skidka'),(189,'новый год'),(190,'организация нового года для детей'),(193,'энергияельная энергия'),(194,'развитиеное развитие'),(195,'video_pregnant'),(196,'promo_Fitness_do3let'),(197,'для мальчиков'),(200,'обезболивающий массаж'),(201,'фитнес'),(202,'хорошее самочувствие'),(233,'выносливость'),(218,'артистизм'),(219,'пластика'),(222,'растяжка'),(223,'гармоничное физическое развитие');
/*!40000 ALTER TABLE `tagging_tag` ENABLE KEYS */;
UNLOCK TABLES;

--
-- Table structure for table `tagging_taggeditem`
--

DROP TABLE IF EXISTS `tagging_taggeditem`;
CREATE TABLE `tagging_taggeditem` (
  `id` int(11) NOT NULL auto_increment,
  `tag_id` int(11) NOT NULL default '0',
  `content_type_id` int(11) NOT NULL default '0',
  `object_id` int(10) unsigned NOT NULL default '0',
  PRIMARY KEY  (`id`),
  UNIQUE KEY `tag_id` (`tag_id`,`content_type_id`,`object_id`),
  KEY `tagging_taggeditem_tag_id` (`tag_id`),
  KEY `tagging_taggeditem_content_type_id` (`content_type_id`),
  KEY `tagging_taggeditem_object_id` (`object_id`)
) ENGINE=MyISAM AUTO_INCREMENT=1554 DEFAULT CHARSET=cp1251;

--
-- Dumping data for table `tagging_taggeditem`
--

LOCK TABLES `tagging_taggeditem` WRITE;
/*!40000 ALTER TABLE `tagging_taggeditem` DISABLE KEYS */;
INSERT INTO `tagging_taggeditem` VALUES (958,163,18,170),(930,160,18,165),(962,172,17,170),(961,171,17,170),(1326,196,18,164),(960,172,18,170),(1327,196,17,164),(931,160,17,165),(21,11,49,6),(22,12,49,6),(24,13,49,6),(27,15,49,6),(28,11,17,6),(29,12,17,6),(31,13,17,6),(34,15,17,6),(35,12,49,7),(36,16,49,7),(38,17,49,7),(39,18,49,7),(40,19,49,7),(41,15,49,7),(42,12,17,7),(43,16,17,7),(45,17,17,7),(46,18,17,7),(47,19,17,7),(48,15,17,7),(934,163,18,167),(935,161,17,167),(484,86,18,42),(485,86,17,42),(483,85,17,17),(482,85,18,17),(1404,219,17,242),(1402,218,17,242),(787,128,49,141),(349,63,49,75),(784,74,17,140),(480,84,18,32),(481,84,17,32),(105,20,46,38),(106,20,17,38),(487,87,17,43),(486,87,18,43),(490,89,18,44),(491,89,17,44),(493,90,17,45),(492,90,18,45),(495,91,17,46),(494,91,18,46),(497,92,17,47),(496,92,18,47),(499,93,17,48),(498,93,18,48),(501,94,17,49),(500,94,18,49),(503,95,17,50),(502,95,18,50),(505,96,17,51),(504,96,18,51),(507,97,17,52),(506,97,18,52),(509,98,17,53),(508,98,18,53),(511,99,17,54),(510,99,18,54),(379,71,49,30),(886,146,49,30),(1006,183,17,162),(139,37,49,60),(140,38,49,60),(141,37,17,60),(142,38,17,60),(850,18,49,63),(849,17,49,63),(834,137,49,115),(782,74,49,140),(150,37,49,67),(151,38,49,67),(152,37,17,67),(153,38,17,67),(154,12,49,69),(155,16,49,69),(157,17,49,69),(158,18,49,69),(159,19,49,69),(160,15,49,69),(161,12,17,69),(162,16,17,69),(164,17,17,69),(165,18,17,69),(166,19,17,69),(167,15,17,69),(852,17,17,63),(718,119,17,136),(781,127,17,139),(778,127,49,139),(353,63,17,75),(361,47,49,76),(365,47,17,76),(983,77,17,77),(981,18,49,77),(980,77,49,77),(984,18,17,77),(982,76,17,77),(979,76,49,77),(1005,183,18,162),(887,146,17,30),(383,71,17,30),(385,73,49,29),(386,74,49,29),(387,75,49,29),(794,129,49,142),(389,73,17,29),(390,74,17,29),(391,75,17,29),(796,127,17,142),(797,129,17,142),(799,130,49,143),(902,151,49,24),(905,151,17,24),(1398,218,49,242),(933,162,18,167),(853,18,17,63),(800,129,49,143),(833,136,17,115),(832,136,49,115),(763,125,17,138),(760,125,49,138),(835,137,17,115),(711,118,17,116),(715,119,49,136),(708,118,49,116),(757,124,17,137),(932,161,18,167),(968,174,18,171),(937,163,17,167),(967,173,18,171),(793,127,49,142),(1526,223,49,271),(790,128,17,141),(1527,224,49,271),(754,124,49,137),(751,123,17,126),(748,123,49,126),(578,83,49,123),(581,83,17,123),(745,122,17,107),(1400,219,49,242),(596,100,18,125),(597,100,17,125),(743,122,49,107),(1528,225,49,271),(1529,223,17,271),(1539,228,17,281),(1538,230,49,281),(802,130,17,143),(803,129,17,143),(812,131,49,145),(815,131,17,145),(821,132,49,120),(823,132,17,120),(936,162,17,167),(956,161,18,170),(959,171,18,170),(969,175,18,171),(970,173,17,171),(868,141,18,158),(869,141,17,158),(949,167,17,169),(948,167,18,169),(1031,174,17,172),(1030,173,17,172),(971,174,17,171),(972,175,17,171),(973,173,18,172),(974,174,18,172),(975,175,18,172),(1015,186,18,178),(1016,186,17,178),(1012,185,18,177),(1013,185,17,177),(1033,167,17,146),(1407,220,17,193),(1032,175,17,172),(1028,161,17,170),(1029,163,17,170),(1406,220,18,193),(1341,135,49,260),(1340,134,49,260),(1530,224,17,271),(1089,63,49,216),(1093,63,17,216),(1097,47,49,217),(1531,225,17,271),(1101,47,17,217),(1447,18,17,218),(1446,77,17,218),(1445,76,17,218),(1444,18,49,218),(1443,77,49,218),(1442,76,49,218),(1553,234,17,217),(1552,224,17,217),(1532,226,49,277),(1551,233,17,217),(1479,223,17,277),(1550,234,49,217),(1549,224,49,217),(1548,233,49,217),(1547,230,17,216),(1546,232,17,216),(1537,229,49,281),(1536,228,49,281),(1201,194,49,234),(1203,122,49,234),(1205,194,17,234),(1207,122,17,234),(1535,227,17,277),(1545,231,17,216),(1544,230,49,216),(1543,232,49,216),(1476,223,49,277),(1533,227,49,277),(1246,73,49,247),(1247,74,49,247),(1248,75,49,247),(1249,73,17,247),(1250,74,17,247),(1251,75,17,247),(1253,146,49,248),(1254,71,49,248),(1256,146,17,248),(1257,71,17,248),(1259,17,49,249),(1260,18,49,249),(1262,17,17,249),(1263,18,17,249),(1265,132,49,251),(1267,132,17,251),(1269,136,49,253),(1270,137,49,253),(1272,136,17,253),(1273,137,17,253),(1274,118,49,254),(1276,118,17,254),(1279,119,49,255),(1281,119,17,255),(1435,221,17,211),(1434,221,49,211),(1542,231,49,216),(1541,230,17,281),(1540,229,17,281),(1534,226,17,277),(1323,195,17,257),(1322,195,18,257),(1339,200,49,260),(1342,200,17,260),(1343,134,17,260),(1344,135,17,260),(1349,201,49,261),(1348,13,49,261),(1347,135,49,261),(1350,202,49,261),(1351,13,17,261),(1352,201,17,261),(1353,202,17,261);
/*!40000 ALTER TABLE `tagging_taggeditem` ENABLE KEYS */;
UNLOCK TABLES;

--
-- Table structure for table `workflows_state`
--

DROP TABLE IF EXISTS `workflows_state`;
CREATE TABLE `workflows_state` (
  `id` int(11) NOT NULL auto_increment,
  `name` varchar(100) NOT NULL default '',
  `workflow_id` int(11) NOT NULL default '0',
  PRIMARY KEY  (`id`),
  KEY `workflows_state_workflow_id` (`workflow_id`)
) ENGINE=MyISAM AUTO_INCREMENT=6 DEFAULT CHARSET=cp1251;

--
-- Dumping data for table `workflows_state`
--

LOCK TABLES `workflows_state` WRITE;
/*!40000 ALTER TABLE `workflows_state` DISABLE KEYS */;
INSERT INTO `workflows_state` VALUES (1,'Private',1),(2,'Public',1),(3,'Private',2),(4,'Submitted',2),(5,'Public',2);
/*!40000 ALTER TABLE `workflows_state` ENABLE KEYS */;
UNLOCK TABLES;

--
-- Table structure for table `workflows_state_transitions`
--

DROP TABLE IF EXISTS `workflows_state_transitions`;
CREATE TABLE `workflows_state_transitions` (
  `id` int(11) NOT NULL auto_increment,
  `state_id` int(11) NOT NULL default '0',
  `transition_id` int(11) NOT NULL default '0',
  PRIMARY KEY  (`id`),
  UNIQUE KEY `state_id` (`state_id`,`transition_id`),
  KEY `transition_id_refs_id_5ee9988d` (`transition_id`)
) ENGINE=MyISAM AUTO_INCREMENT=8 DEFAULT CHARSET=cp1251;

--
-- Dumping data for table `workflows_state_transitions`
--

LOCK TABLES `workflows_state_transitions` WRITE;
/*!40000 ALTER TABLE `workflows_state_transitions` DISABLE KEYS */;
INSERT INTO `workflows_state_transitions` VALUES (1,1,1),(2,2,2),(3,3,3),(4,3,4),(5,4,4),(6,4,6),(7,5,5);
/*!40000 ALTER TABLE `workflows_state_transitions` ENABLE KEYS */;
UNLOCK TABLES;

--
-- Table structure for table `workflows_stateinheritanceblock`
--

DROP TABLE IF EXISTS `workflows_stateinheritanceblock`;
CREATE TABLE `workflows_stateinheritanceblock` (
  `id` int(11) NOT NULL auto_increment,
  `state_id` int(11) NOT NULL default '0',
  `permission_id` int(11) NOT NULL default '0',
  PRIMARY KEY  (`id`),
  KEY `workflows_stateinheritanceblock_state_id` (`state_id`),
  KEY `workflows_stateinheritanceblock_permission_id` (`permission_id`)
) ENGINE=MyISAM AUTO_INCREMENT=20 DEFAULT CHARSET=cp1251;

--
-- Dumping data for table `workflows_stateinheritanceblock`
--

LOCK TABLES `workflows_stateinheritanceblock` WRITE;
/*!40000 ALTER TABLE `workflows_stateinheritanceblock` DISABLE KEYS */;
INSERT INTO `workflows_stateinheritanceblock` VALUES (1,1,1),(2,1,2),(3,1,3),(4,1,4),(5,2,1),(6,2,2),(7,2,3),(8,2,4),(9,3,1),(10,3,2),(11,3,3),(12,3,4),(13,4,1),(14,4,2),(15,4,3),(16,4,4),(17,5,1),(18,5,2),(19,5,3);
/*!40000 ALTER TABLE `workflows_stateinheritanceblock` ENABLE KEYS */;
UNLOCK TABLES;

--
-- Table structure for table `workflows_stateobjectrelation`
--

DROP TABLE IF EXISTS `workflows_stateobjectrelation`;
CREATE TABLE `workflows_stateobjectrelation` (
  `id` int(11) NOT NULL auto_increment,
  `content_type_id` int(11) default NULL,
  `content_id` int(10) unsigned default NULL,
  `state_id` int(11) NOT NULL default '0',
  PRIMARY KEY  (`id`),
  UNIQUE KEY `content_type_id` (`content_type_id`,`content_id`,`state_id`),
  KEY `workflows_stateobjectrelation_content_type_id` (`content_type_id`),
  KEY `workflows_stateobjectrelation_state_id` (`state_id`)
) ENGINE=MyISAM AUTO_INCREMENT=119 DEFAULT CHARSET=cp1251;

--
-- Dumping data for table `workflows_stateobjectrelation`
--

LOCK TABLES `workflows_stateobjectrelation` WRITE;
/*!40000 ALTER TABLE `workflows_stateobjectrelation` DISABLE KEYS */;
INSERT INTO `workflows_stateobjectrelation` VALUES (2,18,2,5),(66,18,153,5),(4,18,12,5),(18,18,42,3),(6,18,17,3),(7,18,18,5),(8,18,19,5),(9,18,27,5),(10,18,31,3),(11,18,32,3),(12,18,33,5),(13,18,34,5),(20,18,44,3),(19,18,43,3),(16,18,40,3),(17,18,41,3),(21,18,45,3),(22,18,46,3),(23,18,47,3),(24,18,48,3),(25,18,49,3),(26,18,50,3),(27,18,51,3),(28,18,52,3),(29,18,53,3),(30,18,54,3),(31,18,55,5),(32,18,56,5),(33,18,57,5),(40,18,73,5),(38,18,70,5),(39,18,71,5),(41,18,79,5),(47,18,96,5),(48,18,97,5),(44,18,88,5),(61,18,146,5),(49,18,98,5),(50,18,99,5),(51,18,100,5),(63,18,151,5),(64,18,152,5),(54,18,103,5),(55,18,104,5),(56,18,105,5),(57,18,109,5),(58,18,113,5),(60,18,125,3),(67,18,154,5),(68,18,155,5),(69,18,156,5),(72,18,157,5),(73,18,158,5),(97,18,189,3),(85,18,170,3),(77,18,162,5),(84,18,169,5),(79,18,164,5),(80,18,165,5),(81,18,166,5),(82,18,167,5),(86,18,171,3),(87,18,172,3),(91,18,178,5),(90,18,177,5),(92,18,181,5),(93,18,182,3),(99,18,192,5),(100,18,193,5),(101,18,194,5),(102,18,195,5),(103,18,196,5),(104,18,197,5),(105,18,198,5),(106,18,199,5),(107,18,200,5),(108,18,256,3),(109,18,257,3),(110,18,258,5),(111,18,259,3),(114,18,265,3),(115,18,266,3),(116,18,272,3),(117,18,278,3);
/*!40000 ALTER TABLE `workflows_stateobjectrelation` ENABLE KEYS */;
UNLOCK TABLES;

--
-- Table structure for table `workflows_statepermissionrelation`
--

DROP TABLE IF EXISTS `workflows_statepermissionrelation`;
CREATE TABLE `workflows_statepermissionrelation` (
  `id` int(11) NOT NULL auto_increment,
  `state_id` int(11) NOT NULL default '0',
  `permission_id` int(11) NOT NULL default '0',
  `role_id` int(11) NOT NULL default '0',
  PRIMARY KEY  (`id`),
  KEY `workflows_statepermissionrelation_state_id` (`state_id`),
  KEY `workflows_statepermissionrelation_permission_id` (`permission_id`),
  KEY `workflows_statepermissionrelation_role_id` (`role_id`)
) ENGINE=MyISAM AUTO_INCREMENT=54 DEFAULT CHARSET=cp1251;

--
-- Dumping data for table `workflows_statepermissionrelation`
--

LOCK TABLES `workflows_statepermissionrelation` WRITE;
/*!40000 ALTER TABLE `workflows_statepermissionrelation` DISABLE KEYS */;
INSERT INTO `workflows_statepermissionrelation` VALUES (1,1,1,2),(2,1,2,2),(3,1,3,2),(4,1,4,2),(5,1,1,6),(6,1,2,6),(7,1,3,6),(8,1,4,6),(9,2,4,1),(10,2,4,3),(11,2,4,4),(12,2,4,5),(13,2,1,2),(14,2,2,2),(15,2,3,2),(16,2,4,2),(17,2,1,6),(18,2,2,6),(19,2,3,6),(20,2,4,6),(21,3,1,2),(22,3,2,2),(23,3,3,2),(24,3,4,2),(25,3,1,6),(26,3,2,6),(27,3,3,6),(28,3,4,6),(29,3,1,3),(30,3,2,3),(31,3,3,3),(32,3,4,3),(33,4,4,2),(34,4,1,6),(35,4,2,6),(36,4,3,6),(37,4,4,6),(38,4,1,3),(39,4,2,3),(40,4,3,3),(41,4,4,3),(42,4,4,5),(43,5,1,6),(44,5,2,6),(45,5,3,6),(46,5,4,6),(47,5,1,3),(48,5,2,3),(49,5,3,3),(50,5,4,3),(51,5,4,2),(52,5,4,4),(53,5,4,5);
/*!40000 ALTER TABLE `workflows_statepermissionrelation` ENABLE KEYS */;
UNLOCK TABLES;

--
-- Table structure for table `workflows_transition`
--

DROP TABLE IF EXISTS `workflows_transition`;
CREATE TABLE `workflows_transition` (
  `id` int(11) NOT NULL auto_increment,
  `name` varchar(100) NOT NULL default '',
  `workflow_id` int(11) NOT NULL default '0',
  `destination_id` int(11) default NULL,
  `condition` varchar(100) NOT NULL default '',
  `permission_id` int(11) default NULL,
  PRIMARY KEY  (`id`),
  KEY `workflows_transition_workflow_id` (`workflow_id`),
  KEY `workflows_transition_destination_id` (`destination_id`),
  KEY `workflows_transition_permission_id` (`permission_id`)
) ENGINE=MyISAM AUTO_INCREMENT=7 DEFAULT CHARSET=cp1251;

--
-- Dumping data for table `workflows_transition`
--

LOCK TABLES `workflows_transition` WRITE;
/*!40000 ALTER TABLE `workflows_transition` DISABLE KEYS */;
INSERT INTO `workflows_transition` VALUES (1,'Make public',1,2,'',NULL),(2,'Make private',1,1,'',NULL),(3,'Submit',2,4,'',7),(4,'Make public',2,5,'',6),(5,'Make private',2,3,'',3),(6,'Reject',2,3,'',8);
/*!40000 ALTER TABLE `workflows_transition` ENABLE KEYS */;
UNLOCK TABLES;

--
-- Table structure for table `workflows_workflow`
--

DROP TABLE IF EXISTS `workflows_workflow`;
CREATE TABLE `workflows_workflow` (
  `id` int(11) NOT NULL auto_increment,
  `name` varchar(100) NOT NULL default '',
  `initial_state_id` int(11) default NULL,
  PRIMARY KEY  (`id`),
  UNIQUE KEY `name` (`name`),
  KEY `workflows_workflow_initial_state_id` (`initial_state_id`)
) ENGINE=MyISAM AUTO_INCREMENT=3 DEFAULT CHARSET=cp1251;

--
-- Dumping data for table `workflows_workflow`
--

LOCK TABLES `workflows_workflow` WRITE;
/*!40000 ALTER TABLE `workflows_workflow` DISABLE KEYS */;
INSERT INTO `workflows_workflow` VALUES (1,'Simple',1),(2,'Portal',3);
/*!40000 ALTER TABLE `workflows_workflow` ENABLE KEYS */;
UNLOCK TABLES;

--
-- Table structure for table `workflows_workflowmodelrelation`
--

DROP TABLE IF EXISTS `workflows_workflowmodelrelation`;
CREATE TABLE `workflows_workflowmodelrelation` (
  `id` int(11) NOT NULL auto_increment,
  `content_type_id` int(11) NOT NULL default '0',
  `workflow_id` int(11) NOT NULL default '0',
  PRIMARY KEY  (`id`),
  UNIQUE KEY `content_type_id` (`content_type_id`),
  KEY `workflows_workflowmodelrelation_workflow_id` (`workflow_id`)
) ENGINE=MyISAM AUTO_INCREMENT=2 DEFAULT CHARSET=cp1251;

--
-- Dumping data for table `workflows_workflowmodelrelation`
--

LOCK TABLES `workflows_workflowmodelrelation` WRITE;
/*!40000 ALTER TABLE `workflows_workflowmodelrelation` DISABLE KEYS */;
INSERT INTO `workflows_workflowmodelrelation` VALUES (1,18,2);
/*!40000 ALTER TABLE `workflows_workflowmodelrelation` ENABLE KEYS */;
UNLOCK TABLES;

--
-- Table structure for table `workflows_workflowobjectrelation`
--

DROP TABLE IF EXISTS `workflows_workflowobjectrelation`;
CREATE TABLE `workflows_workflowobjectrelation` (
  `id` int(11) NOT NULL auto_increment,
  `content_type_id` int(11) default NULL,
  `content_id` int(10) unsigned default NULL,
  `workflow_id` int(11) NOT NULL default '0',
  PRIMARY KEY  (`id`),
  UNIQUE KEY `content_type_id` (`content_type_id`,`content_id`),
  KEY `workflows_workflowobjectrelation_content_type_id` (`content_type_id`),
  KEY `workflows_workflowobjectrelation_workflow_id` (`workflow_id`)
) ENGINE=MyISAM DEFAULT CHARSET=cp1251;

--
-- Dumping data for table `workflows_workflowobjectrelation`
--

LOCK TABLES `workflows_workflowobjectrelation` WRITE;
/*!40000 ALTER TABLE `workflows_workflowobjectrelation` DISABLE KEYS */;
/*!40000 ALTER TABLE `workflows_workflowobjectrelation` ENABLE KEYS */;
UNLOCK TABLES;

--
-- Table structure for table `workflows_workflowpermissionrelation`
--

DROP TABLE IF EXISTS `workflows_workflowpermissionrelation`;
CREATE TABLE `workflows_workflowpermissionrelation` (
  `id` int(11) NOT NULL auto_increment,
  `workflow_id` int(11) NOT NULL default '0',
  `permission_id` int(11) NOT NULL default '0',
  PRIMARY KEY  (`id`),
  UNIQUE KEY `workflow_id` (`workflow_id`,`permission_id`),
  KEY `workflows_workflowpermissionrelation_workflow_id` (`workflow_id`),
  KEY `workflows_workflowpermissionrelation_permission_id` (`permission_id`)
) ENGINE=MyISAM AUTO_INCREMENT=9 DEFAULT CHARSET=cp1251;

--
-- Dumping data for table `workflows_workflowpermissionrelation`
--

LOCK TABLES `workflows_workflowpermissionrelation` WRITE;
/*!40000 ALTER TABLE `workflows_workflowpermissionrelation` DISABLE KEYS */;
INSERT INTO `workflows_workflowpermissionrelation` VALUES (1,1,1),(2,1,2),(3,1,3),(4,1,4),(5,2,1),(6,2,2),(7,2,3),(8,2,4);
/*!40000 ALTER TABLE `workflows_workflowpermissionrelation` ENABLE KEYS */;
UNLOCK TABLES;
/*!40103 SET TIME_ZONE=@OLD_TIME_ZONE */;

/*!40101 SET SQL_MODE=@OLD_SQL_MODE */;
/*!40014 SET FOREIGN_KEY_CHECKS=@OLD_FOREIGN_KEY_CHECKS */;
/*!40014 SET UNIQUE_CHECKS=@OLD_UNIQUE_CHECKS */;
/*!40101 SET CHARACTER_SET_CLIENT=@OLD_CHARACTER_SET_CLIENT */;
/*!40101 SET CHARACTER_SET_RESULTS=@OLD_CHARACTER_SET_RESULTS */;
/*!40101 SET COLLATION_CONNECTION=@OLD_COLLATION_CONNECTION */;
/*!40111 SET SQL_NOTES=@OLD_SQL_NOTES */;

-- Dump completed on 2012-03-01 20:12:30
